Z_slice,neuron_id,GlyT2_synapse_count,Gephyrin_synapse_count
1,1,0,0
1,2,0,0
1,3,0,0
2,1,0,0
2,2,0,0
2,3,0,0
3,1,0,0
3,2,0,5
3,3,0,9
3,4,0,0
4,1,0,3
5,1,0,0
5,2,0,0
5,3,0,0
6,1,0,0
6,2,0,0
6,3,0,0
7,1,0,0
8,1,0,0
9,1,0,0
10,1,0,0
11,1,6,8
11,2,0,0
12,1,0,0
12,2,5,7
12,3,2,28
12,4,0,0
12,5,0,0
13,1,5,10
13,2,0,0
13,3,0,0
13,4,0,0
13,5,0,7
13,6,0,0
14,1,12,15
14,2,3,20
14,3,0,0
14,4,0,13
14,5,0,0
15,1,6,15
15,2,0,0
15,3,0,10
15,4,0,0
15,5,0,0
16,1,4,9
16,2,0,9
16,3,0,0
16,4,0,0
17,1,0,0
17,2,15,53
17,3,4,9
17,4,0,0
17,5,0,0
17,6,0,9
17,7,0,0
18,1,0,0
18,2,17,52
18,3,6,8
18,4,0,8
18,5,0,0
18,6,0,0
19,1,17,48
19,2,0,0
19,3,7,1
19,4,0,19
19,5,0,0
19,6,0,0
19,7,0,0
19,8,0,0
19,9,0,0
20,1,0,0
20,2,19,40
20,3,0,0
20,4,0,0
21,1,1,0
21,2,0,0
21,3,0,0
21,4,0,0
21,5,0,0
21,6,0,0
21,7,0,0
22,1,0,0
22,2,1,0
22,3,23,12
22,4,0,0
22,5,0,0
22,6,0,0
22,7,0,0
22,8,0,0
22,9,0,0
23,1,10,0
23,2,0,0
23,3,23,6
23,4,0,0
23,5,0,0
23,6,0,0
23,7,0,0
23,8,0,0
23,9,0,0
24,1,14,0
24,2,13,0
24,3,0,0
24,4,0,0
24,5,25,3
24,6,0,0
24,7,0,0
24,8,0,0
24,9,0,0
24,10,0,0
25,1,7,24
25,2,17,11
25,3,26,1
25,4,6,62
25,5,62,22
25,6,0,0
25,7,0,0
25,8,27,5
25,9,21,4
25,10,2,7
25,11,0,0
26,1,15,13
26,2,18,10
26,3,0,0
26,4,16,11
26,5,4,0
26,6,97,28
26,7,11,58
26,8,0,0
26,9,11,3
26,10,31,6
26,11,0,5
26,12,0,0
26,13,0,0
26,14,0,0
27,1,44,17
27,2,26,7
27,3,0,0
27,4,65,21
27,5,54,9
27,6,19,59
27,7,0,0
27,8,0,0
27,9,10,4
27,10,0,0
27,11,0,0
28,1,16,0
28,2,81,19
28,3,42,6
28,4,104,41
28,5,15,77
28,6,8,1
28,7,0,0
28,8,0,0
29,1,21,0
29,2,30,24
29,3,0,0
29,4,91,21
29,5,52,4
29,6,0,0
29,7,61,6
29,8,23,18
29,9,60,8
29,10,71,21
29,11,35,6
29,12,7,78
29,13,47,5
29,14,7,7
29,15,0,0
29,16,5,5
29,17,0,0
29,18,0,0
29,19,0,0
29,20,0,0
30,1,26,3
30,2,58,21
30,3,0,0
30,4,122,19
30,5,28,31
30,6,0,0
30,7,45,9
30,8,32,27
30,9,87,20
30,10,68,15
30,11,46,7
30,12,61,10
30,13,9,11
30,14,0,0
30,15,0,0
30,16,0,0
30,17,0,0
30,18,0,0
30,19,0,0
30,20,0,0
31,1,7,7
31,2,28,11
31,3,27,98
31,4,71,14
31,5,0,0
31,6,120,22
31,7,23,9
31,8,13,25
31,9,42,5
31,10,13,55
31,11,0,0
31,12,0,0
31,13,50,17
31,14,43,19
31,15,41,23
31,16,100,13
31,17,74,14
31,18,0,0
31,19,0,0
31,20,0,0
31,21,0,0
32,1,25,24
32,2,0,0
32,3,62,87
32,4,88,8
32,5,23,21
32,6,95,25
32,7,47,52
32,8,0,0
32,9,0,0
32,10,0,0
32,11,185,54
32,12,0,0
32,13,0,0
32,14,0,0
32,15,0,0
33,1,7,1
33,2,17,0
33,3,95,85
33,4,113,33
33,5,182,31
33,6,0,0
33,7,109,47
33,8,0,0
33,9,0,0
33,10,0,0
33,11,0,0
33,12,0,0
33,13,0,0
34,1,1,0
34,2,2,0
34,3,10,34
34,4,15,0
34,5,23,37
34,6,46,68
34,7,82,13
34,8,74,38
34,9,139,36
34,10,78,89
34,11,0,0
34,12,149,30
34,13,0,0
34,14,0,0
34,15,0,0
34,16,0,0
34,17,0,0
34,18,0,0
34,19,0,0
35,1,2,11
35,2,27,51
35,3,134,69
35,4,119,51
35,5,126,42
35,6,161,37
35,7,0,0
35,8,0,0
35,9,0,0
35,10,0,0
35,11,0,0
35,12,0,0
35,13,0,0
35,14,0,0
35,15,0,0
35,16,0,0
35,17,0,0
36,1,1,14
36,2,95,17
36,3,170,56
36,4,125,38
36,5,153,26
36,6,43,9
36,7,113,56
36,8,0,0
36,9,0,0
36,10,0,0
36,11,0,0
36,12,0,0
37,1,6,13
37,2,22,70
37,3,212,62
37,4,0,0
37,5,132,18
37,6,60,91
37,7,143,40
37,8,0,0
37,9,0,0
38,1,12,17
38,2,18,92
38,3,120,70
38,4,188,52
38,5,132,17
38,6,56,78
38,7,0,0
38,8,0,0
38,9,0,0
38,10,0,0
38,11,0,0
38,12,0,0
39,1,18,19
39,2,20,83
39,3,0,0
39,4,98,8
39,5,85,34
39,6,0,0
39,7,0,0
39,8,0,0
40,1,8,16
40,2,132,16
40,3,153,75
40,4,15,86
40,5,0,0
40,6,87,4
40,7,32,3
40,8,0,0
40,9,167,19
40,10,0,0
40,11,0,0
40,12,0,0
40,13,0,0
41,1,34,16
41,2,163,75
41,3,17,79
41,4,0,0
41,5,0,0
41,6,87,10
41,7,81,9
41,8,0,0
41,9,0,0
41,10,0,0
41,11,99,54
41,12,0,0
41,13,0,0
41,14,0,0
41,15,0,0
41,16,0,0
41,17,0,0
41,18,0,0
41,19,0,0
41,20,0,0
42,1,145,76
42,2,17,80
42,3,87,13
42,4,62,13
42,5,76,10
42,6,101,6
42,7,0,0
42,8,62,19
42,9,79,40
42,10,0,0
42,11,0,0
42,12,0,0
42,13,0,0
42,14,0,0
42,15,0,0
42,16,0,0
42,17,0,0
43,1,147,69
43,2,22,78
43,3,122,21
43,4,79,28
43,5,0,0
43,6,157,29
43,7,99,43
43,8,0,0
43,9,0,0
43,10,0,0
44,1,0,0
44,2,127,83
44,3,17,79
44,4,0,0
44,5,106,15
44,6,84,26
44,7,161,18
44,8,0,0
44,9,59,26
44,10,0,0
44,11,96,41
44,12,0,0
44,13,0,0
44,14,0,0
44,15,0,0
45,1,0,0
45,2,0,0
45,3,90,20
45,4,102,14
45,5,0,0
45,6,165,24
45,7,54,28
45,8,110,41
45,9,69,15
45,10,0,0
45,11,0,0
45,12,0,0
45,13,0,0
45,14,0,0
45,15,0,0
45,16,0,0
46,1,65,43
46,2,0,0
46,3,65,20
46,4,100,22
46,5,109,30
46,6,174,38
46,7,131,46
46,8,0,0
46,9,0,0
46,10,0,0
46,11,0,0
47,1,25,7
47,2,52,52
47,3,0,0
47,4,0,0
47,5,0,0
47,6,65,21
47,7,43,13
47,8,117,21
47,9,18,2
47,10,0,0
47,11,140,34
47,12,0,0
47,13,0,0
47,14,153,43
47,15,0,0
47,16,0,0
47,17,0,0
47,18,0,0
47,19,0,0
47,20,0,0
47,21,0,0
48,1,1,0
48,2,102,8
48,3,34,72
48,4,0,0
48,5,105,38
48,6,0,0
48,7,85,67
48,8,74,12
48,9,62,32
48,10,24,6
48,11,0,0
48,12,0,0
48,13,107,19
48,14,3,0
48,15,79,46
48,16,0,0
48,17,115,42
48,18,136,43
48,19,0,0
48,20,0,0
48,21,0,0
48,22,0,0
48,23,0,0
48,24,0,0
49,1,0,0
49,2,0,0
49,3,0,0
49,4,0,0
49,5,40,23
49,6,56,35
49,7,163,15
49,8,147,45
49,9,0,0
49,10,77,54
49,11,0,0
49,12,0,0
49,13,0,0
49,14,0,0
49,15,0,0
50,1,75,14
50,2,127,36
50,3,0,0
50,4,0,0
50,5,0,0
50,6,0,0
50,7,66,40
50,8,37,8
50,9,86,20
50,10,58,27
50,11,0,0
50,12,0,0
50,13,0,0
50,14,0,0
51,1,12,10
51,2,39,2
51,3,11,8
51,4,81,7
51,5,155,31
51,6,0,0
51,7,100,46
51,8,104,46
51,9,0,0
51,10,177,46
51,11,116,16
51,12,0,0
51,13,20,0
51,14,39,7
51,15,51,18
51,16,0,0
51,17,0,0
51,18,0,0
51,19,0,0
51,20,0,0
51,21,0,0
52,1,113,11
52,2,0,0
52,3,0,0
52,4,101,64
52,5,37,21
52,6,38,17
52,7,0,0
52,8,123,19
52,9,0,0
52,10,0,0
52,11,16,0
52,12,80,37
52,13,0,0
52,14,0,0
52,15,0,0
52,16,0,0
52,17,0,0
53,1,16,5
53,2,0,0
53,3,24,45
53,4,78,5
53,5,90,28
53,6,18,43
53,7,0,0
53,8,149,85
53,9,61,26
53,10,0,0
53,11,131,19
53,12,43,9
53,13,0,0
53,14,0,0
53,15,0,0
53,16,0,0
53,17,0,0
53,18,0,0
54,1,52,3
54,2,18,4
54,3,45,48
54,4,0,0
54,5,82,39
54,6,100,19
54,7,0,0
54,8,122,15
54,9,0,0
54,10,0,0
54,11,44,6
54,12,0,0
54,13,0,0
54,14,0,0
54,15,0,0
54,16,0,0
54,17,0,0
54,18,30,46
54,19,0,0
54,20,0,0
54,21,0,0
54,22,0,0
54,23,0,0
54,24,0,0
54,25,0,0
55,1,0,0
55,2,2,0
55,3,44,5
55,4,65,63
55,5,21,47
55,6,106,43
55,7,154,74
55,8,179,32
55,9,0,0
55,10,141,44
55,11,39,2
55,12,0,0
55,13,0,0
55,14,0,0
55,15,0,0
55,16,0,0
55,17,0,0
55,18,0,0
56,1,0,0
56,2,38,8
56,3,25,7
56,4,79,66
56,5,0,0
56,6,0,0
56,7,135,61
56,8,0,0
56,9,121,51
56,10,32,2
56,11,56,45
56,12,13,4
56,13,61,28
56,14,0,0
56,15,0,0
56,16,0,0
56,17,0,0
56,18,0,0
56,19,12,17
56,20,0,0
56,21,0,0
56,22,0,0
56,23,0,0
57,1,0,0
57,2,43,7
57,3,79,72
57,4,0,0
57,5,0,0
57,6,0,0
57,7,0,0
57,8,47,21
57,9,0,0
57,10,174,48
57,11,0,0
57,12,0,0
57,13,0,0
57,14,31,1
57,15,44,32
57,16,4,0
57,17,45,27
57,18,59,43
57,19,0,0
57,20,31,3
57,21,0,0
57,22,20,11
57,23,18,13
57,24,0,0
57,25,0,0
57,26,0,0
57,27,0,0
57,28,0,0
58,1,0,0
58,2,48,8
58,3,64,34
58,4,63,59
58,5,30,72
58,6,0,0
58,7,0,0
58,8,0,0
58,9,0,0
58,10,0,0
58,11,0,0
58,12,36,18
58,13,183,71
58,14,0,0
58,15,152,46
58,16,0,0
58,17,173,55
58,18,124,61
58,19,0,0
58,20,0,0
58,21,0,0
58,22,30,1
58,23,86,49
58,24,26,27
58,25,7,1
58,26,41,19
58,27,39,37
58,28,0,0
58,29,0,0
58,30,32,8
58,31,0,0
58,32,17,12
58,33,0,0
58,34,0,0
58,35,24,12
58,36,0,0
58,37,0,0
59,1,60,52
59,2,0,0
59,3,0,16
59,4,0,0
59,5,0,0
59,6,0,0
59,7,60,10
59,8,0,0
59,9,27,16
59,10,176,62
59,11,0,0
59,12,0,0
59,13,0,0
59,14,0,0
59,15,39,1
59,16,32,26
59,17,9,1
59,18,37,22
59,19,37,34
59,20,0,0
59,21,4,9
59,22,0,0
59,23,3,2
59,24,17,12
59,25,44,31
59,26,0,0
59,27,0,0
59,28,0,0
59,29,88,8
59,30,0,0
59,31,0,0
60,1,58,67
60,2,39,58
60,3,138,71
60,4,0,0
60,5,81,11
60,6,0,0
60,7,27,12
60,8,141,37
60,9,0,0
60,10,0,0
60,11,0,0
60,12,0,0
60,13,0,0
60,14,44,1
60,15,35,30
60,16,1,0
60,17,41,17
60,18,25,5
60,19,0,0
60,20,19,15
60,21,0,0
60,22,30,30
60,23,8,4
60,24,35,43
60,25,0,0
60,26,0,0
60,27,0,0
60,28,0,0
60,29,0,0
60,30,0,0
61,1,162,62
61,2,40,5
61,3,43,5
61,4,24,1
61,5,69,20
61,6,0,0
61,7,103,30
61,8,0,0
61,9,3,0
61,10,0,0
61,11,221,57
61,12,253,68
61,13,0,0
61,14,0,0
61,15,66,35
61,16,28,6
61,17,18,26
61,18,0,0
61,19,0,0
61,20,35,17
61,21,0,2
61,22,0,0
61,23,37,44
61,24,6,15
61,25,38,4
61,26,2,2
61,27,0,0
61,28,0,0
61,29,0,0
61,30,0,0
62,1,41,51
62,2,49,34
62,3,146,52
62,4,38,6
62,5,31,6
62,6,29,0
62,7,64,25
62,8,86,17
62,9,0,0
62,10,224,37
62,11,0,0
62,12,0,0
62,13,50,1
62,14,0,0
62,15,45,3
62,16,51,18
62,17,50,61
62,18,54,36
62,19,20,10
62,20,0,0
62,21,11,9
62,22,11,2
62,23,0,0
62,24,21,11
62,25,35,18
62,26,0,2
62,27,0,0
62,28,10,19
62,29,1,3
62,30,18,7
62,31,0,0
62,32,0,0
62,33,0,0
62,34,0,0
62,35,0,0
62,36,0,0
62,37,0,0
62,38,0,0
63,1,34,49
63,2,52,36
63,3,17,0
63,4,14,5
63,5,0,0
63,6,145,41
63,7,23,0
63,8,111,33
63,9,0,0
63,10,78,22
63,11,208,70
63,12,237,33
63,13,0,0
63,14,0,0
63,15,0,0
63,16,0,0
63,17,0,0
63,18,0,0
63,19,0,0
63,20,0,0
63,21,49,1
63,22,43,1
63,23,39,17
63,24,87,63
63,25,22,9
63,26,3,1
63,27,0,1
63,28,66,26
63,29,7,9
63,30,42,39
63,31,0,0
63,32,0,0
63,33,0,0
63,34,0,0
63,35,0,0
64,1,81,43
64,2,19,2
64,3,40,36
64,4,12,1
64,5,0,0
64,6,127,36
64,7,0,0
64,8,115,26
64,9,232,75
64,10,7,0
64,11,103,34
64,12,21,1
64,13,34,11
64,14,0,0
64,15,207,81
64,16,253,19
64,17,0,0
64,18,0,0
64,19,35,51
64,20,49,36
64,21,7,4
64,22,31,15
64,23,27,7
64,24,29,10
64,25,0,0
64,26,53,35
64,27,57,57
64,28,0,0
64,29,0,0
64,30,90,6
64,31,0,0
64,32,19,6
64,33,0,0
64,34,0,0
64,35,0,0
64,36,0,0
65,1,76,39
65,2,0,11
65,3,0,55
65,4,31,50
65,5,111,47
65,6,71,54
65,7,24,1
65,8,12,1
65,9,76,39
65,10,16,1
65,11,0,0
65,12,94,19
65,13,0,0
65,14,145,50
65,15,18,0
65,16,81,29
65,17,65,11
65,18,5,0
65,19,34,12
65,20,0,0
65,21,0,0
65,22,0,0
65,23,220,86
65,24,0,0
65,25,55,16
65,26,23,47
65,27,4,6
65,28,2,1
65,29,7,6
65,30,57,33
65,31,9,6
65,32,14,1
65,33,45,32
65,34,29,14
65,35,14,6
65,36,29,2
65,37,10,3
65,38,47,30
65,39,0,0
65,40,0,0
65,41,0,0
65,42,107,7
65,43,0,0
65,44,0,0
65,45,29,7
65,46,0,0
65,47,0,0
65,48,0,0
65,49,0,0
66,1,38,47
66,2,75,61
66,3,56,0
66,4,76,59
66,5,0,0
66,6,165,59
66,7,241,65
66,8,111,47
66,9,17,0
66,10,0,0
66,11,0,0
66,12,0,0
66,13,61,11
66,14,20,54
66,15,6,2
66,16,7,5
66,17,36,39
66,18,17,13
66,19,36,30
66,20,132,30
66,21,126,13
66,22,0,0
66,23,50,6
66,24,1,0
66,25,0,0
66,26,0,0
66,27,0,0
66,28,0,0
66,29,0,0
67,1,0,0
67,2,0,0
67,3,42,104
67,4,101,79
67,5,90,21
67,6,0,0
67,7,10,8
67,8,7,4
67,9,241,75
67,10,62,23
67,11,61,29
67,12,10,0
67,13,0,0
67,14,0,0
67,15,12,32
67,16,0,2
67,17,3,8
67,18,8,7
67,19,43,39
67,20,7,7
67,21,38,53
67,22,0,0
67,23,0,0
67,24,137,9
67,25,0,0
67,26,0,0
67,27,0,0
68,1,0,0
68,2,0,0
68,3,0,0
68,4,0,0
68,5,34,91
68,6,49,44
68,7,0,0
68,8,56,56
68,9,29,8
68,10,11,13
68,11,0,2
68,12,228,72
68,13,1,3
68,14,45,21
68,15,7,1
68,16,1,0
68,17,65,21
68,18,0,0
68,19,13,0
68,20,0,0
68,21,0,0
68,22,0,0
68,23,0,0
68,24,17,36
68,25,1,1
68,26,10,6
68,27,11,9
68,28,49,35
68,29,12,11
68,30,77,31
68,31,114,8
68,32,0,0
69,1,0,0
69,2,0,0
69,3,0,0
69,4,29,99
69,5,88,89
69,6,0,0
69,7,34,7
69,8,0,0
69,9,116,32
69,10,15,19
69,11,101,59
69,12,84,28
69,13,47,18
69,14,1,0
69,15,192,65
69,16,53,26
69,17,0,0
69,18,20,3
69,19,0,0
69,20,0,0
69,21,0,0
69,22,0,0
69,23,0,0
69,24,21,9
69,25,0,0
69,26,0,0
69,27,32,41
69,28,17,11
69,29,18,29
69,30,6,5
69,31,44,20
69,32,0,0
69,33,0,0
69,34,110,13
69,35,0,0
69,36,0,0
70,1,0,0
70,2,0,0
70,3,34,4
70,4,0,0
70,5,15,24
70,6,98,59
70,7,84,30
70,8,59,21
70,9,160,80
70,10,40,28
70,11,11,2
70,12,0,0
70,13,0,0
70,14,0,0
70,15,0,0
70,16,0,0
70,17,106,74
70,18,16,12
70,19,0,0
70,20,0,0
70,21,0,0
70,22,0,0
70,23,0,0
70,24,83,14
70,25,0,0
70,26,0,0
70,27,0,0
70,28,0,0
70,29,0,0
71,1,53,43
71,2,0,0
71,3,46,3
71,4,0,0
71,5,85,59
71,6,67,33
71,7,153,85
71,8,22,3
71,9,0,0
71,10,0,0
71,11,0,0
71,12,0,0
71,13,1,7
71,14,0,0
71,15,26,5
71,16,0,0
71,17,0,0
71,18,0,0
71,19,0,0
71,20,0,0
71,21,0,0
71,22,0,0
71,23,0,0
71,24,0,0
71,25,0,0
72,1,51,31
72,2,34,73
72,3,0,0
72,4,0,0
72,5,53,3
72,6,98,127
72,7,81,16
72,8,0,0
72,9,100,93
72,10,147,87
72,11,31,4
72,12,0,0
72,13,0,0
72,14,0,0
72,15,0,0
72,16,138,121
72,17,0,0
72,18,0,0
72,19,5,9
72,20,20,56
72,21,1,1
72,22,20,2
72,23,66,61
72,24,20,26
72,25,0,0
72,26,0,0
72,27,0,0
72,28,0,0
72,29,0,0
72,30,0,0
72,31,0,0
72,32,0,0
72,33,0,0
72,34,0,0
72,35,0,0
73,1,39,14
73,2,23,10
73,3,0,0
73,4,22,66
73,5,0,0
73,6,8,19
73,7,0,0
73,8,83,1
73,9,97,133
73,10,0,0
73,11,42,3
73,12,0,0
73,13,92,109
73,14,2,2
73,15,0,0
73,16,0,0
73,17,0,0
73,18,1,2
73,19,20,1
73,20,32,48
73,21,10,30
73,22,0,0
73,23,0,0
73,24,0,0
73,25,0,0
73,26,10,86
73,27,0,0
73,28,0,0
73,29,0,0
73,30,0,0
73,31,0,0
74,1,0,0
74,2,0,0
74,3,0,0
74,4,31,18
74,5,27,43
74,6,30,19
74,7,0,0
74,8,0,0
74,9,95,0
74,10,80,101
74,11,29,55
74,12,14,0
74,13,74,93
74,14,0,0
74,15,0,0
74,16,0,0
74,17,53,4
74,18,0,0
74,19,0,0
74,20,0,0
74,21,17,88
74,22,0,0
74,23,30,7
74,24,25,56
74,25,0,0
74,26,0,0
74,27,0,0
74,28,0,0
74,29,2,10
74,30,6,21
74,31,0,0
74,32,10,90
74,33,0,0
74,34,0,0
74,35,0,0
74,36,0,0
75,1,0,0
75,2,0,10
75,3,0,0
75,4,38,15
75,5,0,0
75,6,37,37
75,7,0,0
75,8,0,0
75,9,102,1
75,10,91,106
75,11,19,0
75,12,65,100
75,13,0,0
75,14,0,0
75,15,74,4
75,16,0,0
75,17,0,0
75,18,11,0
75,19,17,103
75,20,0,0
75,21,0,1
75,22,15,23
75,23,17,17
75,24,0,0
75,25,0,0
75,26,0,0
75,27,6,84
75,28,0,0
75,29,0,0
75,30,0,0
75,31,0,0
75,32,0,0
75,33,0,0
75,34,0,0
76,1,0,0
76,2,0,0
76,3,0,0
76,4,4,0
76,5,36,1
76,6,0,18
76,7,28,2
76,8,7,13
76,9,11,40
76,10,0,0
76,11,0,0
76,12,0,0
76,13,93,143
76,14,102,3
76,15,0,0
76,16,22,0
76,17,116,153
76,18,229,61
76,19,0,0
76,20,0,0
76,21,87,2
76,22,0,0
76,23,9,1
76,24,10,67
76,25,13,48
76,26,0,0
76,27,27,74
76,28,4,57
76,29,0,0
76,30,0,0
76,31,1,0
76,32,0,0
76,33,0,0
76,34,0,0
76,35,4,81
76,36,0,0
76,37,0,15
76,38,0,0
76,39,0,0
76,40,0,0
76,41,0,0
77,1,0,0
77,2,0,0
77,3,0,0
77,4,0,0
77,5,0,0
77,6,0,0
77,7,6,0
77,8,1,22
77,9,52,1
77,10,10,9
77,11,7,48
77,12,0,0
77,13,0,0
77,14,77,51
77,15,0,0
77,16,47,95
77,17,95,4
77,18,0,0
77,19,0,0
77,20,0,0
77,21,107,157
77,22,0,0
77,23,78,2
77,24,0,0
77,25,0,0
77,26,5,0
77,27,0,0
77,28,235,154
77,29,0,0
77,30,0,0
77,31,0,0
77,32,0,0
77,33,5,46
77,34,2,4
77,35,0,0
77,36,0,0
77,37,1,20
77,38,0,0
77,39,0,0
77,40,0,0
77,41,0,0
77,42,0,0
77,43,0,0
78,1,0,0
78,2,0,0
78,3,0,0
78,4,0,0
78,5,0,0
78,6,0,0
78,7,0,0
78,8,10,0
78,9,3,0
78,10,2,13
78,11,3,0
78,12,98,1
78,13,14,7
78,14,4,0
78,15,2,52
78,16,0,0
78,17,0,0
78,18,0,0
78,19,0,0
78,20,0,0
78,21,0,0
78,22,0,0
78,23,65,3
78,24,0,0
78,25,0,0
78,26,0,0
78,27,0,0
78,28,0,0
78,29,0,0
78,30,0,0
78,31,0,0
78,32,3,55
78,33,0,0
78,34,9,20
78,35,0,0
78,36,1,19
78,37,0,0
78,38,0,0
79,1,0,0
79,2,0,0
79,3,0,0
79,4,0,0
79,5,0,0
79,6,0,0
79,7,0,0
79,8,0,0
79,9,10,0
79,10,5,0
79,11,2,16
79,12,4,1
79,13,14,5
79,14,8,32
79,15,25,0
79,16,78,4
79,17,0,0
79,18,31,39
79,19,5,67
79,20,66,61
79,21,0,0
79,22,0,0
79,23,41,130
79,24,0,0
79,25,0,0
79,26,0,0
79,27,0,0
79,28,279,107
79,29,2,99
79,30,0,0
79,31,0,0
79,32,17,45
79,33,0,0
79,34,10,18
79,35,7,1
79,36,4,15
79,37,1,19
79,38,0,0
79,39,1,35
79,40,0,0
79,41,0,17
79,42,0,0
80,1,0,0
80,2,0,0
80,3,0,0
80,4,0,0
80,5,0,0
80,6,0,0
80,7,0,0
80,8,0,0
80,9,0,0
80,10,9,0
80,11,6,0
80,12,3,15
80,13,8,4
80,14,16,2
80,15,35,1
80,16,7,25
80,17,80,3
80,18,0,0
80,19,0,0
80,20,43,36
80,21,0,0
80,22,23,100
80,23,0,0
80,24,119,154
80,25,0,0
80,26,0,0
80,27,16,84
80,28,0,0
80,29,0,0
80,30,4,86
80,31,0,0
80,32,0,0
80,33,0,0
80,34,0,0
80,35,0,0
80,36,0,0
80,37,7,60
80,38,1,24
80,39,1,33
80,40,1,1
80,41,0,0
80,42,1,13
80,43,0,0
80,44,0,0
80,45,0,0
80,46,0,0
81,1,0,0
81,2,0,0
81,3,0,0
81,4,0,0
81,5,0,0
81,6,0,0
81,7,0,0
81,8,0,0
81,9,0,0
81,10,0,9
81,11,0,0
81,12,0,0
81,13,15,0
81,14,9,1
81,15,1,0
81,16,2,8
81,17,10,5
81,18,51,9
81,19,0,0
81,20,125,5
81,21,0,0
81,22,0,0
81,23,69,85
81,24,0,0
81,25,0,0
81,26,0,0
81,27,0,0
81,28,0,0
81,29,0,0
81,30,0,0
81,31,15,119
81,32,0,0
81,33,0,0
81,34,0,0
81,35,0,0
81,36,0,0
81,37,0,0
81,38,0,0
81,39,0,0
81,40,0,0
81,41,0,0
81,42,0,0
81,43,0,0
81,44,0,0
81,45,3,3
81,46,18,58
81,47,0,0
81,48,1,29
81,49,1,16
81,50,0,0
81,51,0,0
81,52,0,0
81,53,0,0
81,54,0,0
81,55,0,0
82,1,0,0
82,2,0,0
82,3,0,0
82,4,0,0
82,5,0,0
82,6,0,0
82,7,0,0
82,8,0,0
82,9,0,0
82,10,0,0
82,11,0,0
82,12,0,1
82,13,0,7
82,14,0,0
82,15,0,0
82,16,0,0
82,17,18,1
82,18,0,0
82,19,3,0
82,20,0,0
82,21,0,22
82,22,13,0
82,23,53,5
82,24,139,5
82,25,165,99
82,26,95,75
82,27,0,0
82,28,98,140
82,29,15,5
82,30,0,0
82,31,0,0
82,32,0,0
82,33,0,0
82,34,0,0
82,35,13,93
82,36,0,0
82,37,0,0
82,38,0,0
82,39,0,0
82,40,0,0
82,41,0,0
82,42,0,0
82,43,0,0
82,44,0,0
82,45,0,0
82,46,0,0
82,47,0,0
82,48,0,0
82,49,0,0
82,50,0,0
82,51,1,25
82,52,0,0
82,53,0,0
82,54,0,0
82,55,0,0
82,56,0,0
82,57,0,0
83,1,0,0
83,2,0,0
83,3,0,0
83,4,0,0
83,5,0,0
83,6,0,0
83,7,0,0
83,8,0,0
83,9,0,0
83,10,0,0
83,11,0,0
83,12,0,0
83,13,0,0
83,14,0,0
83,15,0,1
83,16,0,0
83,17,0,2
83,18,0,0
83,19,0,0
83,20,0,0
83,21,0,0
83,22,11,2
83,23,1,9
83,24,1,0
83,25,2,0
83,26,2,1
83,27,0,0
83,28,1,8
83,29,11,0
83,30,29,2
83,31,10,2
83,32,160,6
83,33,7,0
83,34,7,2
83,35,1,6
83,36,0,0
83,37,2,12
83,38,0,1
83,39,18,4
83,40,33,29
83,41,0,0
83,42,0,0
83,43,0,0
83,44,0,0
83,45,0,0
83,46,0,0
83,47,0,0
83,48,0,0
83,49,0,0
83,50,0,5
83,51,0,0
83,52,0,0
83,53,0,0
83,54,0,0
83,55,0,0
84,1,0,0
84,2,0,0
84,3,0,0
84,4,0,0
84,5,0,0
84,6,0,0
84,7,0,0
84,8,0,0
84,9,0,0
84,10,0,0
84,11,0,0
84,12,0,6
84,13,7,1
84,14,0,0
84,15,0,0
84,16,0,0
84,17,0,1
84,18,1,0
84,19,0,0
84,20,2,2
84,21,1,9
84,22,9,3
84,23,0,0
84,24,30,1
84,25,12,1
84,26,135,7
84,27,8,0
84,28,2,0
84,29,13,2
84,30,0,6
84,31,1,0
84,32,0,0
84,33,1,1
84,34,4,28
84,35,5,0
84,36,40,21
84,37,0,0
84,38,129,56
84,39,0,0
84,40,0,0
84,41,0,0
84,42,0,0
84,43,0,0
84,44,0,0
84,45,0,0
84,46,0,0
84,47,134,117
84,48,70,104
84,49,0,0
84,50,0,0
84,51,80,157
84,52,0,0
84,53,0,0
84,54,0,0
84,55,0,0
84,56,3,3
84,57,0,0
84,58,0,0
84,59,0,0
84,60,0,0
84,61,0,0
84,62,0,0
84,63,0,0
84,64,0,0
85,1,0,0
85,2,0,0
85,3,0,0
85,4,0,0
85,5,0,0
85,6,0,0
85,7,0,0
85,8,0,0
85,9,0,0
85,10,0,0
85,11,0,6
85,12,10,0
85,13,0,0
85,14,0,0
85,15,0,0
85,16,1,1
85,17,1,0
85,18,3,1
85,19,2,8
85,20,23,3
85,21,0,0
85,22,0,0
85,23,18,1
85,24,191,13
85,25,10,0
85,26,1,0
85,27,14,1
85,28,0,7
85,29,2,0
85,30,1,1
85,31,5,27
85,32,6,0
85,33,61,18
85,34,0,0
85,35,63,110
85,36,0,0
85,37,0,0
85,38,0,0
85,39,253,100
85,40,0,0
85,41,0,0
85,42,263,153
85,43,0,0
85,44,0,0
85,45,0,0
85,46,0,0
85,47,0,0
85,48,0,0
85,49,0,0
85,50,0,0
85,51,0,0
85,52,5,5
85,53,0,0
85,54,1,37
85,55,0,0
85,56,0,0
85,57,0,0
85,58,0,0
86,1,0,0
86,2,0,0
86,3,0,0
86,4,0,0
86,5,0,0
86,6,0,0
86,7,0,0
86,8,0,2
86,9,0,0
86,10,25,3
86,11,13,1
86,12,8,9
86,13,0,0
86,14,69,24
86,15,143,39
86,16,15,1
86,17,6,0
86,18,99,4
86,19,2,11
86,20,2,0
86,21,4,1
86,22,4,17
86,23,57,3
86,24,6,10
86,25,0,0
86,26,0,0
86,27,95,99
86,28,0,0
86,29,0,0
86,30,233,99
86,31,0,0
86,32,0,0
86,33,40,93
86,34,0,0
86,35,0,0
86,36,0,0
86,37,0,0
86,38,0,0
86,39,0,0
86,40,0,0
86,41,0,0
86,42,0,0
86,43,0,0
86,44,0,0
86,45,0,0
86,46,0,0
86,47,0,0
87,1,0,0
87,2,0,0
87,3,0,0
87,4,0,1
87,5,0,0
87,6,9,1
87,7,0,0
87,8,96,7
87,9,17,3
87,10,5,1
87,11,4,26
87,12,9,1
87,13,3,1
87,14,60,4
87,15,7,7
87,16,0,0
87,17,0,0
87,18,0,0
87,19,0,0
87,20,0,0
87,21,99,86
87,22,0,0
87,23,0,0
87,24,240,110
87,25,0,0
87,26,0,0
87,27,0,0
87,28,0,0
87,29,0,0
87,30,0,0
87,31,306,87
87,32,0,0
87,33,0,0
87,34,0,0
87,35,0,0
87,36,0,0
87,37,0,0
87,38,0,0
87,39,0,0
87,40,0,0
87,41,0,0
88,1,0,0
88,2,89,7
88,3,5,2
88,4,3,27
88,5,72,6
88,6,28,9
88,7,0,0
88,8,0,0
88,9,0,0
88,10,0,0
88,11,0,0
88,12,0,0
88,13,0,0
88,14,109,81
88,15,0,0
88,16,0,0
88,17,0,0
88,18,0,0
88,19,0,0
88,20,0,0
88,21,0,0
88,22,0,0
88,23,0,0
88,24,0,0
88,25,0,0
88,26,0,0
88,27,0,0
88,28,0,0
88,29,0,0
88,30,0,0
88,31,0,0
88,32,0,0
88,33,0,0
88,34,0,0
88,35,0,0
88,36,0,0
88,37,0,0
88,38,0,0
89,1,0,0
89,2,0,0
89,3,0,0
89,4,0,0
89,5,81,66
89,6,0,0
89,7,0,0
89,8,0,0
89,9,0,0
89,10,0,0
89,11,110,146
89,12,0,0
89,13,0,0
89,14,165,48
89,15,0,0
89,16,0,0
89,17,0,0
89,18,0,0
89,19,0,0
89,20,167,60
89,21,0,0
89,22,0,0
89,23,0,0
89,24,0,0
89,25,208,40
89,26,0,62
89,27,0,0
89,28,0,0
89,29,2,33
89,30,0,0
89,31,0,0
89,32,0,0
89,33,0,0
89,34,0,0
90,1,0,0
90,2,0,0
90,3,0,0
90,4,0,0
90,5,0,0
90,6,0,0
90,7,0,0
90,8,0,0
90,9,0,0
90,10,0,0
90,11,0,0
90,12,0,0
90,13,0,0
90,14,0,0
90,15,0,0
90,16,212,78
90,17,0,0
90,18,264,21
90,19,24,35
90,20,0,0
90,21,0,0
90,22,73,17
90,23,0,0
90,24,198,56
90,25,0,0
90,26,0,0
90,27,76,22
90,28,0,0
90,29,0,47
90,30,0,0
90,31,0,20
90,32,0,0
90,33,0,18
90,34,0,0
90,35,0,0
90,36,0,0
90,37,0,0
91,1,0,0
91,2,82,40
91,3,0,0
91,4,0,0
91,5,0,0
91,6,0,0
91,7,161,95
91,8,0,0
91,9,0,0
91,10,0,0
91,11,0,0
91,12,0,0
91,13,0,0
91,14,0,0
91,15,0,0
91,16,0,0
91,17,0,0
91,18,0,0
91,19,0,0
91,20,0,0
91,21,0,0
91,22,1,30
91,23,0,16
91,24,0,0
91,25,271,71
91,26,0,0
91,27,0,78
91,28,0,0
91,29,0,0
91,30,0,0
91,31,0,0
91,32,0,0
91,33,0,0
91,34,0,0
91,35,0,0
91,36,0,0
92,1,0,0
92,2,87,41
92,3,0,0
92,4,0,0
92,5,0,0
92,6,0,0
92,7,0,0
92,8,0,0
92,9,0,0
92,10,0,0
92,11,140,83
92,12,0,0
92,13,0,0
92,14,0,0
92,15,0,0
92,16,95,67
92,17,0,0
92,18,0,0
92,19,0,0
92,20,0,0
92,21,0,0
92,22,0,0
92,23,0,0
92,24,0,0
92,25,1,16
92,26,0,0
92,27,0,143
92,28,0,0
92,29,0,0
92,30,0,0
92,31,0,0
92,32,0,0
92,33,0,0
92,34,0,0
93,1,0,0
93,2,0,0
93,3,0,0
93,4,86,46
93,5,0,0
93,6,0,0
93,7,0,0
93,8,0,0
93,9,0,0
93,10,0,0
93,11,0,0
93,12,0,0
93,13,0,0
93,14,0,0
93,15,97,48
93,16,0,0
93,17,0,0
93,18,88,118
93,19,0,0
93,20,0,0
93,21,156,67
93,22,0,0
93,23,0,0
93,24,106,67
93,25,0,0
93,26,0,0
93,27,0,0
93,28,0,0
93,29,0,0
93,30,0,0
93,31,0,0
93,32,0,0
93,33,0,0
93,34,0,0
93,35,0,0
93,36,1,18
93,37,0,0
93,38,1,53
93,39,0,0
93,40,0,126
93,41,0,0
93,42,2,92
93,43,0,0
93,44,0,0
93,45,0,0
93,46,0,0
93,47,0,0
93,48,0,0
94,1,85,46
94,2,0,0
94,3,113,56
94,4,0,0
94,5,0,0
94,6,0,0
94,7,0,0
94,8,0,0
94,9,0,0
94,10,0,0
94,11,84,96
94,12,0,0
94,13,0,0
94,14,0,0
94,15,102,84
94,16,0,0
94,17,117,63
94,18,0,0
94,19,0,0
94,20,0,0
94,21,0,0
94,22,0,0
94,23,384,24
94,24,0,0
94,25,0,0
94,26,0,0
94,27,0,0
94,28,0,0
94,29,0,0
94,30,1,24
94,31,0,0
94,32,0,0
94,33,0,0
94,34,0,0
94,35,0,0
94,36,0,0
94,37,0,0
94,38,0,0
94,39,0,0
94,40,0,0
94,41,0,0
95,1,0,0
95,2,0,0
95,3,117,76
95,4,0,0
95,5,0,0
95,6,0,0
95,7,0,0
95,8,0,0
95,9,0,0
95,10,0,0
95,11,0,0
95,12,0,0
95,13,0,0
95,14,0,0
95,15,0,0
95,16,0,0
95,17,0,0
95,18,0,0
95,19,0,0
95,20,0,0
95,21,41,84
95,22,0,0
95,23,0,0
95,24,324,37
95,25,0,70
95,26,0,0
95,27,0,0
95,28,0,0
95,29,0,0
95,30,1,100
95,31,120,104
95,32,0,0
95,33,0,0
95,34,0,0
95,35,0,0
95,36,0,6
95,37,0,0
95,38,0,0
96,1,1,12
96,2,0,0
96,3,0,0
96,4,0,0
96,5,0,0
96,6,0,0
96,7,0,0
96,8,0,0
96,9,0,0
96,10,0,0
96,11,0,0
96,12,0,0
96,13,0,0
96,14,0,0
96,15,0,0
96,16,0,0
96,17,0,0
96,18,0,0
96,19,347,53
96,20,0,0
96,21,0,0
96,22,0,0
96,23,0,0
96,24,0,0
96,25,0,0
96,26,145,40
96,27,53,88
96,28,30,10
96,29,0,0
96,30,0,0
96,31,0,0
96,32,0,0
96,33,0,0
96,34,0,0
96,35,0,6
96,36,0,0
96,37,0,0
96,38,0,0
97,1,1,4
97,2,0,0
97,3,104,45
97,4,0,0
97,5,0,0
97,6,0,0
97,7,0,0
97,8,120,107
97,9,0,0
97,10,0,0
97,11,0,0
97,12,0,0
97,13,0,0
97,14,0,0
97,15,0,0
97,16,0,0
97,17,0,0
97,18,0,0
97,19,0,0
97,20,0,0
97,21,127,52
97,22,0,0
97,23,0,0
97,24,0,0
97,25,0,0
97,26,0,0
97,27,0,0
97,28,0,0
97,29,0,0
97,30,0,0
97,31,0,0
97,32,0,0
97,33,0,0
97,34,17,207
97,35,0,0
97,36,203,50
97,37,79,99
97,38,0,0
97,39,0,0
97,40,0,0
97,41,0,0
97,42,0,0
97,43,0,0
97,44,0,0
97,45,0,0
97,46,0,0
97,47,0,0
97,48,0,0
97,49,0,0
97,50,0,0
97,51,0,0
97,52,0,0
97,53,0,0
97,54,0,0
98,1,0,0
98,2,0,0
98,3,0,0
98,4,0,0
98,5,98,98
98,6,0,0
98,7,0,0
98,8,0,0
98,9,0,0
98,10,0,0
98,11,0,0
98,12,0,0
98,13,93,67
98,14,0,0
98,15,0,0
98,16,0,0
98,17,140,47
98,18,0,0
98,19,0,0
98,20,0,0
98,21,0,0
98,22,211,22
98,23,0,0
98,24,0,0
98,25,0,0
98,26,0,0
98,27,24,84
98,28,0,0
98,29,0,0
98,30,0,0
98,31,0,0
98,32,13,62
98,33,0,0
98,34,94,35
98,35,46,45
98,36,0,0
98,37,0,155
98,38,267,66
98,39,0,97
98,40,32,62
98,41,0,0
98,42,0,0
98,43,0,0
98,44,0,0
98,45,0,0
98,46,0,0
98,47,0,0
98,48,0,0
98,49,0,0
98,50,0,0
99,1,1,2
99,2,0,0
99,3,0,0
99,4,0,0
99,5,0,0
99,6,0,0
99,7,0,0
99,8,0,0
99,9,0,0
99,10,0,0
99,11,0,0
99,12,104,66
99,13,0,0
99,14,0,0
99,15,143,59
99,16,0,0
99,17,0,0
99,18,0,0
99,19,0,0
99,20,0,0
99,21,0,0
99,22,0,0
99,23,0,0
99,24,78,91
99,25,0,0
99,26,0,0
99,27,0,0
99,28,15,62
99,29,0,0
99,30,0,0
99,31,0,166
99,32,2,69
99,33,146,81
99,34,27,2
99,35,0,0
99,36,0,0
99,37,0,0
99,38,0,0
99,39,0,0
99,40,0,0
99,41,0,0
100,1,1,3
100,2,0,0
100,3,0,0
100,4,0,0
100,5,0,0
100,6,0,0
100,7,0,0
100,8,0,0
100,9,0,0
100,10,0,0
100,11,0,0
100,12,0,0
100,13,0,0
100,14,0,0
100,15,0,0
100,16,84,47
100,17,0,0
100,18,0,0
100,19,67,56
100,20,0,0
100,21,129,42
100,22,0,0
100,23,0,0
100,24,268,22
100,25,33,55
100,26,0,0
100,27,0,0
100,28,0,0
100,29,0,0
100,30,22,30
100,31,1,59
100,32,0,0
100,33,0,0
100,34,0,0
100,35,6,47
100,36,2,122
100,37,120,141
100,38,33,7
100,39,0,0
100,40,0,0
100,41,0,0
100,42,0,0
100,43,0,0
100,44,0,0
101,1,84,51
101,2,0,0
101,3,0,0
101,4,0,0
101,5,0,0
101,6,0,0
101,7,0,0
101,8,0,0
101,9,0,0
101,10,71,54
101,11,0,0
101,12,21,17
101,13,52,51
101,14,0,0
101,15,47,32
101,16,0,0
101,17,151,53
101,18,0,0
101,19,0,0
101,20,0,0
101,21,0,0
101,22,0,0
101,23,0,0
101,24,0,0
101,25,240,23
101,26,0,0
101,27,0,0
101,28,0,0
101,29,39,15
101,30,0,0
101,31,0,0
101,32,3,113
101,33,0,0
101,34,0,0
101,35,0,0
101,36,0,0
101,37,40,14
101,38,1,60
101,39,0,0
101,40,363,51
101,41,48,120
101,42,40,103
101,43,0,0
101,44,0,0
101,45,0,0
101,46,0,0
101,47,0,0
102,1,86,53
102,2,0,0
102,3,0,0
102,4,0,0
102,5,0,0
102,6,0,0
102,7,0,0
102,8,118,77
102,9,20,53
102,10,0,0
102,11,0,0
102,12,0,0
102,13,0,0
102,14,170,57
102,15,0,0
102,16,0,0
102,17,0,0
102,18,0,0
102,19,258,17
102,20,36,16
102,21,5,108
102,22,0,0
102,23,0,0
102,24,0,0
102,25,0,0
102,26,0,0
102,27,0,0
102,28,0,0
102,29,1,76
102,30,0,0
102,31,0,0
102,32,196,175
102,33,0,0
102,34,0,0
102,35,0,0
102,36,0,0
102,37,0,0
102,38,0,0
102,39,0,0
102,40,0,0
102,41,0,0
103,1,0,0
103,2,0,0
103,3,0,0
103,4,0,0
103,5,0,0
103,6,0,0
103,7,0,0
103,8,0,0
103,9,77,80
103,10,148,43
103,11,0,0
103,12,0,0
103,13,0,0
103,14,0,0
103,15,0,0
103,16,0,0
103,17,8,78
103,18,148,25
103,19,0,0
103,20,52,83
103,21,0,0
103,22,0,0
103,23,242,22
103,24,0,0
103,25,0,79
103,26,0,0
103,27,0,0
103,28,0,0
103,29,239,148
103,30,0,0
103,31,0,0
103,32,0,0
103,33,0,0
103,34,0,0
103,35,0,0
103,36,0,0
103,37,0,0
103,38,0,0
104,1,2,25
104,2,150,30
104,3,0,0
104,4,0,0
104,5,0,0
104,6,5,128
104,7,0,0
104,8,0,0
104,9,0,0
104,10,0,0
104,11,214,56
104,12,86,68
104,13,55,41
104,14,0,0
104,15,0,0
104,16,0,0
104,17,156,32
104,18,0,0
104,19,0,0
104,20,117,21
104,21,0,0
104,22,67,75
104,23,32,23
104,24,0,0
104,25,0,0
104,26,0,84
104,27,0,0
104,28,0,0
104,29,2,118
104,30,0,0
104,31,246,23
104,32,240,86
104,33,0,0
104,34,0,0
104,35,0,0
104,36,0,0
104,37,0,0
104,38,0,0
104,39,0,0
104,40,0,0
104,41,0,0
104,42,0,0
104,43,0,0
104,44,0,0
105,1,0,0
105,2,159,36
105,3,0,0
105,4,0,0
105,5,0,0
105,6,0,0
105,7,3,116
105,8,0,0
105,9,0,0
105,10,11,39
105,11,0,0
105,12,0,0
105,13,0,0
105,14,0,0
105,15,225,63
105,16,0,0
105,17,55,59
105,18,99,35
105,19,0,0
105,20,189,40
105,21,0,0
105,22,0,0
105,23,0,0
105,24,0,0
105,25,0,0
105,26,0,0
105,27,0,0
105,28,39,15
105,29,0,0
105,30,38,29
105,31,0,0
105,32,0,0
105,33,1,83
105,34,0,22
105,35,0,47
105,36,0,0
105,37,1,112
105,38,0,0
105,39,278,51
105,40,0,0
105,41,0,0
105,42,0,0
105,43,0,0
105,44,0,0
105,45,0,0
105,46,0,0
105,47,0,0
105,48,0,0
105,49,0,0
106,1,0,0
106,2,153,48
106,3,0,0
106,4,0,0
106,5,0,0
106,6,0,0
106,7,0,0
106,8,0,0
106,9,0,0
106,10,126,71
106,11,0,0
106,12,0,0
106,13,131,96
106,14,0,0
106,15,0,0
106,16,6,121
106,17,0,0
106,18,0,0
106,19,0,0
106,20,0,0
106,21,0,0
106,22,0,0
106,23,0,0
106,24,219,75
106,25,0,0
106,26,63,36
106,27,0,0
106,28,51,53
106,29,61,15
106,30,248,39
106,31,0,0
106,32,0,0
106,33,0,0
106,34,0,0
106,35,0,0
106,36,0,0
106,37,0,0
106,38,0,0
106,39,0,0
106,40,0,0
106,41,0,0
106,42,43,13
106,43,0,0
106,44,41,27
106,45,0,0
106,46,0,0
106,47,0,0
106,48,0,0
106,49,1,69
106,50,0,0
106,51,0,0
106,52,0,0
106,53,0,0
106,54,0,0
106,55,0,0
106,56,0,0
107,1,0,0
107,2,0,0
107,3,0,0
107,4,0,0
107,5,0,0
107,6,119,71
107,7,0,0
107,8,0,0
107,9,0,0
107,10,0,0
107,11,71,38
107,12,44,46
107,13,56,15
107,14,0,0
107,15,0,0
107,16,0,0
107,17,0,0
107,18,0,0
107,19,0,0
107,20,0,0
107,21,0,0
107,22,0,0
107,23,0,0
107,24,26,16
107,25,0,0
107,26,4,5
107,27,0,0
107,28,0,0
107,29,125,24
107,30,0,0
107,31,0,0
107,32,0,0
107,33,0,0
107,34,0,0
107,35,0,0
107,36,0,0
107,37,0,0
107,38,0,0
107,39,0,0
107,40,0,0
107,41,0,0
107,42,0,0
107,43,0,0
108,1,0,2
108,2,6,4
108,3,0,0
108,4,0,0
108,5,8,55
108,6,0,0
108,7,0,0
108,8,0,0
108,9,0,0
108,10,0,0
108,11,0,0
108,12,0,0
108,13,0,0
108,14,265,30
108,15,0,0
108,16,0,0
108,17,0,0
108,18,0,0
108,19,0,0
108,20,0,0
108,21,0,0
108,22,0,0
108,23,35,16
108,24,0,0
108,25,0,0
108,26,0,0
108,27,38,21
108,28,0,0
108,29,0,0
108,30,0,0
108,31,124,33
108,32,0,0
108,33,7,42
108,34,0,0
108,35,0,0
108,36,0,0
108,37,0,0
108,38,0,0
108,39,0,0
108,40,0,0
108,41,0,0
108,42,0,0
109,1,0,0
109,2,0,0
109,3,17,82
109,4,0,0
109,5,0,0
109,6,0,0
109,7,0,0
109,8,0,0
109,9,0,0
109,10,0,0
109,11,0,0
109,12,0,0
109,13,0,0
109,14,0,0
109,15,0,0
109,16,0,0
109,17,0,0
109,18,0,0
109,19,0,0
109,20,62,24
109,21,0,0
109,22,0,0
109,23,0,0
109,24,0,0
109,25,0,0
109,26,8,106
109,27,0,0
109,28,1,92
109,29,157,36
109,30,87,85
109,31,2,12
109,32,14,16
109,33,0,0
109,34,0,0
109,35,0,0
109,36,0,0
110,1,0,0
110,2,0,0
110,3,0,0
110,4,0,0
110,5,0,0
110,6,0,0
110,7,0,0
110,8,0,0
110,9,0,0
110,10,0,0
110,11,0,0
110,12,0,0
110,13,0,0
110,14,0,0
110,15,0,0
110,16,0,0
110,17,0,0
110,18,0,0
110,19,0,0
110,20,57,16
110,21,0,0
110,22,0,0
110,23,0,0
110,24,0,0
110,25,0,0
110,26,0,0
110,27,0,0
110,28,0,0
110,29,177,42
110,30,0,0
110,31,0,0
110,32,0,0
110,33,0,0
110,34,0,0
110,35,0,0
110,36,0,0
110,37,0,0
110,38,177,13
110,39,7,13
110,40,6,84
110,41,0,0
110,42,365,47
110,43,0,0
110,44,0,0
110,45,48,108
111,1,0,0
111,2,0,0
111,3,0,0
111,4,0,0
111,5,16,64
111,6,0,0
111,7,0,0
111,8,0,0
111,9,0,0
111,10,0,0
111,11,0,0
111,12,0,0
111,13,0,0
111,14,0,0
111,15,0,0
111,16,0,0
111,17,140,61
111,18,0,0
111,19,0,0
111,20,0,0
111,21,0,0
111,22,0,0
111,23,60,16
111,24,0,0
111,25,0,0
111,26,0,0
111,27,0,0
111,28,0,0
111,29,0,0
111,30,0,0
111,31,0,0
111,32,0,0
111,33,170,44
111,34,0,0
111,35,0,0
111,36,0,0
111,37,0,0
111,38,0,0
111,39,0,0
111,40,0,0
111,41,0,0
111,42,193,9
111,43,9,11
111,44,0,108
111,45,5,69
111,46,171,121
111,47,0,2
112,1,0,0
112,2,0,0
112,3,9,66
112,4,0,0
112,5,0,0
112,6,0,0
112,7,0,0
112,8,185,83
112,9,0,0
112,10,0,0
112,11,0,0
112,12,0,0
112,13,0,0
112,14,0,0
112,15,0,0
112,16,0,0
112,17,128,53
112,18,0,0
112,19,0,0
112,20,0,0
112,21,0,0
112,22,0,0
112,23,0,0
112,24,0,0
112,25,65,17
112,26,280,22
112,27,0,0
112,28,0,0
112,29,0,0
112,30,0,0
112,31,0,0
112,32,0,0
112,33,0,0
112,34,0,0
112,35,0,0
112,36,0,0
112,37,0,100
112,38,0,0
112,39,0,0
112,40,0,0
112,41,0,0
112,42,0,0
112,43,210,12
112,44,17,20
112,45,0,0
112,46,0,0
112,47,0,0
112,48,195,132
112,49,0,0
112,50,0,8
112,51,0,0
112,52,0,0
113,1,0,0
113,2,0,0
113,3,0,0
113,4,14,65
113,5,0,0
113,6,112,76
113,7,0,0
113,8,0,0
113,9,0,0
113,10,0,0
113,11,0,0
113,12,0,0
113,13,0,0
113,14,0,0
113,15,0,0
113,16,0,0
113,17,0,0
113,18,0,0
113,19,0,0
113,20,0,0
113,21,96,40
113,22,105,56
113,23,0,0
113,24,0,0
113,25,0,0
113,26,0,0
113,27,0,0
113,28,0,0
113,29,0,0
113,30,285,28
113,31,0,0
113,32,0,0
113,33,0,0
113,34,0,0
113,35,0,0
113,36,0,0
113,37,0,0
113,38,0,0
113,39,0,0
113,40,0,0
113,41,0,0
113,42,0,0
113,43,0,100
113,44,0,0
113,45,0,0
113,46,0,0
113,47,0,0
113,48,0,0
113,49,0,0
113,50,0,0
113,51,209,16
113,52,12,23
113,53,0,0
113,54,0,0
113,55,0,0
113,56,0,0
113,57,1,0
113,58,0,0
114,1,0,0
114,2,0,0
114,3,0,0
114,4,0,0
114,5,0,0
114,6,0,0
114,7,0,0
114,8,0,0
114,9,98,75
114,10,0,0
114,11,0,0
114,12,0,0
114,13,0,0
114,14,0,0
114,15,0,0
114,16,0,0
114,17,0,0
114,18,0,0
114,19,0,0
114,20,0,0
114,21,0,0
114,22,0,0
114,23,0,0
114,24,0,0
114,25,0,0
114,26,0,0
114,27,0,0
114,28,0,0
114,29,0,0
114,30,0,0
114,31,0,0
114,32,106,69
114,33,0,0
114,34,0,0
114,35,0,0
114,36,0,0
114,37,0,0
114,38,0,0
114,39,0,0
114,40,0,0
114,41,0,0
114,42,0,0
114,43,0,0
114,44,0,0
114,45,0,0
114,46,183,41
114,47,0,0
114,48,0,0
114,49,1,0
114,50,0,0
114,51,0,0
114,52,0,0
114,53,0,0
115,1,0,0
115,2,0,0
115,3,0,0
115,4,0,0
115,5,0,0
115,6,0,0
115,7,0,0
115,8,0,0
115,9,0,0
115,10,0,0
115,11,0,0
115,12,0,0
115,13,0,0
115,14,0,0
115,15,0,0
115,16,0,0
115,17,0,0
115,18,0,0
115,19,0,0
115,20,0,0
115,21,0,0
115,22,0,0
115,23,0,0
115,24,0,0
115,25,0,0
115,26,0,0
115,27,131,36
115,28,0,0
115,29,0,0
115,30,0,0
115,31,0,0
115,32,0,0
115,33,0,0
115,34,0,0
115,35,0,0
115,36,0,0
115,37,0,0
115,38,0,0
115,39,0,0
115,40,0,0
115,41,0,0
115,42,0,0
115,43,206,27
115,44,0,0
115,45,62,43
115,46,0,0
115,47,0,0
115,48,0,0
116,1,0,0
116,2,0,0
116,3,0,0
116,4,0,0
116,5,0,0
116,6,0,0
116,7,0,0
116,8,0,0
116,9,0,0
116,10,0,0
116,11,0,0
116,12,0,0
116,13,0,0
116,14,0,0
116,15,91,74
116,16,0,0
116,17,0,0
116,18,0,0
116,19,0,0
116,20,0,0
116,21,0,0
116,22,0,0
116,23,0,0
116,24,0,0
116,25,0,0
116,26,137,40
116,27,0,0
116,28,0,0
116,29,0,0
116,30,0,0
116,31,0,0
116,32,0,0
116,33,0,0
116,34,0,0
116,35,0,0
116,36,0,0
116,37,0,0
116,38,0,0
116,39,13,114
116,40,0,0
116,41,0,0
116,42,0,0
116,43,204,49
116,44,0,0
116,45,0,0
116,46,0,0
116,47,0,0
116,48,0,0
116,49,0,0
116,50,0,0
116,51,0,0
116,52,0,0
117,1,4,19
117,2,0,0
117,3,0,0
117,4,0,0
117,5,0,0
117,6,0,0
117,7,0,0
117,8,100,79
117,9,0,0
117,10,0,0
117,11,0,0
117,12,0,0
117,13,0,0
117,14,0,0
117,15,108,37
117,16,0,0
117,17,0,0
117,18,0,0
117,19,0,0
117,20,0,0
117,21,142,10
117,22,0,0
117,23,0,0
117,24,0,0
117,25,0,0
117,26,0,0
117,27,0,0
117,28,0,0
117,29,28,17
117,30,0,0
117,31,0,0
117,32,0,0
117,33,0,0
117,34,55,21
117,35,0,0
117,36,0,0
117,37,0,0
117,38,0,0
117,39,0,0
117,40,0,0
117,41,0,0
117,42,0,0
117,43,0,0
118,1,0,0
118,2,0,0
118,3,0,0
118,4,0,0
118,5,0,0
118,6,0,0
118,7,0,0
118,8,0,0
118,9,0,0
118,10,0,0
118,11,104,61
118,12,0,0
118,13,0,0
118,14,0,0
118,15,0,0
118,16,0,0
118,17,0,0
118,18,0,0
118,19,0,0
118,20,0,0
118,21,0,0
118,22,0,0
118,23,0,0
118,24,0,0
118,25,119,37
118,26,0,0
118,27,0,0
118,28,0,0
118,29,0,0
118,30,0,0
118,31,0,0
118,32,0,0
118,33,0,0
118,34,0,0
118,35,0,0
118,36,0,0
118,37,0,0
118,38,116,7
118,39,0,0
118,40,0,0
118,41,0,0
118,42,22,12
118,43,0,0
118,44,0,0
118,45,0,0
118,46,0,0
118,47,0,0
118,48,0,0
118,49,0,0
118,50,0,0
118,51,0,0
118,52,0,0
118,53,0,0
118,54,0,0
118,55,0,0
118,56,0,0
118,57,0,0
118,58,0,0
118,59,0,0
118,60,0,0
118,61,0,0
119,1,0,0
119,2,0,0
119,3,0,0
119,4,0,0
119,5,0,0
119,6,0,0
119,7,0,0
119,8,0,0
119,9,108,57
119,10,0,0
119,11,0,0
119,12,0,0
119,13,0,0
119,14,0,0
119,15,0,0
119,16,0,0
119,17,0,0
119,18,0,0
119,19,0,0
119,20,0,0
119,21,0,0
119,22,0,0
119,23,274,100
119,24,93,55
119,25,0,0
119,26,0,0
119,27,0,0
119,28,0,0
119,29,0,0
119,30,0,0
119,31,0,0
119,32,0,0
119,33,0,0
119,34,0,0
119,35,0,0
119,36,0,0
119,37,0,0
119,38,100,11
119,39,0,0
119,40,0,0
119,41,0,0
119,42,0,0
119,43,0,0
119,44,0,0
119,45,0,0
119,46,112,14
119,47,0,0
119,48,0,0
119,49,0,0
119,50,0,0
119,51,0,0
119,52,0,0
119,53,0,0
119,54,0,0
119,55,0,0
119,56,0,0
120,1,0,0
120,2,0,0
120,3,0,0
120,4,0,0
120,5,0,0
120,6,0,0
120,7,0,0
120,8,0,0
120,9,0,0
120,10,0,0
120,11,0,0
120,12,0,0
120,13,0,0
120,14,0,0
120,15,0,0
120,16,0,0
120,17,0,0
120,18,0,0
120,19,0,0
120,20,0,0
120,21,0,0
120,22,0,0
120,23,0,0
120,24,0,0
120,25,0,0
120,26,0,0
120,27,0,0
120,28,0,0
120,29,0,0
120,30,0,0
120,31,0,0
120,32,105,52
120,33,0,0
120,34,0,0
120,35,0,0
120,36,0,0
120,37,0,0
120,38,0,0
120,39,0,0
120,40,0,0
120,41,0,0
120,42,0,0
120,43,0,0
120,44,0,0
120,45,0,0
120,46,0,0
120,47,0,0
120,48,0,0
120,49,0,0
120,50,0,0
120,51,0,0
120,52,0,0
120,53,0,0
120,54,0,0
120,55,0,0
120,56,0,0
120,57,0,0
120,58,0,0
120,59,0,0
120,60,0,0
120,61,0,0
120,62,0,0
120,63,0,0
120,64,0,0
120,65,0,0
120,66,0,0
120,67,0,0
121,1,0,0
121,2,0,0
121,3,0,0
121,4,0,0
121,5,0,0
121,6,0,0
121,7,0,0
121,8,0,0
121,9,0,0
121,10,0,0
121,11,0,0
121,12,0,0
121,13,0,0
121,14,0,0
121,15,0,0
121,16,0,0
121,17,0,0
121,18,0,0
121,19,0,0
121,20,0,0
121,21,0,0
121,22,0,0
121,23,0,0
121,24,0,0
121,25,0,0
121,26,0,0
121,27,0,0
121,28,0,0
121,29,0,0
121,30,0,0
121,31,1,135
121,32,0,0
121,33,0,0
121,34,0,0
121,35,0,0
121,36,0,0
121,37,0,0
121,38,0,0
121,39,0,0
121,40,0,0
121,41,0,0
121,42,0,0
121,43,0,0
121,44,0,0
121,45,0,0
121,46,0,0
121,47,0,0
121,48,0,0
121,49,0,0
121,50,0,0
121,51,0,0
121,52,0,0
121,53,0,0
121,54,0,0
121,55,0,0
121,56,0,0
121,57,0,0
121,58,0,0
121,59,0,0
121,60,0,0
121,61,0,0
121,62,0,0
121,63,174,49
121,64,0,0
121,65,0,0
121,66,138,17
121,67,0,0
121,68,0,0
121,69,0,0
121,70,0,0
122,1,0,0
122,2,0,0
122,3,0,0
122,4,0,0
122,5,0,0
122,6,0,0
122,7,0,0
122,8,0,0
122,9,0,0
122,10,0,0
122,11,0,0
122,12,0,0
122,13,0,0
122,14,0,0
122,15,0,0
122,16,0,0
122,17,0,0
122,18,0,0
122,19,0,0
122,20,0,0
122,21,0,0
122,22,0,0
122,23,0,0
122,24,1,136
122,25,0,0
122,26,0,0
122,27,0,0
122,28,0,0
122,29,0,0
122,30,0,0
122,31,0,0
122,32,0,0
122,33,0,0
122,34,0,0
122,35,0,0
122,36,0,0
122,37,0,0
122,38,0,0
122,39,0,0
122,40,0,0
122,41,0,0
122,42,0,0
122,43,0,0
122,44,0,0
122,45,0,0
122,46,0,0
122,47,0,0
122,48,0,0
122,49,0,0
122,50,0,0
122,51,0,0
122,52,0,0
122,53,0,0
122,54,0,0
122,55,0,0
122,56,0,0
122,57,195,40
122,58,0,113
122,59,0,0
122,60,0,0
122,61,0,0
122,62,149,19
122,63,0,0
122,64,0,0
122,65,0,0
122,66,0,0
122,67,0,0
122,68,0,0
122,69,0,0
122,70,0,0
123,1,0,0
123,2,0,0
123,3,0,0
123,4,0,0
123,5,0,0
123,6,0,0
123,7,0,0
123,8,0,0
123,9,0,0
123,10,0,0
123,11,0,0
123,12,0,0
123,13,0,0
123,14,0,0
123,15,0,0
123,16,0,0
123,17,0,0
123,18,0,0
123,19,0,0
123,20,0,0
123,21,0,0
123,22,0,0
123,23,0,0
123,24,0,0
123,25,0,0
123,26,0,0
123,27,0,0
123,28,0,0
123,29,0,0
123,30,0,0
123,31,0,0
123,32,0,0
123,33,0,0
123,34,0,0
123,35,0,0
123,36,0,0
123,37,2,134
123,38,0,0
123,39,0,0
123,40,0,0
123,41,0,0
123,42,0,0
123,43,0,0
123,44,0,0
123,45,0,0
123,46,0,0
123,47,0,0
123,48,0,0
123,49,0,0
123,50,0,0
123,51,0,0
123,52,0,0
123,53,0,0
123,54,0,0
123,55,0,0
123,56,0,0
123,57,0,0
123,58,0,0
123,59,0,0
123,60,0,0
123,61,0,0
123,62,0,0
123,63,0,0
123,64,0,0
123,65,0,0
123,66,0,0
123,67,0,0
123,68,0,0
123,69,0,0
123,70,0,0
123,71,0,0
123,72,0,0
123,73,0,0
123,74,0,0
123,75,0,0
123,76,0,0
123,77,0,0
123,78,0,0
123,79,0,0
123,80,0,0
123,81,0,0
123,82,1,8
123,83,0,0
124,1,0,0
124,2,0,0
124,3,0,0
124,4,0,0
124,5,0,0
124,6,0,0
124,7,0,0
124,8,0,0
124,9,0,0
124,10,0,0
124,11,0,0
124,12,0,0
124,13,0,0
124,14,0,0
124,15,0,0
124,16,0,0
124,17,0,0
124,18,0,0
124,19,0,0
124,20,0,0
124,21,0,0
124,22,0,0
124,23,0,0
124,24,0,0
124,25,0,0
124,26,0,0
124,27,0,0
124,28,0,0
124,29,0,0
124,30,0,0
124,31,0,0
124,32,30,59
124,33,0,0
124,34,0,0
124,35,0,0
124,36,0,0
124,37,0,0
124,38,0,0
124,39,0,0
124,40,0,0
124,41,0,0
124,42,0,0
124,43,0,0
124,44,0,0
124,45,0,0
124,46,0,0
124,47,0,0
124,48,0,0
124,49,0,0
124,50,0,0
124,51,0,0
124,52,0,0
124,53,0,0
124,54,0,0
124,55,0,0
124,56,0,0
124,57,0,0
124,58,0,0
124,59,5,126
124,60,91,8
124,61,196,27
124,62,0,0
124,63,0,0
124,64,0,0
124,65,0,0
124,66,0,0
124,67,0,0
124,68,0,0
124,69,1,8
124,70,0,0
124,71,0,0
124,72,0,0
125,1,0,0
125,2,0,0
125,3,0,0
125,4,0,0
125,5,0,0
125,6,0,0
125,7,0,0
125,8,0,0
125,9,0,0
125,10,0,0
125,11,0,0
125,12,0,0
125,13,0,0
125,14,0,0
125,15,0,0
125,16,0,0
125,17,0,0
125,18,0,0
125,19,0,0
125,20,0,0
125,21,0,0
125,22,0,0
125,23,0,0
125,24,0,0
125,25,11,45
125,26,27,31
125,27,148,61
125,28,0,0
125,29,179,78
125,30,0,0
125,31,0,0
125,32,0,0
125,33,213,53
125,34,0,0
125,35,0,0
125,36,0,0
125,37,0,0
125,38,0,0
125,39,0,0
125,40,0,0
125,41,0,0
125,42,0,0
125,43,0,0
125,44,0,0
125,45,0,0
125,46,0,0
125,47,0,0
125,48,0,0
125,49,0,0
125,50,0,0
125,51,0,0
125,52,0,0
125,53,1,68
125,54,11,59
125,55,92,16
125,56,0,0
125,57,194,26
125,58,0,0
125,59,0,0
125,60,0,0
125,61,0,0
125,62,0,0
125,63,0,0
125,64,2,9
125,65,0,0
125,66,0,0
126,1,0,0
126,2,0,0
126,3,0,0
126,4,0,0
126,5,0,0
126,6,0,0
126,7,0,0
126,8,0,0
126,9,0,0
126,10,0,0
126,11,0,0
126,12,0,0
126,13,0,0
126,14,0,0
126,15,0,0
126,16,0,0
126,17,2,151
126,18,0,0
126,19,0,0
126,20,0,0
126,21,0,0
126,22,0,0
126,23,0,0
126,24,0,0
126,25,0,0
126,26,0,0
126,27,0,0
126,28,0,0
126,29,0,0
126,30,0,0
126,31,0,0
126,32,0,0
126,33,0,0
126,34,0,0
126,35,0,0
126,36,0,0
126,37,0,0
126,38,0,0
126,39,0,0
126,40,0,0
126,41,0,0
126,42,0,0
126,43,0,0
126,44,0,0
126,45,0,0
126,46,0,0
126,47,0,0
126,48,229,31
126,49,0,0
126,50,0,0
126,51,0,0
126,52,0,0
126,53,5,12
126,54,0,0
126,55,0,0
127,1,0,0
127,2,0,0
127,3,0,0
127,4,0,0
127,5,0,0
127,6,0,0
127,7,0,0
127,8,0,0
127,9,0,0
127,10,0,0
127,11,0,0
127,12,0,0
127,13,0,0
127,14,0,0
127,15,0,0
127,16,0,0
127,17,0,0
127,18,0,0
127,19,0,0
127,20,0,0
127,21,0,0
127,22,0,0
127,23,0,0
127,24,0,0
127,25,0,0
127,26,0,0
127,27,0,0
127,28,0,0
127,29,1,144
127,30,0,0
127,31,0,0
127,32,0,0
127,33,0,0
127,34,0,0
127,35,0,0
127,36,2,52
127,37,0,0
127,38,0,0
127,39,0,0
127,40,0,0
127,41,0,0
127,42,0,0
127,43,0,0
127,44,0,0
127,45,0,0
127,46,0,0
127,47,0,0
127,48,0,0
127,49,0,0
127,50,0,0
127,51,0,0
127,52,0,0
127,53,0,0
127,54,7,109
127,55,0,0
127,56,0,0
127,57,0,0
127,58,0,0
127,59,0,0
127,60,0,0
127,61,0,0
127,62,0,0
127,63,13,19
127,64,0,0
128,1,1,4
128,2,0,0
128,3,0,0
128,4,0,0
128,5,0,0
128,6,0,0
128,7,0,0
128,8,0,0
128,9,0,0
128,10,0,0
128,11,0,0
128,12,0,0
128,13,0,0
128,14,0,0
128,15,0,0
128,16,0,0
128,17,0,0
128,18,0,0
128,19,0,0
128,20,0,0
128,21,0,0
128,22,0,0
128,23,0,0
128,24,0,0
128,25,0,0
128,26,0,0
128,27,0,0
128,28,0,0
128,29,0,0
128,30,0,0
128,31,1,125
128,32,0,0
128,33,0,0
128,34,0,0
128,35,0,0
128,36,0,0
128,37,0,0
128,38,0,0
128,39,0,0
128,40,0,0
128,41,0,0
128,42,0,0
128,43,0,0
128,44,0,0
128,45,0,0
128,46,0,0
128,47,0,0
128,48,0,0
128,49,0,0
128,50,0,0
128,51,0,0
128,52,0,0
128,53,0,0
128,54,0,0
128,55,0,0
128,56,0,0
128,57,0,0
128,58,0,0
128,59,0,0
128,60,0,0
128,61,0,0
128,62,0,0
128,63,0,0
128,64,4,82
128,65,10,60
128,66,0,0
128,67,0,0
128,68,0,0
128,69,0,0
128,70,0,0
128,71,0,0
128,72,0,0
128,73,0,0
128,74,1,75
128,75,0,0
128,76,0,0
128,77,0,0
128,78,0,0
128,79,0,0
128,80,0,0
129,1,0,0
129,2,0,0
129,3,0,0
129,4,0,0
129,5,0,0
129,6,0,0
129,7,0,0
129,8,0,0
129,9,0,0
129,10,0,0
129,11,0,0
129,12,0,0
129,13,0,0
129,14,0,0
129,15,0,0
129,16,0,0
129,17,0,0
129,18,0,0
129,19,2,129
129,20,0,0
129,21,0,0
129,22,0,0
129,23,0,0
129,24,0,0
129,25,0,0
129,26,0,0
129,27,0,0
129,28,0,0
129,29,0,0
129,30,0,0
129,31,0,0
129,32,0,0
129,33,0,0
129,34,0,0
129,35,0,0
129,36,0,0
129,37,0,0
129,38,0,0
129,39,0,0
129,40,0,0
129,41,0,0
129,42,0,0
129,43,0,0
129,44,0,0
129,45,0,0
129,46,0,0
129,47,0,0
129,48,0,0
129,49,2,116
129,50,178,57
129,51,0,0
129,52,309,4
129,53,10,110
129,54,0,0
129,55,1,65
129,56,0,0
129,57,0,0
129,58,0,0
129,59,0,0
129,60,24,166
129,61,0,0
129,62,0,0
130,1,0,0
130,2,0,0
130,3,0,0
130,4,0,0
130,5,0,0
130,6,0,0
130,7,0,0
130,8,0,0
130,9,0,0
130,10,0,0
130,11,0,0
130,12,0,0
130,13,0,0
130,14,0,0
130,15,0,0
130,16,0,0
130,17,4,122
130,18,0,0
130,19,0,0
130,20,0,0
130,21,0,0
130,22,0,0
130,23,0,0
130,24,0,0
130,25,0,0
130,26,0,0
130,27,0,0
130,28,0,0
130,29,0,0
130,30,0,0
130,31,0,0
130,32,0,0
130,33,0,0
130,34,0,0
130,35,0,0
130,36,0,0
130,37,0,0
130,38,0,0
130,39,0,0
130,40,0,0
130,41,0,0
130,42,0,0
130,43,0,0
130,44,0,0
130,45,1,106
130,46,0,0
130,47,0,0
130,48,65,80
130,49,0,0
130,50,0,0
130,51,0,0
130,52,32,171
130,53,0,0
130,54,0,0
130,55,0,0
130,56,0,0
131,1,0,0
131,2,0,0
131,3,0,0
131,4,0,0
131,5,0,0
131,6,0,0
131,7,0,0
131,8,0,0
131,9,0,0
131,10,0,0
131,11,0,0
131,12,0,0
131,13,0,0
131,14,0,0
131,15,0,0
131,16,0,0
131,17,0,0
131,18,6,124
131,19,0,0
131,20,0,0
131,21,0,0
131,22,0,0
131,23,0,0
131,24,0,0
131,25,0,0
131,26,0,0
131,27,0,0
131,28,0,0
131,29,0,0
131,30,0,0
131,31,0,0
131,32,0,0
131,33,0,0
131,34,0,0
131,35,0,0
131,36,0,0
131,37,0,0
131,38,0,0
131,39,0,0
131,40,0,0
131,41,0,0
131,42,0,0
131,43,0,0
131,44,0,0
131,45,0,0
131,46,0,0
131,47,0,0
131,48,0,0
131,49,0,0
131,50,0,0
131,51,0,0
131,52,0,0
131,53,0,0
131,54,0,0
131,55,0,0
131,56,0,0
131,57,0,0
131,58,0,0
131,59,0,0
131,60,5,108
131,61,0,0
131,62,0,0
131,63,0,0
131,64,134,33
131,65,0,0
131,66,59,58
131,67,3,95
131,68,0,0
131,69,0,0
131,70,0,0
131,71,44,131
131,72,0,0
131,73,18,96
131,74,0,0
131,75,0,0
131,76,0,0
132,1,0,0
132,2,0,0
132,3,0,0
132,4,0,0
132,5,0,0
132,6,0,0
132,7,0,0
132,8,0,0
132,9,0,0
132,10,0,0
132,11,0,0
132,12,0,0
132,13,0,0
132,14,0,0
132,15,0,0
132,16,0,0
132,17,0,0
132,18,0,0
132,19,0,0
132,20,0,0
132,21,0,0
132,22,0,0
132,23,0,0
132,24,0,0
132,25,0,0
132,26,0,0
132,27,0,0
132,28,0,0
132,29,0,0
132,30,0,0
132,31,6,127
132,32,0,0
132,33,0,0
132,34,0,0
132,35,0,0
132,36,0,0
132,37,0,0
132,38,0,0
132,39,0,0
132,40,0,0
132,41,0,0
132,42,0,0
132,43,0,0
132,44,0,0
132,45,0,0
132,46,0,0
132,47,0,0
132,48,0,0
132,49,0,0
132,50,0,0
132,51,0,0
132,52,0,0
132,53,0,0
132,54,0,0
132,55,0,0
132,56,0,0
132,57,0,0
132,58,0,0
132,59,0,0
132,60,0,0
132,61,0,0
132,62,0,0
132,63,0,0
132,64,0,0
132,65,0,0
132,66,0,0
132,67,0,0
132,68,0,0
132,69,0,0
132,70,0,0
132,71,0,0
132,72,165,40
132,73,0,0
132,74,0,0
132,75,0,0
132,76,9,115
132,77,0,0
132,78,0,0
132,79,0,199
132,80,0,0
132,81,0,0
132,82,18,125
132,83,0,0
132,84,0,0
132,85,0,0
132,86,0,0
133,1,0,0
133,2,0,0
133,3,0,0
133,4,0,0
133,5,0,0
133,6,0,0
133,7,0,0
133,8,0,0
133,9,0,0
133,10,0,0
133,11,0,0
133,12,0,0
133,13,0,0
133,14,0,0
133,15,0,0
133,16,0,0
133,17,0,0
133,18,146,95
133,19,0,0
133,20,0,0
133,21,0,0
133,22,0,0
133,23,0,0
133,24,0,0
133,25,0,0
133,26,0,0
133,27,0,0
133,28,0,0
133,29,0,0
133,30,0,0
133,31,0,0
133,32,0,0
133,33,0,0
133,34,0,0
133,35,0,0
133,36,0,0
133,37,0,0
133,38,0,0
133,39,0,0
133,40,0,0
133,41,0,0
133,42,0,0
133,43,0,0
133,44,0,0
133,45,0,0
133,46,0,0
133,47,263,7
133,48,170,38
133,49,0,0
133,50,0,0
133,51,13,105
133,52,0,0
133,53,0,0
133,54,0,0
133,55,0,0
133,56,29,107
133,57,0,0
133,58,0,0
133,59,0,27
133,60,0,0
133,61,0,0
133,62,0,0
133,63,0,0
133,64,0,0
134,1,0,0
134,2,0,0
134,3,0,0
134,4,28,41
134,5,0,0
134,6,0,0
134,7,0,0
134,8,0,0
134,9,0,0
134,10,0,0
134,11,0,0
134,12,0,0
134,13,0,0
134,14,0,0
134,15,0,0
134,16,0,0
134,17,0,0
134,18,0,0
134,19,0,0
134,20,0,0
134,21,137,102
134,22,0,0
134,23,0,0
134,24,0,0
134,25,0,0
134,26,0,0
134,27,0,0
134,28,0,0
134,29,0,0
134,30,0,0
134,31,0,0
134,32,0,0
134,33,0,0
134,34,0,0
134,35,0,0
134,36,0,0
134,37,0,0
134,38,0,0
134,39,0,0
134,40,0,0
134,41,0,0
134,42,0,0
134,43,0,0
134,44,330,35
134,45,0,0
134,46,0,0
134,47,0,0
134,48,0,0
134,49,0,0
134,50,0,0
134,51,0,0
134,52,0,0
134,53,0,0
134,54,178,12
134,55,0,0
134,56,0,0
134,57,0,0
134,58,0,0
134,59,0,0
134,60,0,0
134,61,0,0
134,62,184,47
134,63,0,0
134,64,0,0
134,65,0,0
134,66,15,92
134,67,0,0
134,68,0,0
134,69,28,10
134,70,23,82
134,71,0,0
134,72,1,20
134,73,0,0
134,74,0,0
134,75,0,0
134,76,0,0
134,77,0,0
135,1,0,0
135,2,0,0
135,3,0,0
135,4,0,0
135,5,0,0
135,6,0,0
135,7,0,0
135,8,0,0
135,9,0,0
135,10,0,0
135,11,0,0
135,12,0,0
135,13,0,0
135,14,0,0
135,15,0,0
135,16,0,0
135,17,0,0
135,18,0,0
135,19,0,0
135,20,0,0
135,21,0,0
135,22,0,0
135,23,0,0
135,24,0,0
135,25,0,0
135,26,0,0
135,27,0,0
135,28,0,0
135,29,0,0
135,30,0,0
135,31,0,0
135,32,0,0
135,33,0,0
135,34,0,0
135,35,0,0
135,36,0,0
135,37,0,0
135,38,0,0
135,39,0,0
135,40,0,0
135,41,0,0
135,42,0,0
135,43,0,0
135,44,0,0
135,45,0,0
135,46,0,0
135,47,0,0
135,48,0,0
135,49,0,0
135,50,0,0
135,51,0,0
135,52,0,0
135,53,0,0
135,54,0,0
135,55,0,0
135,56,0,0
135,57,0,0
135,58,350,34
135,59,0,0
135,60,0,0
135,61,0,0
135,62,0,0
135,63,0,0
135,64,0,0
135,65,0,0
135,66,0,0
135,67,0,0
135,68,174,13
135,69,0,0
135,70,0,0
135,71,0,0
135,72,0,0
135,73,0,0
135,74,126,50
135,75,173,37
135,76,22,85
135,77,0,0
135,78,0,0
135,79,2,55
135,80,0,0
135,81,0,0
135,82,0,0
136,1,0,0
136,2,0,0
136,3,0,0
136,4,0,0
136,5,0,0
136,6,0,0
136,7,0,0
136,8,0,0
136,9,0,0
136,10,0,0
136,11,0,0
136,12,0,0
136,13,0,0
136,14,0,0
136,15,0,0
136,16,0,0
136,17,0,0
136,18,0,0
136,19,0,0
136,20,0,0
136,21,0,0
136,22,0,0
136,23,0,0
136,24,0,0
136,25,0,0
136,26,0,0
136,27,0,0
136,28,0,0
136,29,0,0
136,30,0,0
136,31,0,0
136,32,0,0
136,33,0,0
136,34,0,0
136,35,0,0
136,36,0,0
136,37,0,0
136,38,0,0
136,39,0,0
136,40,0,0
136,41,0,0
136,42,0,0
136,43,0,0
136,44,0,0
136,45,0,0
136,46,0,0
136,47,0,0
136,48,0,0
136,49,114,98
136,50,0,0
136,51,0,0
136,52,0,0
136,53,0,0
136,54,0,0
136,55,0,0
136,56,0,0
136,57,0,0
136,58,0,0
136,59,0,0
136,60,0,0
136,61,0,0
136,62,0,0
136,63,0,0
136,64,0,0
136,65,0,0
136,66,0,0
136,67,116,72
136,68,0,0
136,69,0,0
136,70,0,0
136,71,0,0
136,72,95,17
136,73,0,0
136,74,0,0
136,75,0,0
136,76,0,0
136,77,0,0
136,78,0,0
136,79,0,0
136,80,0,0
136,81,0,0
136,82,0,0
136,83,0,0
136,84,0,0
136,85,0,0
136,86,0,0
136,87,0,0
136,88,15,71
136,89,0,0
136,90,0,0
136,91,0,0
136,92,31,47
136,93,0,0
136,94,0,0
136,95,0,0
136,96,163,14
136,97,0,0
136,98,0,0
136,99,0,0
136,100,0,0
136,101,0,0
136,102,0,0
136,103,0,0
136,104,27,77
136,105,0,0
136,106,26,34
136,107,0,0
136,108,0,0
136,109,0,0
136,110,1,24
136,111,0,0
136,112,0,0
137,1,0,0
137,2,0,0
137,3,0,0
137,4,0,0
137,5,0,0
137,6,0,0
137,7,0,0
137,8,0,0
137,9,0,0
137,10,0,0
137,11,0,0
137,12,0,0
137,13,0,0
137,14,0,0
137,15,0,0
137,16,0,0
137,17,0,0
137,18,0,0
137,19,0,0
137,20,0,0
137,21,0,0
137,22,0,0
137,23,0,0
137,24,0,0
137,25,0,0
137,26,0,0
137,27,0,0
137,28,0,0
137,29,0,0
137,30,0,0
137,31,0,0
137,32,0,0
137,33,0,0
137,34,96,88
137,35,0,0
137,36,0,0
137,37,0,0
137,38,8,127
137,39,0,0
137,40,0,0
137,41,0,0
137,42,0,0
137,43,0,0
137,44,0,0
137,45,0,0
137,46,152,68
137,47,0,0
137,48,0,0
137,49,0,0
137,50,0,0
137,51,0,0
137,52,0,0
137,53,0,0
137,54,108,70
137,55,0,0
137,56,0,0
137,57,0,0
137,58,0,0
137,59,0,0
137,60,0,0
137,61,0,0
137,62,0,0
137,63,0,0
137,64,0,0
137,65,0,0
137,66,0,0
137,67,0,0
137,68,0,0
137,69,0,0
137,70,0,0
137,71,0,0
137,72,0,0
137,73,0,0
137,74,45,76
137,75,0,0
137,76,0,0
137,77,0,0
137,78,0,0
137,79,0,0
137,80,0,0
137,81,0,0
137,82,170,16
137,83,0,0
137,84,0,0
137,85,0,0
137,86,0,0
137,87,0,0
137,88,0,0
137,89,0,0
137,90,0,0
137,91,0,0
137,92,0,0
137,93,0,0
137,94,0,0
137,95,0,0
137,96,0,0
137,97,0,0
137,98,0,0
137,99,0,0
137,100,18,69
137,101,0,0
137,102,0,163
137,103,0,0
137,104,0,0
137,105,0,0
137,106,2,30
137,107,0,0
137,108,0,0
138,1,0,0
138,2,0,0
138,3,0,0
138,4,0,0
138,5,0,0
138,6,0,0
138,7,0,0
138,8,0,0
138,9,0,0
138,10,0,0
138,11,0,0
138,12,0,0
138,13,0,0
138,14,0,0
138,15,0,0
138,16,0,0
138,17,0,0
138,18,0,0
138,19,0,0
138,20,0,0
138,21,0,0
138,22,0,0
138,23,0,0
138,24,0,0
138,25,0,0
138,26,0,0
138,27,0,0
138,28,0,0
138,29,0,0
138,30,0,0
138,31,0,0
138,32,0,0
138,33,94,86
138,34,0,0
138,35,0,0
138,36,0,0
138,37,0,0
138,38,0,0
138,39,0,0
138,40,8,124
138,41,0,0
138,42,0,0
138,43,0,0
138,44,0,0
138,45,0,0
138,46,146,75
138,47,0,0
138,48,0,0
138,49,0,0
138,50,0,0
138,51,105,68
138,52,210,83
138,53,0,0
138,54,0,0
138,55,0,0
138,56,0,0
138,57,0,0
138,58,0,0
138,59,0,0
138,60,0,0
138,61,0,0
138,62,0,0
138,63,0,0
138,64,0,0
138,65,0,0
138,66,0,0
138,67,0,0
138,68,0,0
138,69,0,0
138,70,0,0
138,71,0,0
138,72,0,0
138,73,0,0
138,74,0,0
138,75,0,0
138,76,0,0
138,77,0,0
138,78,0,0
138,79,0,0
138,80,0,0
138,81,0,0
138,82,0,0
138,83,0,0
138,84,19,72
138,85,0,0
138,86,3,43
138,87,0,0
139,1,0,0
139,2,0,0
139,3,0,0
139,4,0,0
139,5,0,0
139,6,0,0
139,7,0,0
139,8,0,0
139,9,0,0
139,10,0,0
139,11,0,0
139,12,0,0
139,13,0,0
139,14,0,0
139,15,0,0
139,16,0,0
139,17,0,0
139,18,0,0
139,19,0,0
139,20,0,0
139,21,0,0
139,22,0,0
139,23,0,0
139,24,0,0
139,25,0,0
139,26,0,0
139,27,0,0
139,28,0,0
139,29,0,0
139,30,0,0
139,31,0,0
139,32,0,0
139,33,0,0
139,34,0,0
139,35,0,0
139,36,0,0
139,37,0,0
139,38,0,0
139,39,10,109
139,40,0,0
139,41,0,0
139,42,0,0
139,43,0,0
139,44,29,57
139,45,0,0
139,46,9,57
139,47,0,0
139,48,0,0
139,49,0,0
139,50,0,0
139,51,0,0
139,52,0,0
139,53,0,0
139,54,106,74
139,55,0,0
139,56,0,0
139,57,0,0
139,58,0,0
139,59,0,0
139,60,0,0
139,61,0,0
139,62,0,0
139,63,0,0
139,64,0,0
139,65,0,0
139,66,0,0
139,67,0,0
139,68,0,0
139,69,0,0
139,70,0,0
139,71,0,0
139,72,0,0
139,73,0,0
139,74,0,0
139,75,0,0
139,76,0,0
139,77,0,0
139,78,0,0
139,79,0,0
139,80,0,0
139,81,0,0
139,82,0,0
139,83,0,0
139,84,0,0
139,85,0,0
139,86,0,0
139,87,0,0
139,88,0,0
139,89,0,0
139,90,66,30
139,91,0,0
139,92,19,36
139,93,3,60
139,94,2,27
140,1,0,0
140,2,0,0
140,3,0,0
140,4,0,0
140,5,0,0
140,6,0,0
140,7,0,0
140,8,0,0
140,9,0,0
140,10,0,0
140,11,0,0
140,12,0,0
140,13,0,0
140,14,0,0
140,15,0,0
140,16,0,0
140,17,0,0
140,18,0,0
140,19,0,0
140,20,94,88
140,21,0,0
140,22,0,0
140,23,0,0
140,24,0,0
140,25,0,0
140,26,0,0
140,27,0,0
140,28,0,0
140,29,7,114
140,30,0,0
140,31,0,0
140,32,0,0
140,33,0,0
140,34,0,0
140,35,0,0
140,36,0,0
140,37,0,0
140,38,12,72
140,39,0,0
140,40,0,0
140,41,0,0
140,42,0,0
140,43,0,0
140,44,0,0
140,45,0,0
140,46,0,0
140,47,0,0
140,48,0,0
140,49,0,0
140,50,0,0
140,51,0,0
140,52,0,0
140,53,0,0
140,54,0,0
140,55,0,0
140,56,0,0
140,57,0,0
140,58,0,0
140,59,0,0
140,60,0,0
140,61,0,0
140,62,0,0
140,63,0,0
140,64,0,0
140,65,0,0
140,66,0,0
140,67,0,0
140,68,0,0
140,69,0,0
140,70,0,0
140,71,241,39
140,72,0,0
140,73,0,0
140,74,0,0
140,75,0,0
140,76,0,0
140,77,0,0
140,78,0,0
140,79,0,0
140,80,0,0
140,81,0,0
140,82,7,0
140,83,0,0
140,84,0,0
140,85,0,0
140,86,0,0
140,87,0,0
140,88,96,45
140,89,0,0
140,90,0,0
140,91,1,156
140,92,0,0
140,93,0,0
140,94,0,0
140,95,6,84
140,96,0,2
140,97,0,0
140,98,0,0
140,99,0,0
141,1,0,0
141,2,0,0
141,3,0,0
141,4,0,0
141,5,0,0
141,6,0,0
141,7,0,0
141,8,0,0
141,9,0,0
141,10,0,0
141,11,0,0
141,12,0,0
141,13,0,0
141,14,0,0
141,15,0,0
141,16,0,0
141,17,0,0
141,18,0,0
141,19,0,0
141,20,0,0
141,21,0,0
141,22,0,0
141,23,0,0
141,24,0,0
141,25,0,0
141,26,0,0
141,27,0,0
141,28,0,0
141,29,99,84
141,30,0,0
141,31,0,0
141,32,0,0
141,33,0,0
141,34,0,0
141,35,0,0
141,36,0,0
141,37,0,0
141,38,0,0
141,39,0,0
141,40,0,0
141,41,0,0
141,42,0,0
141,43,0,0
141,44,0,0
141,45,0,0
141,46,0,0
141,47,0,0
141,48,0,0
141,49,5,109
141,50,0,0
141,51,0,0
141,52,0,0
141,53,0,0
141,54,0,0
141,55,0,0
141,56,0,0
141,57,0,0
141,58,0,0
141,59,0,0
141,60,0,0
141,61,0,0
141,62,0,0
141,63,0,0
141,64,0,0
141,65,0,0
141,66,0,0
141,67,0,0
141,68,0,0
141,69,0,0
141,70,0,0
141,71,0,0
141,72,0,0
141,73,0,0
141,74,0,0
141,75,0,0
141,76,0,0
141,77,0,0
141,78,0,0
141,79,0,0
141,80,0,0
141,81,0,0
141,82,0,0
141,83,0,0
141,84,0,0
141,85,0,0
141,86,0,0
141,87,0,0
141,88,0,0
141,89,0,0
141,90,0,0
141,91,0,0
141,92,0,0
141,93,0,0
141,94,0,0
141,95,0,0
141,96,0,0
141,97,0,0
141,98,0,0
141,99,0,0
141,100,0,0
141,101,0,0
141,102,0,0
141,103,0,0
141,104,0,0
141,105,0,0
141,106,0,0
141,107,0,0
141,108,0,0
141,109,0,0
141,110,59,27
141,111,0,0
141,112,0,0
141,113,0,0
141,114,0,0
141,115,0,0
141,116,0,0
141,117,0,0
141,118,0,0
141,119,0,0
141,120,0,0
141,121,91,21
141,122,5,66
141,123,0,0
141,124,0,0
141,125,8,119
141,126,0,0
141,127,0,0
141,128,0,0
141,129,0,0
142,1,0,0
142,2,0,0
142,3,0,0
142,4,0,0
142,5,0,0
142,6,0,0
142,7,0,0
142,8,0,0
142,9,0,0
142,10,0,0
142,11,0,0
142,12,0,0
142,13,0,0
142,14,0,0
142,15,0,0
142,16,0,0
142,17,0,0
142,18,0,0
142,19,0,0
142,20,0,0
142,21,0,0
142,22,0,0
142,23,0,0
142,24,0,0
142,25,0,0
142,26,0,0
142,27,0,0
142,28,0,0
142,29,0,0
142,30,0,0
142,31,0,0
142,32,0,0
142,33,0,0
142,34,0,0
142,35,0,0
142,36,0,0
142,37,0,0
142,38,0,0
142,39,0,0
142,40,0,0
142,41,0,0
142,42,0,0
142,43,0,0
142,44,0,0
142,45,0,0
142,46,0,0
142,47,0,0
142,48,0,0
142,49,0,0
142,50,0,0
142,51,0,0
142,52,0,0
142,53,0,0
142,54,0,0
142,55,0,0
142,56,0,0
142,57,0,0
142,58,0,0
142,59,0,0
142,60,0,0
142,61,0,0
142,62,0,0
142,63,0,0
142,64,0,0
142,65,0,0
142,66,0,0
142,67,0,0
142,68,0,0
142,69,0,0
142,70,0,0
142,71,7,113
142,72,0,0
142,73,0,0
142,74,0,0
142,75,0,0
142,76,0,0
142,77,0,0
142,78,0,0
142,79,0,0
142,80,0,0
142,81,0,0
142,82,0,0
142,83,0,0
142,84,0,0
142,85,0,0
142,86,0,0
142,87,0,0
142,88,0,0
142,89,0,0
142,90,0,0
142,91,0,0
142,92,0,0
142,93,0,0
142,94,0,0
142,95,0,0
142,96,0,0
142,97,0,0
142,98,0,0
142,99,0,0
142,100,0,0
142,101,0,0
142,102,0,0
142,103,0,0
142,104,0,0
142,105,0,0
142,106,0,0
142,107,0,0
142,108,0,0
142,109,0,0
142,110,0,0
142,111,0,0
142,112,0,0
142,113,0,0
142,114,0,0
142,115,0,0
142,116,0,0
142,117,0,0
142,118,0,0
142,119,0,0
142,120,0,0
142,121,0,0
142,122,0,0
142,123,0,0
142,124,0,0
142,125,0,0
142,126,0,0
142,127,0,0
142,128,0,0
142,129,0,0
142,130,0,0
142,131,0,0
142,132,0,0
142,133,0,0
142,134,0,0
142,135,0,0
142,136,0,0
142,137,0,0
142,138,0,0
142,139,32,7
142,140,251,14
142,141,0,0
142,142,110,16
142,143,0,0
142,144,0,0
142,145,28,51
142,146,0,0
142,147,0,0
142,148,0,0
142,149,0,0
142,150,0,0
142,151,0,0
142,152,0,0
142,153,0,0
142,154,0,0
142,155,0,0
142,156,123,61
142,157,0,0
142,158,0,0
142,159,17,89
142,160,0,0
142,161,4,215
142,162,0,0
142,163,0,0
143,1,0,0
143,2,0,0
143,3,0,0
143,4,0,0
143,5,0,0
143,6,0,0
143,7,0,0
143,8,0,0
143,9,0,0
143,10,0,0
143,11,0,0
143,12,0,0
143,13,0,0
143,14,32,15
143,15,0,0
143,16,0,0
143,17,0,0
143,18,0,0
143,19,0,0
143,20,0,0
143,21,0,0
143,22,0,0
143,23,0,0
143,24,0,0
143,25,0,0
143,26,0,0
143,27,0,0
143,28,0,0
143,29,0,0
143,30,0,0
143,31,0,0
143,32,0,0
143,33,0,0
143,34,0,0
143,35,0,0
143,36,0,0
143,37,0,0
143,38,0,0
143,39,0,0
143,40,0,0
143,41,0,0
143,42,0,0
143,43,0,0
143,44,0,0
143,45,0,0
143,46,0,0
143,47,6,97
143,48,0,0
143,49,0,0
143,50,0,0
143,51,0,0
143,52,0,0
143,53,0,0
143,54,0,0
143,55,8,39
143,56,0,0
143,57,0,0
143,58,0,0
143,59,0,0
143,60,0,0
143,61,0,0
143,62,0,0
143,63,0,0
143,64,0,0
143,65,0,0
143,66,0,0
143,67,0,0
143,68,0,0
143,69,0,0
143,70,0,0
143,71,6,51
143,72,0,0
143,73,0,0
143,74,0,0
143,75,0,0
143,76,0,0
143,77,0,0
143,78,0,0
143,79,0,0
143,80,0,0
143,81,0,0
143,82,0,0
143,83,0,0
143,84,122,64
143,85,0,0
143,86,0,0
143,87,0,0
143,88,0,0
143,89,0,0
143,90,0,0
143,91,0,0
143,92,0,0
143,93,0,0
143,94,0,0
143,95,0,0
143,96,0,0
143,97,0,0
143,98,0,0
143,99,0,0
143,100,0,0
143,101,0,0
143,102,0,0
143,103,0,0
143,104,0,0
143,105,0,0
143,106,0,0
143,107,0,0
143,108,0,0
143,109,0,0
143,110,0,0
143,111,0,0
143,112,0,0
143,113,0,0
143,114,0,0
143,115,0,0
143,116,0,0
143,117,0,0
143,118,32,10
143,119,266,24
143,120,112,16
143,121,0,0
143,122,0,0
143,123,0,0
143,124,0,0
143,125,0,0
143,126,0,0
143,127,137,54
143,128,0,0
143,129,2,134
143,130,2,61
143,131,0,0
143,132,1,155
143,133,0,0
143,134,0,0
143,135,2,37
144,1,0,0
144,2,0,0
144,3,0,0
144,4,0,0
144,5,0,0
144,6,0,0
144,7,0,0
144,8,0,0
144,9,0,0
144,10,0,0
144,11,0,0
144,12,0,0
144,13,0,0
144,14,0,0
144,15,0,0
144,16,0,0
144,17,0,0
144,18,0,0
144,19,0,0
144,20,0,0
144,21,0,0
144,22,0,0
144,23,0,0
144,24,0,0
144,25,0,0
144,26,0,0
144,27,0,0
144,28,0,0
144,29,0,0
144,30,0,0
144,31,0,0
144,32,0,0
144,33,0,0
144,34,0,0
144,35,0,0
144,36,0,0
144,37,0,0
144,38,0,0
144,39,0,0
144,40,11,127
144,41,0,0
144,42,0,0
144,43,0,0
144,44,0,0
144,45,0,0
144,46,0,0
144,47,0,0
144,48,0,0
144,49,0,0
144,50,0,0
144,51,0,0
144,52,0,0
144,53,0,0
144,54,0,0
144,55,117,74
144,56,0,0
144,57,0,0
144,58,0,0
144,59,0,0
144,60,0,0
144,61,0,0
144,62,0,0
144,63,0,0
144,64,0,0
144,65,0,0
144,66,0,0
144,67,0,0
144,68,0,0
144,69,0,0
144,70,0,0
144,71,0,0
144,72,0,0
144,73,0,0
144,74,0,0
144,75,0,0
144,76,0,0
144,77,0,0
144,78,0,0
144,79,0,0
144,80,0,0
144,81,28,11
144,82,109,16
144,83,0,0
144,84,0,0
144,85,0,0
144,86,0,0
144,87,0,0
144,88,0,0
144,89,0,0
144,90,0,0
144,91,0,0
144,92,0,0
144,93,0,0
144,94,85,90
144,95,0,0
144,96,0,0
144,97,4,200
144,98,0,0
144,99,0,0
144,100,0,0
144,101,0,0
144,102,0,0
144,103,0,0
145,1,0,0
145,2,0,0
145,3,0,0
145,4,0,0
145,5,0,0
145,6,0,0
145,7,0,0
145,8,0,0
145,9,0,0
145,10,0,0
145,11,0,0
145,12,0,0
145,13,0,0
145,14,0,0
145,15,0,0
145,16,0,0
145,17,0,0
145,18,0,0
145,19,0,0
145,20,0,0
145,21,0,0
145,22,0,0
145,23,0,0
145,24,0,0
145,25,0,0
145,26,0,0
145,27,0,0
145,28,0,0
145,29,0,0
145,30,0,0
145,31,0,0
145,32,0,0
145,33,0,0
145,34,0,0
145,35,0,0
145,36,0,0
145,37,0,0
145,38,0,0
145,39,0,0
145,40,0,0
145,41,0,0
145,42,0,0
145,43,0,0
145,44,0,0
145,45,0,0
145,46,0,0
145,47,0,0
145,48,0,0
145,49,0,0
145,50,0,0
145,51,0,0
145,52,0,0
145,53,0,0
145,54,0,0
145,55,0,0
145,56,12,120
145,57,0,0
145,58,0,0
145,59,122,79
145,60,0,0
145,61,0,0
145,62,0,0
145,63,0,0
145,64,0,0
145,65,0,0
145,66,0,0
145,67,0,0
145,68,0,0
145,69,0,0
145,70,0,0
145,71,0,0
145,72,0,0
145,73,0,0
145,74,121,67
145,75,0,0
145,76,0,0
145,77,0,0
145,78,0,0
145,79,0,0
145,80,0,0
145,81,0,0
145,82,0,0
145,83,0,0
145,84,0,0
145,85,0,0
145,86,0,0
145,87,0,0
145,88,0,0
145,89,0,0
145,90,0,0
145,91,0,0
145,92,0,0
145,93,0,0
145,94,0,0
145,95,0,0
145,96,244,19
145,97,0,0
145,98,0,0
145,99,0,0
145,100,0,0
145,101,0,0
145,102,0,0
145,103,0,0
145,104,0,0
145,105,0,0
145,106,0,0
145,107,0,0
145,108,0,0
145,109,0,0
145,110,0,0
145,111,130,26
145,112,0,0
145,113,0,0
145,114,0,0
145,115,0,0
145,116,0,0
145,117,0,0
145,118,0,0
145,119,0,0
145,120,0,0
145,121,0,0
145,122,0,0
145,123,0,0
145,124,7,220
145,125,0,0
145,126,3,95
145,127,0,103
145,128,0,0
145,129,0,0
145,130,1,46
146,1,0,0
146,2,0,0
146,3,0,0
146,4,0,0
146,5,0,0
146,6,0,0
146,7,0,0
146,8,0,0
146,9,0,0
146,10,0,0
146,11,0,0
146,12,0,0
146,13,0,0
146,14,0,0
146,15,0,0
146,16,44,30
146,17,0,0
146,18,0,0
146,19,0,0
146,20,0,0
146,21,0,0
146,22,0,0
146,23,0,0
146,24,0,0
146,25,0,0
146,26,0,0
146,27,0,0
146,28,0,0
146,29,0,0
146,30,0,0
146,31,0,0
146,32,0,0
146,33,0,0
146,34,0,0
146,35,0,0
146,36,0,0
146,37,0,0
146,38,0,0
146,39,0,0
146,40,0,0
146,41,0,0
146,42,0,0
146,43,0,0
146,44,0,0
146,45,0,0
146,46,0,0
146,47,0,0
146,48,0,0
146,49,12,129
146,50,0,0
146,51,127,77
146,52,0,0
146,53,0,0
146,54,0,0
146,55,0,0
146,56,0,0
146,57,0,0
146,58,0,0
146,59,0,0
146,60,0,0
146,61,0,0
146,62,0,0
146,63,0,0
146,64,0,0
146,65,0,0
146,66,0,0
146,67,0,0
146,68,0,0
146,69,0,0
146,70,0,0
146,71,0,0
146,72,0,0
146,73,0,0
146,74,0,0
146,75,0,0
146,76,0,0
146,77,0,0
146,78,0,0
146,79,0,0
146,80,0,0
146,81,0,0
146,82,0,0
146,83,0,0
146,84,0,0
146,85,0,0
146,86,0,0
146,87,0,0
146,88,0,0
146,89,0,0
146,90,0,0
146,91,0,0
146,92,0,0
146,93,0,0
146,94,0,0
146,95,0,0
146,96,0,0
146,97,0,0
146,98,0,0
146,99,0,0
146,100,0,0
146,101,0,0
146,102,0,0
146,103,0,0
146,104,0,0
146,105,0,0
146,106,0,0
146,107,0,0
146,108,0,0
146,109,0,0
146,110,113,43
146,111,0,0
146,112,0,0
146,113,0,0
146,114,0,0
146,115,0,0
146,116,5,149
146,117,0,0
146,118,0,0
147,1,0,0
147,2,0,0
147,3,0,0
147,4,0,0
147,5,0,0
147,6,0,0
147,7,0,0
147,8,0,0
147,9,0,0
147,10,0,0
147,11,0,0
147,12,0,0
147,13,0,0
147,14,0,0
147,15,0,0
147,16,0,0
147,17,0,0
147,18,0,0
147,19,0,0
147,20,0,0
147,21,0,0
147,22,0,0
147,23,0,0
147,24,0,0
147,25,0,0
147,26,0,0
147,27,0,0
147,28,0,0
147,29,0,0
147,30,0,0
147,31,0,0
147,32,0,0
147,33,0,0
147,34,0,0
147,35,0,0
147,36,0,0
147,37,0,0
147,38,0,0
147,39,0,0
147,40,14,129
147,41,0,0
147,42,0,0
147,43,0,0
147,44,0,0
147,45,0,0
147,46,146,68
147,47,0,0
147,48,0,0
147,49,0,0
147,50,0,0
147,51,0,0
147,52,0,0
147,53,0,0
147,54,0,0
147,55,0,0
147,56,0,0
147,57,0,0
147,58,0,0
147,59,0,0
147,60,0,0
147,61,0,0
147,62,0,0
147,63,0,0
147,64,0,0
147,65,0,0
147,66,0,0
147,67,0,0
147,68,0,0
147,69,0,0
147,70,0,0
147,71,0,0
147,72,0,0
147,73,0,0
147,74,0,0
147,75,0,0
147,76,0,0
147,77,0,0
147,78,0,0
147,79,0,0
147,80,0,0
147,81,0,0
147,82,0,0
147,83,0,0
147,84,0,0
147,85,0,0
147,86,0,0
147,87,0,0
147,88,0,0
147,89,0,0
147,90,0,0
147,91,0,0
147,92,0,0
147,93,0,0
147,94,0,0
147,95,0,0
147,96,0,0
147,97,0,0
147,98,0,0
147,99,0,0
147,100,0,0
147,101,0,0
147,102,0,0
147,103,0,0
147,104,0,0
147,105,0,0
147,106,0,0
147,107,0,0
147,108,0,0
147,109,0,0
147,110,0,0
147,111,0,0
147,112,0,0
147,113,0,0
147,114,0,0
147,115,0,0
147,116,5,112
147,117,0,0
147,118,12,117
147,119,0,0
147,120,0,0
147,121,0,0
148,1,0,0
148,2,0,0
148,3,0,0
148,4,0,0
148,5,0,0
148,6,0,0
148,7,0,0
148,8,0,0
148,9,0,0
148,10,0,0
148,11,0,0
148,12,0,0
148,13,0,0
148,14,0,0
148,15,0,0
148,16,0,0
148,17,0,0
148,18,0,0
148,19,0,0
148,20,0,0
148,21,0,0
148,22,0,0
148,23,0,0
148,24,0,0
148,25,0,0
148,26,0,0
148,27,0,0
148,28,0,0
148,29,0,0
148,30,0,0
148,31,0,0
148,32,0,0
148,33,119,43
148,34,0,0
148,35,0,0
148,36,0,0
148,37,0,0
148,38,0,0
148,39,0,0
148,40,0,0
148,41,0,0
148,42,0,0
148,43,0,0
148,44,98,36
148,45,0,0
148,46,0,0
148,47,0,0
148,48,0,0
148,49,0,0
148,50,0,0
148,51,17,128
148,52,0,0
148,53,0,0
148,54,0,0
148,55,0,0
148,56,0,0
148,57,0,0
148,58,0,0
148,59,0,0
148,60,0,0
148,61,0,0
148,62,0,0
148,63,90,47
148,64,0,0
148,65,0,0
148,66,0,0
148,67,0,0
148,68,0,0
148,69,0,0
148,70,0,0
148,71,0,0
148,72,0,0
148,73,0,0
148,74,0,0
148,75,0,0
148,76,0,0
148,77,0,0
148,78,0,0
148,79,0,0
148,80,0,0
148,81,0,0
148,82,0,0
148,83,0,0
148,84,0,0
148,85,0,0
148,86,0,0
148,87,0,0
148,88,0,0
148,89,0,0
148,90,0,0
148,91,176,59
148,92,0,0
148,93,0,0
148,94,0,0
148,95,0,0
148,96,0,0
148,97,0,0
148,98,0,0
148,99,0,0
148,100,0,0
148,101,0,0
148,102,0,0
148,103,0,0
148,104,0,0
148,105,0,0
148,106,0,0
148,107,0,0
148,108,0,0
148,109,220,18
148,110,0,0
148,111,0,0
148,112,0,0
148,113,0,0
148,114,0,0
148,115,0,0
148,116,0,0
148,117,0,0
148,118,0,0
148,119,0,0
148,120,0,0
148,121,13,111
148,122,0,0
148,123,8,71
148,124,0,0
148,125,0,0
148,126,0,0
148,127,0,0
148,128,0,0
148,129,0,0
148,130,0,0
148,131,0,0
148,132,0,65
148,133,8,39
148,134,13,77
148,135,0,35
148,136,0,0
148,137,0,0
148,138,0,0
148,139,0,0
149,1,0,0
149,2,0,0
149,3,0,0
149,4,0,0
149,5,0,0
149,6,0,0
149,7,0,0
149,8,0,0
149,9,0,0
149,10,0,0
149,11,0,0
149,12,0,0
149,13,0,0
149,14,0,0
149,15,0,0
149,16,0,0
149,17,0,0
149,18,0,0
149,19,0,0
149,20,0,0
149,21,0,0
149,22,0,0
149,23,0,0
149,24,0,0
149,25,0,0
149,26,0,0
149,27,0,0
149,28,0,0
149,29,0,0
149,30,0,0
149,31,0,0
149,32,0,0
149,33,102,41
149,34,0,0
149,35,0,0
149,36,0,0
149,37,0,0
149,38,0,0
149,39,0,0
149,40,0,0
149,41,0,0
149,42,0,0
149,43,0,0
149,44,0,0
149,45,0,0
149,46,0,0
149,47,66,37
149,48,0,0
149,49,0,0
149,50,0,0
149,51,0,0
149,52,106,30
149,53,0,0
149,54,0,0
149,55,19,99
149,56,0,0
149,57,0,0
149,58,0,0
149,59,0,0
149,60,0,0
149,61,0,0
149,62,28,20
149,63,0,0
149,64,0,0
149,65,62,32
149,66,0,0
149,67,0,0
149,68,0,0
149,69,0,0
149,70,0,0
149,71,0,0
149,72,0,0
149,73,0,0
149,74,0,0
149,75,0,0
149,76,0,0
149,77,0,0
149,78,0,0
149,79,0,0
149,80,0,0
149,81,0,0
149,82,102,43
149,83,0,0
149,84,0,0
149,85,0,0
149,86,0,0
149,87,0,0
149,88,0,0
149,89,0,0
149,90,0,0
149,91,0,0
149,92,0,0
149,93,0,0
149,94,0,0
149,95,0,0
149,96,0,0
149,97,0,0
149,98,0,0
149,99,0,0
149,100,0,0
149,101,0,0
149,102,0,0
149,103,0,0
149,104,0,0
149,105,0,0
149,106,0,0
149,107,0,0
149,108,0,0
149,109,0,0
149,110,0,0
149,111,0,0
149,112,0,0
149,113,0,0
149,114,0,0
149,115,0,0
149,116,0,0
149,117,1,71
149,118,10,35
149,119,5,44
149,120,1,33
149,121,0,0
149,122,21,96
149,123,0,0
149,124,0,0
149,125,0,0
149,126,0,0
150,1,0,0
150,2,0,0
150,3,0,0
150,4,0,0
150,5,0,0
150,6,0,0
150,7,0,0
150,8,0,0
150,9,0,0
150,10,0,0
150,11,0,0
150,12,0,0
150,13,0,0
150,14,0,0
150,15,0,0
150,16,0,0
150,17,0,0
150,18,0,0
150,19,0,0
150,20,0,0
150,21,0,0
150,22,0,0
150,23,0,0
150,24,0,0
150,25,0,0
150,26,0,0
150,27,0,0
150,28,0,0
150,29,0,0
150,30,0,0
150,31,0,0
150,32,0,0
150,33,0,0
150,34,0,0
150,35,0,0
150,36,0,0
150,37,0,0
150,38,0,0
150,39,0,0
150,40,0,0
150,41,0,0
150,42,0,0
150,43,0,0
150,44,0,0
150,45,0,0
150,46,0,0
150,47,0,0
150,48,0,0
150,49,130,50
150,50,0,0
150,51,0,0
150,52,0,0
150,53,0,0
150,54,0,0
150,55,0,0
150,56,0,0
150,57,0,0
150,58,0,0
150,59,0,0
150,60,0,0
150,61,0,0
150,62,0,0
150,63,0,0
150,64,0,0
150,65,0,0
150,66,0,0
150,67,0,0
150,68,92,40
150,69,0,0
150,70,0,0
150,71,18,103
150,72,0,0
150,73,0,0
150,74,0,0
150,75,0,0
150,76,0,0
150,77,0,0
150,78,0,0
150,79,101,51
150,80,0,0
150,81,0,0
150,82,0,0
150,83,0,0
150,84,0,0
150,85,0,0
150,86,0,0
150,87,0,0
150,88,0,0
150,89,0,0
150,90,0,0
150,91,0,0
150,92,0,0
150,93,0,0
150,94,0,0
150,95,0,0
150,96,0,0
150,97,0,0
150,98,0,0
150,99,0,0
150,100,0,0
150,101,0,0
150,102,0,0
150,103,0,0
150,104,0,0
150,105,0,0
150,106,0,0
150,107,0,0
150,108,0,0
150,109,0,0
150,110,95,39
150,111,0,0
150,112,0,0
150,113,0,0
150,114,0,0
150,115,0,0
150,116,0,0
150,117,0,0
150,118,0,0
150,119,0,0
150,120,0,0
150,121,0,0
150,122,0,0
150,123,0,0
150,124,0,0
150,125,0,0
150,126,0,0
150,127,0,0
150,128,0,0
150,129,0,0
150,130,0,0
150,131,0,0
150,132,0,0
150,133,0,0
150,134,0,0
150,135,0,0
150,136,0,0
150,137,0,0
150,138,0,0
150,139,0,0
150,140,0,0
150,141,0,0
150,142,0,0
150,143,0,0
150,144,0,0
150,145,0,0
150,146,0,0
150,147,0,0
150,148,4,109
150,149,206,25
150,150,0,0
150,151,4,85
150,152,0,0
150,153,0,0
150,154,0,0
150,155,0,0
151,1,0,0
151,2,0,0
151,3,0,0
151,4,0,0
151,5,0,0
151,6,0,0
151,7,0,0
151,8,0,0
151,9,0,0
151,10,0,0
151,11,0,0
151,12,0,0
151,13,0,0
151,14,0,0
151,15,0,0
151,16,0,0
151,17,0,0
151,18,0,0
151,19,0,0
151,20,0,0
151,21,0,0
151,22,0,0
151,23,0,0
151,24,0,0
151,25,0,0
151,26,0,0
151,27,0,0
151,28,0,0
151,29,0,0
151,30,0,0
151,31,0,0
151,32,0,0
151,33,0,0
151,34,0,0
151,35,0,0
151,36,0,0
151,37,0,0
151,38,0,0
151,39,0,0
151,40,141,44
151,41,0,0
151,42,0,0
151,43,0,0
151,44,0,0
151,45,0,0
151,46,0,0
151,47,0,0
151,48,0,0
151,49,0,0
151,50,0,0
151,51,0,0
151,52,0,0
151,53,0,0
151,54,0,0
151,55,0,0
151,56,0,0
151,57,0,0
151,58,0,0
151,59,0,0
151,60,0,0
151,61,0,0
151,62,0,0
151,63,0,0
151,64,0,0
151,65,14,105
151,66,0,0
151,67,0,0
151,68,0,0
151,69,0,0
151,70,0,0
151,71,0,0
151,72,136,63
151,73,0,0
151,74,0,0
151,75,0,0
151,76,0,0
151,77,0,0
151,78,0,0
151,79,0,0
151,80,0,0
151,81,0,0
151,82,0,0
151,83,0,0
151,84,0,0
151,85,0,0
151,86,0,0
151,87,0,0
151,88,0,0
151,89,0,0
151,90,0,0
151,91,0,0
151,92,0,0
151,93,0,0
151,94,0,0
151,95,0,0
151,96,0,0
151,97,0,0
151,98,0,0
151,99,0,0
151,100,0,0
151,101,0,0
151,102,0,0
151,103,0,0
151,104,0,0
151,105,0,0
151,106,0,0
151,107,0,0
151,108,0,0
151,109,0,0
151,110,0,0
151,111,0,0
151,112,0,0
151,113,0,0
151,114,0,0
151,115,0,0
151,116,0,0
151,117,0,0
151,118,0,0
151,119,0,0
151,120,0,0
151,121,0,0
151,122,0,0
151,123,0,0
151,124,96,37
151,125,0,0
151,126,0,0
151,127,0,0
151,128,0,0
151,129,0,0
151,130,0,0
151,131,0,0
151,132,0,0
151,133,0,0
151,134,0,0
151,135,0,0
151,136,0,0
151,137,0,0
151,138,0,0
151,139,0,0
151,140,30,107
151,141,0,0
151,142,0,0
151,143,0,0
151,144,0,0
151,145,0,0
151,146,0,0
151,147,0,0
151,148,0,0
151,149,0,0
151,150,0,0
151,151,0,0
151,152,0,0
151,153,0,0
151,154,0,0
151,155,0,0
151,156,0,0
151,157,0,0
151,158,0,0
151,159,0,0
151,160,0,0
151,161,0,0
151,162,227,17
151,163,3,96
151,164,0,0
151,165,0,0
151,166,3,89
151,167,0,0
151,168,0,0
152,1,0,0
152,2,0,0
152,3,0,0
152,4,0,0
152,5,0,0
152,6,0,0
152,7,0,0
152,8,0,0
152,9,0,0
152,10,0,0
152,11,0,0
152,12,0,0
152,13,0,0
152,14,0,0
152,15,0,0
152,16,0,0
152,17,0,0
152,18,0,0
152,19,0,0
152,20,0,0
152,21,0,0
152,22,0,0
152,23,0,0
152,24,0,0
152,25,0,0
152,26,0,0
152,27,0,0
152,28,0,0
152,29,0,0
152,30,0,0
152,31,0,0
152,32,0,0
152,33,0,0
152,34,0,0
152,35,0,0
152,36,0,0
152,37,0,0
152,38,133,51
152,39,0,0
152,40,0,0
152,41,0,0
152,42,0,0
152,43,0,0
152,44,0,0
152,45,0,0
152,46,0,0
152,47,0,0
152,48,0,0
152,49,0,0
152,50,0,0
152,51,0,0
152,52,0,0
152,53,0,0
152,54,0,0
152,55,0,0
152,56,0,0
152,57,14,99
152,58,0,0
152,59,0,0
152,60,0,0
152,61,105,78
152,62,0,0
152,63,0,0
152,64,0,0
152,65,0,0
152,66,0,0
152,67,0,0
152,68,0,0
152,69,0,0
152,70,0,0
152,71,0,0
152,72,0,0
152,73,0,0
152,74,0,0
152,75,0,0
152,76,0,0
152,77,0,0
152,78,0,0
152,79,0,0
152,80,0,0
152,81,0,0
152,82,0,0
152,83,0,0
152,84,0,0
152,85,0,0
152,86,0,0
152,87,0,0
152,88,0,0
152,89,0,0
152,90,0,0
152,91,0,0
152,92,0,0
152,93,0,0
152,94,0,0
152,95,0,0
152,96,0,0
152,97,0,0
152,98,0,0
152,99,0,0
152,100,0,0
152,101,0,0
152,102,0,0
152,103,0,0
152,104,0,0
152,105,0,0
152,106,0,0
152,107,0,0
152,108,0,0
152,109,0,0
152,110,0,0
152,111,0,0
152,112,0,0
152,113,0,0
152,114,0,0
152,115,0,0
152,116,0,0
152,117,0,0
152,118,0,0
152,119,0,0
152,120,0,0
152,121,0,0
152,122,0,0
152,123,0,0
152,124,0,0
152,125,0,0
152,126,0,0
152,127,224,5
152,128,0,0
152,129,0,0
152,130,0,0
152,131,0,0
152,132,0,0
152,133,0,0
152,134,19,111
152,135,0,0
152,136,0,0
152,137,0,0
152,138,0,0
152,139,0,0
152,140,251,24
152,141,0,0
152,142,3,122
152,143,0,0
152,144,0,0
152,145,0,0
152,146,0,0
153,1,0,0
153,2,0,0
153,3,0,0
153,4,0,0
153,5,0,0
153,6,0,0
153,7,0,0
153,8,0,0
153,9,0,0
153,10,0,0
153,11,0,0
153,12,0,0
153,13,0,0
153,14,0,0
153,15,0,0
153,16,0,0
153,17,0,0
153,18,0,0
153,19,0,0
153,20,0,0
153,21,0,0
153,22,0,0
153,23,0,0
153,24,0,0
153,25,0,0
153,26,0,0
153,27,0,0
153,28,0,0
153,29,0,0
153,30,0,0
153,31,0,0
153,32,0,0
153,33,0,0
153,34,0,0
153,35,0,0
153,36,0,0
153,37,0,0
153,38,0,0
153,39,0,0
153,40,0,0
153,41,0,0
153,42,0,0
153,43,0,0
153,44,0,0
153,45,0,0
153,46,0,0
153,47,0,0
153,48,0,0
153,49,0,0
153,50,0,0
153,51,15,98
153,52,0,0
153,53,0,0
153,54,0,0
153,55,0,0
153,56,0,0
153,57,0,0
153,58,0,0
153,59,0,0
153,60,0,0
153,61,0,0
153,62,0,0
153,63,0,0
153,64,0,0
153,65,0,0
153,66,0,0
153,67,0,0
153,68,0,0
153,69,0,0
153,70,0,0
153,71,0,0
153,72,0,0
153,73,0,0
153,74,0,0
153,75,0,0
153,76,0,0
153,77,0,0
153,78,0,0
153,79,62,73
153,80,0,0
153,81,0,0
153,82,0,0
153,83,0,0
153,84,0,0
153,85,0,0
153,86,0,0
153,87,0,0
153,88,0,0
153,89,0,0
153,90,0,0
153,91,0,0
153,92,0,0
153,93,0,0
153,94,0,0
153,95,0,0
153,96,0,0
153,97,0,0
153,98,0,0
153,99,0,0
153,100,0,0
153,101,0,0
153,102,0,0
153,103,0,0
153,104,0,0
153,105,0,0
153,106,0,0
153,107,0,0
153,108,0,0
153,109,0,0
153,110,0,0
153,111,0,0
153,112,0,0
153,113,0,0
153,114,0,0
153,115,0,0
153,116,0,0
153,117,0,0
153,118,0,0
153,119,0,0
153,120,0,0
153,121,0,0
153,122,0,0
153,123,0,0
153,124,0,0
153,125,0,0
153,126,390,23
153,127,0,0
153,128,0,0
153,129,0,0
153,130,0,0
153,131,0,0
153,132,0,0
153,133,0,0
153,134,0,0
153,135,0,0
153,136,0,0
153,137,0,0
153,138,0,0
153,139,5,104
153,140,0,0
153,141,0,0
153,142,1,140
153,143,2,96
153,144,0,0
153,145,6,50
153,146,0,0
153,147,0,76
153,148,0,0
153,149,0,0
153,150,0,0
153,151,0,0
153,152,0,0
153,153,0,0
153,154,0,0
154,1,0,0
154,2,0,0
154,3,0,0
154,4,0,0
154,5,0,0
154,6,0,0
154,7,0,0
154,8,0,0
154,9,0,0
154,10,0,0
154,11,0,0
154,12,4,13
154,13,0,0
154,14,0,0
154,15,0,0
154,16,0,0
154,17,0,0
154,18,0,0
154,19,0,0
154,20,0,0
154,21,0,0
154,22,0,0
154,23,0,0
154,24,0,0
154,25,0,0
154,26,0,0
154,27,0,0
154,28,0,0
154,29,0,0
154,30,0,0
154,31,0,0
154,32,0,0
154,33,0,0
154,34,0,0
154,35,0,0
154,36,0,0
154,37,0,0
154,38,0,0
154,39,0,0
154,40,0,0
154,41,0,0
154,42,0,0
154,43,0,0
154,44,0,0
154,45,0,0
154,46,15,103
154,47,0,0
154,48,0,0
154,49,0,0
154,50,0,0
154,51,0,0
154,52,0,0
154,53,0,0
154,54,0,0
154,55,0,0
154,56,0,0
154,57,0,0
154,58,0,0
154,59,0,0
154,60,0,0
154,61,0,0
154,62,0,0
154,63,0,0
154,64,0,0
154,65,0,0
154,66,52,53
154,67,0,0
154,68,24,63
154,69,0,0
154,70,0,0
154,71,0,0
154,72,0,0
154,73,0,0
154,74,49,40
154,75,0,0
154,76,0,0
154,77,0,0
154,78,0,0
154,79,0,0
154,80,0,0
154,81,0,0
154,82,0,0
154,83,0,0
154,84,0,0
154,85,0,0
154,86,0,0
154,87,0,0
154,88,0,0
154,89,0,0
154,90,0,0
154,91,0,0
154,92,0,0
154,93,0,0
154,94,0,0
154,95,0,0
154,96,0,0
154,97,0,0
154,98,0,0
154,99,0,0
154,100,0,0
154,101,0,0
154,102,0,0
154,103,0,0
154,104,0,0
154,105,0,0
154,106,0,0
154,107,0,0
154,108,0,0
154,109,0,0
154,110,0,0
154,111,0,0
154,112,0,0
154,113,0,0
154,114,0,0
154,115,0,0
154,116,0,0
154,117,0,0
154,118,0,0
154,119,0,0
154,120,0,0
154,121,0,0
154,122,0,0
154,123,0,0
154,124,82,7
154,125,182,11
154,126,117,3
154,127,219,11
154,128,0,0
154,129,0,0
154,130,0,0
154,131,0,0
154,132,0,0
154,133,0,0
154,134,87,8
154,135,100,8
154,136,42,60
154,137,0,0
154,138,0,0
154,139,0,0
154,140,0,0
154,141,0,0
154,142,0,0
154,143,0,0
154,144,0,0
154,145,0,166
154,146,0,0
154,147,0,0
154,148,0,0
154,149,0,0
155,1,0,0
155,2,0,0
155,3,0,0
155,4,0,0
155,5,0,0
155,6,0,0
155,7,0,0
155,8,0,0
155,9,0,0
155,10,0,0
155,11,0,0
155,12,0,0
155,13,0,0
155,14,0,0
155,15,0,0
155,16,0,0
155,17,0,0
155,18,0,0
155,19,0,0
155,20,0,0
155,21,0,0
155,22,0,0
155,23,0,0
155,24,0,0
155,25,0,0
155,26,0,0
155,27,0,0
155,28,0,0
155,29,0,0
155,30,0,0
155,31,0,0
155,32,0,0
155,33,0,0
155,34,0,0
155,35,0,0
155,36,0,0
155,37,0,0
155,38,0,0
155,39,0,0
155,40,0,0
155,41,0,0
155,42,0,0
155,43,0,0
155,44,0,0
155,45,0,0
155,46,0,0
155,47,0,0
155,48,0,0
155,49,0,0
155,50,0,0
155,51,0,0
155,52,0,0
155,53,0,0
155,54,0,0
155,55,0,0
155,56,0,0
155,57,0,0
155,58,0,0
155,59,0,0
155,60,0,0
155,61,0,0
155,62,0,0
155,63,0,0
155,64,0,0
155,65,0,0
155,66,0,0
155,67,0,0
155,68,0,0
155,69,0,0
155,70,0,0
155,71,0,0
155,72,0,0
155,73,0,0
155,74,0,0
155,75,0,0
155,76,15,107
155,77,0,0
155,78,0,0
155,79,0,0
155,80,0,0
155,81,0,0
155,82,0,0
155,83,0,0
155,84,0,0
155,85,0,0
155,86,0,0
155,87,0,0
155,88,0,0
155,89,0,0
155,90,0,0
155,91,0,0
155,92,0,0
155,93,0,0
155,94,0,0
155,95,0,0
155,96,0,0
155,97,25,70
155,98,0,0
155,99,0,0
155,100,0,0
155,101,0,0
155,102,0,0
155,103,0,0
155,104,0,0
155,105,0,0
155,106,0,0
155,107,0,0
155,108,81,65
155,109,0,0
155,110,0,0
155,111,0,0
155,112,0,0
155,113,0,0
155,114,0,0
155,115,0,0
155,116,0,0
155,117,0,0
155,118,0,0
155,119,0,0
155,120,0,0
155,121,0,0
155,122,0,0
155,123,0,0
155,124,0,0
155,125,0,0
155,126,0,0
155,127,0,0
155,128,0,0
155,129,0,0
155,130,0,0
155,131,0,0
155,132,0,0
155,133,0,0
155,134,0,0
155,135,0,0
155,136,0,0
155,137,0,0
155,138,0,0
155,139,0,0
155,140,0,0
155,141,0,0
155,142,0,0
155,143,0,0
155,144,0,0
155,145,0,0
155,146,0,0
155,147,0,0
155,148,0,0
155,149,0,0
155,150,0,0
155,151,0,0
155,152,0,0
155,153,0,0
155,154,0,0
155,155,0,0
155,156,0,0
155,157,0,0
155,158,190,10
155,159,0,0
155,160,0,0
155,161,0,0
155,162,0,0
155,163,0,0
155,164,0,0
155,165,0,0
155,166,0,0
155,167,0,0
155,168,0,0
155,169,0,0
155,170,0,0
155,171,0,0
155,172,0,0
155,173,0,0
155,174,0,0
155,175,0,37
155,176,0,0
155,177,0,0
155,178,0,0
156,1,0,0
156,2,0,0
156,3,0,0
156,4,0,0
156,5,0,0
156,6,0,0
156,7,0,0
156,8,0,0
156,9,0,0
156,10,0,0
156,11,0,0
156,12,0,0
156,13,0,0
156,14,0,0
156,15,0,0
156,16,0,0
156,17,0,0
156,18,0,0
156,19,0,0
156,20,0,0
156,21,0,0
156,22,0,0
156,23,0,0
156,24,0,0
156,25,0,0
156,26,0,0
156,27,0,0
156,28,0,0
156,29,0,0
156,30,0,0
156,31,0,0
156,32,0,0
156,33,0,0
156,34,0,0
156,35,0,0
156,36,0,0
156,37,0,0
156,38,0,0
156,39,0,0
156,40,0,0
156,41,0,0
156,42,0,0
156,43,0,0
156,44,0,0
156,45,0,0
156,46,0,0
156,47,0,0
156,48,0,0
156,49,0,0
156,50,0,0
156,51,0,0
156,52,0,0
156,53,0,0
156,54,0,0
156,55,0,0
156,56,0,0
156,57,0,0
156,58,0,0
156,59,0,0
156,60,0,0
156,61,0,0
156,62,0,0
156,63,0,0
156,64,0,0
156,65,0,0
156,66,0,0
156,67,0,0
156,68,0,0
156,69,0,0
156,70,0,0
156,71,0,0
156,72,0,0
156,73,0,0
156,74,0,0
156,75,0,0
156,76,0,0
156,77,0,0
156,78,0,0
156,79,0,0
156,80,0,0
156,81,0,0
156,82,0,0
156,83,0,0
156,84,0,0
156,85,0,0
156,86,0,0
156,87,0,0
156,88,0,0
156,89,0,0
156,90,0,0
156,91,0,0
156,92,0,0
156,93,0,0
156,94,0,0
156,95,0,0
156,96,0,0
156,97,0,0
156,98,0,0
156,99,0,0
156,100,0,0
156,101,0,0
156,102,0,0
156,103,0,0
156,104,0,0
156,105,0,0
156,106,74,63
156,107,0,0
156,108,0,0
156,109,0,0
156,110,0,0
156,111,0,0
156,112,0,0
156,113,0,0
156,114,0,0
156,115,0,0
156,116,0,0
156,117,0,0
156,118,0,0
156,119,0,0
156,120,0,0
156,121,0,0
156,122,0,0
156,123,0,0
156,124,0,0
156,125,0,0
156,126,0,0
156,127,0,0
156,128,0,0
156,129,0,0
156,130,0,0
156,131,0,0
156,132,0,0
156,133,0,0
156,134,0,0
156,135,0,0
156,136,0,0
156,137,0,0
156,138,0,0
156,139,0,0
156,140,0,0
156,141,0,0
156,142,0,0
156,143,0,0
156,144,0,0
156,145,0,0
156,146,0,0
156,147,0,0
156,148,0,0
156,149,0,0
156,150,0,0
156,151,0,0
156,152,0,0
156,153,0,0
156,154,0,0
156,155,0,0
156,156,0,0
156,157,0,0
156,158,0,0
156,159,0,0
156,160,0,0
156,161,1,101
156,162,0,0
156,163,0,0
156,164,0,0
156,165,0,0
157,1,0,0
157,2,0,0
157,3,0,0
157,4,0,0
157,5,0,0
157,6,0,0
157,7,0,0
157,8,0,0
157,9,0,0
157,10,0,0
157,11,0,0
157,12,0,0
157,13,0,0
157,14,0,0
157,15,0,0
157,16,0,0
157,17,0,0
157,18,0,0
157,19,0,0
157,20,0,0
157,21,0,0
157,22,0,0
157,23,0,0
157,24,0,0
157,25,0,0
157,26,0,0
157,27,0,0
157,28,0,0
157,29,0,0
157,30,0,0
157,31,0,0
157,32,0,0
157,33,0,0
157,34,0,0
157,35,0,0
157,36,0,0
157,37,0,0
157,38,0,0
157,39,0,0
157,40,0,0
157,41,0,0
157,42,0,0
157,43,0,0
157,44,0,0
157,45,0,0
157,46,0,0
157,47,0,0
157,48,0,0
157,49,0,0
157,50,0,0
157,51,0,0
157,52,0,0
157,53,0,0
157,54,0,0
157,55,0,0
157,56,0,0
157,57,0,0
157,58,0,0
157,59,0,0
157,60,0,0
157,61,0,0
157,62,0,0
157,63,0,0
157,64,0,0
157,65,0,0
157,66,10,70
157,67,0,0
157,68,0,0
157,69,0,0
157,70,0,0
157,71,0,0
157,72,0,0
157,73,0,0
157,74,0,0
157,75,0,0
157,76,3,58
157,77,0,0
157,78,0,0
157,79,0,0
157,80,0,0
157,81,0,0
157,82,0,0
157,83,0,0
157,84,12,59
157,85,0,0
157,86,0,0
157,87,0,0
157,88,0,0
157,89,0,0
157,90,0,0
157,91,0,0
157,92,0,0
157,93,0,0
157,94,0,0
157,95,0,0
157,96,0,0
157,97,0,0
157,98,0,0
157,99,0,0
157,100,0,0
157,101,0,0
157,102,0,0
157,103,0,0
157,104,0,0
157,105,0,0
157,106,0,0
157,107,0,0
157,108,0,0
157,109,0,0
157,110,0,0
157,111,0,0
157,112,0,0
157,113,0,0
157,114,0,0
157,115,0,0
157,116,0,0
157,117,0,0
157,118,0,0
157,119,0,0
157,120,0,0
157,121,0,0
157,122,0,0
157,123,0,0
157,124,0,0
157,125,0,0
157,126,0,0
157,127,0,0
157,128,0,0
157,129,0,0
157,130,0,0
157,131,0,0
157,132,0,0
157,133,0,0
157,134,0,0
157,135,0,0
157,136,0,0
157,137,0,0
157,138,0,0
157,139,0,0
157,140,0,0
157,141,0,0
157,142,0,0
157,143,0,0
157,144,0,0
157,145,0,0
157,146,0,0
157,147,0,0
157,148,0,0
157,149,0,0
157,150,0,0
157,151,0,0
157,152,0,0
157,153,22,27
157,154,33,29
157,155,0,0
157,156,288,15
157,157,0,0
157,158,0,0
157,159,0,0
157,160,0,0
157,161,0,0
157,162,0,0
157,163,0,0
157,164,0,0
157,165,0,0
157,166,0,0
157,167,0,0
157,168,0,0
157,169,0,0
157,170,0,0
157,171,0,0
157,172,0,0
157,173,0,0
157,174,0,0
157,175,0,0
157,176,0,0
157,177,0,0
157,178,0,0
158,1,0,0
158,2,0,0
158,3,0,0
158,4,0,0
158,5,0,0
158,6,0,0
158,7,0,0
158,8,0,0
158,9,0,0
158,10,0,0
158,11,0,0
158,12,0,0
158,13,0,0
158,14,0,0
158,15,0,0
158,16,0,0
158,17,0,0
158,18,0,0
158,19,0,0
158,20,0,0
158,21,0,0
158,22,0,0
158,23,0,0
158,24,0,0
158,25,0,0
158,26,0,0
158,27,0,0
158,28,0,0
158,29,0,0
158,30,0,0
158,31,0,0
158,32,51,37
158,33,0,0
158,34,0,0
158,35,0,0
158,36,0,0
158,37,0,0
158,38,0,0
158,39,0,0
158,40,0,0
158,41,0,0
158,42,0,0
158,43,0,0
158,44,0,0
158,45,0,0
158,46,0,0
158,47,0,0
158,48,0,0
158,49,0,0
158,50,0,0
158,51,0,0
158,52,0,0
158,53,0,0
158,54,0,0
158,55,0,0
158,56,0,0
158,57,0,0
158,58,0,0
158,59,0,0
158,60,0,0
158,61,0,0
158,62,0,0
158,63,0,0
158,64,0,0
158,65,0,0
158,66,0,0
158,67,0,0
158,68,0,0
158,69,0,0
158,70,0,0
158,71,0,0
158,72,0,0
158,73,0,0
158,74,0,0
158,75,0,0
158,76,0,0
158,77,0,0
158,78,0,0
158,79,0,0
158,80,0,0
158,81,0,0
158,82,0,0
158,83,0,0
158,84,0,0
158,85,0,0
158,86,0,0
158,87,0,0
158,88,0,0
158,89,0,0
158,90,0,0
158,91,0,0
158,92,0,0
158,93,0,0
158,94,0,0
158,95,0,0
158,96,0,0
158,97,0,0
158,98,0,0
158,99,0,0
158,100,0,0
158,101,0,0
158,102,0,0
158,103,37,77
158,104,0,0
158,105,0,0
158,106,0,0
158,107,0,0
158,108,0,0
158,109,0,0
158,110,0,0
158,111,0,0
158,112,0,0
158,113,0,0
158,114,0,0
158,115,0,0
158,116,0,0
158,117,0,0
158,118,0,0
158,119,0,0
158,120,0,0
158,121,0,0
158,122,0,0
158,123,0,0
158,124,0,0
158,125,0,0
158,126,0,0
158,127,0,0
158,128,0,0
158,129,0,0
158,130,0,0
158,131,0,0
158,132,0,0
158,133,0,0
158,134,0,0
158,135,0,0
158,136,0,0
158,137,0,0
158,138,0,0
158,139,0,0
158,140,0,0
158,141,0,0
158,142,0,0
158,143,0,0
158,144,61,55
158,145,0,0
158,146,0,0
158,147,0,0
158,148,316,14
158,149,0,0
158,150,0,0
158,151,0,0
158,152,0,0
158,153,0,0
158,154,0,0
158,155,0,0
158,156,0,0
158,157,0,0
158,158,28,80
158,159,21,113
158,160,0,0
158,161,0,0
158,162,0,0
158,163,17,122
158,164,0,0
158,165,0,0
158,166,0,0
158,167,0,0
158,168,0,0
158,169,0,0
158,170,0,0
158,171,0,0
159,1,0,0
159,2,0,0
159,3,0,0
159,4,3,10
159,5,0,0
159,6,0,0
159,7,0,0
159,8,0,0
159,9,0,0
159,10,0,0
159,11,0,0
159,12,0,0
159,13,0,0
159,14,0,0
159,15,0,0
159,16,0,0
159,17,0,0
159,18,0,0
159,19,0,0
159,20,0,0
159,21,0,0
159,22,0,0
159,23,0,0
159,24,0,0
159,25,0,0
159,26,0,0
159,27,0,0
159,28,0,0
159,29,0,0
159,30,0,0
159,31,0,0
159,32,0,0
159,33,0,0
159,34,49,38
159,35,0,0
159,36,0,0
159,37,0,0
159,38,0,0
159,39,0,0
159,40,0,0
159,41,0,0
159,42,0,0
159,43,0,0
159,44,0,0
159,45,0,0
159,46,0,0
159,47,0,0
159,48,0,0
159,49,0,0
159,50,0,0
159,51,0,0
159,52,0,0
159,53,0,0
159,54,0,0
159,55,0,0
159,56,0,0
159,57,0,0
159,58,0,0
159,59,0,0
159,60,0,0
159,61,0,0
159,62,0,0
159,63,0,0
159,64,0,0
159,65,0,0
159,66,0,0
159,67,0,0
159,68,0,0
159,69,0,0
159,70,0,0
159,71,0,0
159,72,0,0
159,73,0,0
159,74,0,0
159,75,0,0
159,76,0,0
159,77,0,0
159,78,0,0
159,79,0,0
159,80,0,0
159,81,0,0
159,82,0,0
159,83,0,0
159,84,0,0
159,85,0,0
159,86,0,0
159,87,0,0
159,88,0,0
159,89,0,0
159,90,0,0
159,91,0,0
159,92,0,0
159,93,0,0
159,94,0,0
159,95,0,0
159,96,0,0
159,97,0,0
159,98,0,0
159,99,0,0
159,100,0,0
159,101,0,0
159,102,0,0
159,103,0,0
159,104,0,0
159,105,0,0
159,106,0,0
159,107,0,0
159,108,0,0
159,109,0,0
159,110,0,0
159,111,0,0
159,112,0,0
159,113,0,0
159,114,0,0
159,115,0,0
159,116,0,0
159,117,0,0
159,118,0,0
159,119,0,0
159,120,0,0
159,121,0,0
159,122,0,0
159,123,0,0
159,124,0,0
159,125,0,0
159,126,0,0
159,127,0,0
159,128,0,0
159,129,0,0
159,130,0,0
159,131,0,0
159,132,0,0
159,133,0,0
159,134,0,0
159,135,0,0
159,136,0,0
159,137,0,0
159,138,0,0
159,139,0,0
159,140,0,0
159,141,0,0
159,142,0,0
159,143,0,0
159,144,33,75
159,145,21,118
159,146,0,0
159,147,0,0
159,148,0,0
159,149,0,0
159,150,0,0
159,151,0,0
159,152,0,0
159,153,0,0
159,154,1,3
159,155,0,0
159,156,0,0
159,157,0,0
159,158,0,0
160,1,0,0
160,2,0,0
160,3,0,0
160,4,0,0
160,5,0,0
160,6,0,0
160,7,0,0
160,8,0,0
160,9,0,0
160,10,0,0
160,11,0,0
160,12,0,0
160,13,0,0
160,14,0,0
160,15,0,0
160,16,0,0
160,17,0,0
160,18,47,12
160,19,0,0
160,20,0,0
160,21,0,0
160,22,0,0
160,23,0,0
160,24,0,0
160,25,0,0
160,26,0,0
160,27,0,0
160,28,0,0
160,29,0,0
160,30,0,0
160,31,0,0
160,32,0,0
160,33,0,0
160,34,0,0
160,35,0,0
160,36,0,0
160,37,0,0
160,38,0,0
160,39,0,0
160,40,0,0
160,41,0,0
160,42,0,0
160,43,0,0
160,44,20,110
160,45,0,0
160,46,0,0
160,47,0,0
160,48,0,0
160,49,0,0
160,50,0,0
160,51,0,0
160,52,0,0
160,53,0,0
160,54,0,0
160,55,0,0
160,56,0,0
160,57,0,0
160,58,0,0
160,59,0,0
160,60,0,0
160,61,0,0
160,62,0,0
160,63,0,0
160,64,0,0
160,65,0,0
160,66,0,0
160,67,0,0
160,68,0,0
160,69,0,0
160,70,0,0
160,71,0,0
160,72,0,0
160,73,0,0
160,74,0,0
160,75,0,0
160,76,0,0
160,77,0,0
160,78,117,57
160,79,0,0
160,80,0,0
160,81,0,0
160,82,0,0
160,83,0,0
160,84,0,0
160,85,0,0
160,86,0,0
160,87,0,0
160,88,0,0
160,89,0,0
160,90,0,0
160,91,0,0
160,92,0,0
160,93,0,0
160,94,0,0
160,95,0,0
160,96,0,0
160,97,0,0
160,98,0,0
160,99,0,0
160,100,0,0
160,101,0,0
160,102,0,0
160,103,0,0
160,104,0,0
160,105,0,0
160,106,0,0
160,107,0,0
160,108,0,0
160,109,0,0
160,110,0,0
160,111,0,0
160,112,32,91
160,113,0,0
160,114,0,0
160,115,0,0
160,116,0,0
160,117,0,0
160,118,0,0
160,119,0,0
160,120,0,0
160,121,0,0
160,122,0,0
160,123,0,0
160,124,0,0
160,125,0,0
160,126,0,0
160,127,0,0
160,128,0,0
160,129,0,0
160,130,0,0
160,131,0,0
160,132,0,0
160,133,0,0
160,134,0,0
160,135,0,0
160,136,0,0
160,137,0,0
160,138,0,0
160,139,0,0
160,140,29,64
160,141,19,123
160,142,0,0
160,143,0,0
160,144,0,0
160,145,0,0
160,146,0,0
160,147,0,0
160,148,0,0
160,149,0,0
160,150,0,0
160,151,0,0
160,152,0,0
160,153,0,0
160,154,1,2
161,1,0,0
161,2,0,0
161,3,0,0
161,4,0,0
161,5,0,0
161,6,0,0
161,7,0,0
161,8,0,0
161,9,0,0
161,10,0,0
161,11,0,0
161,12,0,0
161,13,0,0
161,14,0,0
161,15,0,0
161,16,0,0
161,17,0,0
161,18,0,0
161,19,0,0
161,20,0,0
161,21,0,0
161,22,0,0
161,23,121,30
161,24,0,0
161,25,0,0
161,26,0,0
161,27,0,0
161,28,0,0
161,29,0,0
161,30,0,0
161,31,0,0
161,32,0,0
161,33,0,0
161,34,0,0
161,35,0,0
161,36,0,0
161,37,0,0
161,38,0,0
161,39,0,0
161,40,0,0
161,41,0,0
161,42,0,0
161,43,0,0
161,44,0,0
161,45,0,0
161,46,31,110
161,47,0,0
161,48,0,0
161,49,0,0
161,50,0,0
161,51,0,0
161,52,0,0
161,53,0,0
161,54,0,0
161,55,0,0
161,56,0,0
161,57,0,0
161,58,0,0
161,59,0,0
161,60,0,0
161,61,0,0
161,62,0,0
161,63,0,0
161,64,0,0
161,65,0,0
161,66,0,0
161,67,0,0
161,68,0,0
161,69,135,57
161,70,0,0
161,71,0,0
161,72,0,0
161,73,0,0
161,74,0,0
161,75,0,0
161,76,0,0
161,77,0,0
161,78,0,0
161,79,0,0
161,80,0,0
161,81,0,0
161,82,0,0
161,83,0,0
161,84,0,0
161,85,0,0
161,86,0,0
161,87,0,0
161,88,0,0
161,89,0,0
161,90,0,0
161,91,0,0
161,92,0,0
161,93,0,0
161,94,0,0
161,95,0,0
161,96,0,0
161,97,0,0
161,98,0,0
161,99,0,0
161,100,0,0
161,101,65,66
161,102,0,0
161,103,0,0
161,104,0,0
161,105,0,0
161,106,0,0
161,107,0,0
161,108,0,0
161,109,0,0
161,110,0,0
161,111,0,0
161,112,0,0
161,113,0,0
161,114,0,0
161,115,0,0
161,116,0,0
161,117,0,0
161,118,0,0
161,119,0,0
161,120,0,0
161,121,0,0
161,122,0,0
161,123,0,0
161,124,0,0
161,125,0,0
161,126,0,0
161,127,0,0
161,128,0,0
161,129,0,0
161,130,0,0
161,131,0,0
161,132,135,8
161,133,23,110
161,134,0,0
161,135,0,0
161,136,0,0
161,137,0,0
161,138,0,0
161,139,0,0
161,140,0,0
161,141,2,2
161,142,0,39
162,1,0,0
162,2,0,0
162,3,0,0
162,4,0,0
162,5,0,0
162,6,0,0
162,7,0,0
162,8,0,0
162,9,0,0
162,10,0,0
162,11,0,0
162,12,0,0
162,13,0,0
162,14,0,0
162,15,0,0
162,16,0,0
162,17,0,0
162,18,0,0
162,19,0,0
162,20,0,0
162,21,0,0
162,22,0,0
162,23,0,0
162,24,0,0
162,25,0,0
162,26,0,0
162,27,0,0
162,28,0,0
162,29,128,33
162,30,0,0
162,31,0,0
162,32,0,0
162,33,0,0
162,34,0,0
162,35,0,0
162,36,0,0
162,37,0,0
162,38,0,0
162,39,0,0
162,40,0,0
162,41,0,0
162,42,0,0
162,43,0,0
162,44,0,0
162,45,0,0
162,46,0,0
162,47,0,0
162,48,0,0
162,49,0,0
162,50,0,0
162,51,0,0
162,52,0,0
162,53,0,0
162,54,0,0
162,55,0,0
162,56,0,0
162,57,0,0
162,58,0,0
162,59,0,0
162,60,0,0
162,61,0,0
162,62,30,110
162,63,0,0
162,64,0,0
162,65,0,0
162,66,0,0
162,67,0,0
162,68,0,0
162,69,0,0
162,70,0,0
162,71,0,0
162,72,0,0
162,73,0,0
162,74,0,0
162,75,0,0
162,76,0,0
162,77,0,0
162,78,0,0
162,79,0,0
162,80,0,0
162,81,0,0
162,82,0,0
162,83,0,0
162,84,0,0
162,85,0,0
162,86,0,0
162,87,0,0
162,88,0,0
162,89,0,0
162,90,0,0
162,91,93,36
162,92,0,0
162,93,0,0
162,94,0,0
162,95,0,0
162,96,0,0
162,97,0,0
162,98,0,0
162,99,0,0
162,100,0,0
162,101,0,0
162,102,0,0
162,103,0,0
162,104,0,0
162,105,67,42
162,106,0,0
162,107,0,0
162,108,19,52
162,109,0,0
162,110,0,0
162,111,0,0
162,112,0,0
162,113,0,0
162,114,0,0
162,115,0,0
162,116,0,0
162,117,0,0
162,118,0,0
162,119,0,0
162,120,0,0
162,121,0,0
162,122,66,68
162,123,0,0
162,124,0,0
162,125,0,0
162,126,0,0
162,127,0,0
162,128,0,0
162,129,0,0
162,130,0,0
162,131,0,0
162,132,0,0
162,133,0,0
162,134,0,0
162,135,0,0
162,136,0,0
162,137,0,0
162,138,0,0
162,139,0,0
162,140,0,0
162,141,0,0
162,142,0,0
162,143,31,83
162,144,0,0
162,145,0,0
162,146,0,0
162,147,0,0
162,148,0,0
162,149,0,0
162,150,0,0
162,151,0,0
162,152,0,0
162,153,0,0
162,154,0,0
162,155,0,0
162,156,0,0
162,157,0,0
162,158,0,0
162,159,0,0
162,160,0,0
162,161,0,0
162,162,0,0
162,163,0,0
162,164,0,0
162,165,0,0
162,166,0,0
162,167,149,7
162,168,0,0
162,169,0,0
162,170,0,0
162,171,0,0
162,172,0,0
162,173,0,0
162,174,0,0
162,175,0,0
162,176,0,0
162,177,0,0
162,178,0,35
162,179,0,0
162,180,0,0
163,1,0,0
163,2,0,0
163,3,0,0
163,4,0,0
163,5,0,0
163,6,0,0
163,7,0,0
163,8,0,0
163,9,0,0
163,10,0,0
163,11,0,0
163,12,0,0
163,13,0,0
163,14,0,0
163,15,0,0
163,16,0,0
163,17,0,0
163,18,0,0
163,19,0,0
163,20,0,0
163,21,0,0
163,22,0,0
163,23,0,0
163,24,0,0
163,25,0,0
163,26,0,0
163,27,0,0
163,28,0,0
163,29,0,0
163,30,0,0
163,31,0,0
163,32,0,0
163,33,0,0
163,34,0,0
163,35,0,0
163,36,125,35
163,37,0,0
163,38,0,0
163,39,0,0
163,40,0,0
163,41,0,0
163,42,0,0
163,43,0,0
163,44,0,0
163,45,0,0
163,46,0,0
163,47,0,0
163,48,0,0
163,49,0,0
163,50,0,0
163,51,0,0
163,52,0,0
163,53,0,0
163,54,0,0
163,55,0,0
163,56,0,0
163,57,0,0
163,58,0,0
163,59,0,0
163,60,0,0
163,61,0,0
163,62,0,0
163,63,0,0
163,64,0,0
163,65,0,0
163,66,0,0
163,67,0,0
163,68,0,0
163,69,0,0
163,70,0,0
163,71,0,0
163,72,0,0
163,73,0,0
163,74,0,0
163,75,0,0
163,76,25,109
163,77,0,0
163,78,0,0
163,79,0,0
163,80,0,0
163,81,0,0
163,82,0,0
163,83,0,0
163,84,0,0
163,85,0,0
163,86,0,0
163,87,0,0
163,88,0,0
163,89,0,0
163,90,0,0
163,91,0,0
163,92,0,0
163,93,0,0
163,94,0,0
163,95,0,0
163,96,0,0
163,97,0,0
163,98,0,0
163,99,0,0
163,100,0,0
163,101,0,0
163,102,0,0
163,103,0,0
163,104,0,0
163,105,0,0
163,106,104,35
163,107,0,0
163,108,0,0
163,109,0,0
163,110,0,0
163,111,0,0
163,112,0,0
163,113,0,0
163,114,0,0
163,115,0,0
163,116,0,0
163,117,0,0
163,118,0,0
163,119,0,0
163,120,77,50
163,121,0,0
163,122,0,0
163,123,0,0
163,124,0,0
163,125,0,0
163,126,0,0
163,127,0,0
163,128,0,0
163,129,0,0
163,130,0,0
163,131,0,0
163,132,0,0
163,133,0,0
163,134,0,0
163,135,0,0
163,136,0,0
163,137,0,0
163,138,0,0
163,139,0,0
163,140,0,0
163,141,0,0
163,142,0,0
163,143,0,0
163,144,0,0
163,145,0,0
163,146,0,0
163,147,0,0
163,148,0,0
163,149,0,0
163,150,0,0
163,151,0,0
163,152,0,0
163,153,0,0
163,154,0,0
163,155,0,0
163,156,0,0
163,157,0,0
163,158,0,0
163,159,0,0
163,160,0,0
163,161,0,0
163,162,0,0
163,163,0,0
163,164,0,0
163,165,0,0
163,166,0,0
163,167,0,0
163,168,0,0
163,169,0,0
163,170,0,0
163,171,0,0
163,172,0,0
163,173,0,0
163,174,43,38
163,175,0,0
163,176,0,0
163,177,0,0
163,178,0,0
163,179,0,0
163,180,182,22
163,181,9,129
163,182,0,0
163,183,0,0
163,184,0,0
163,185,0,0
163,186,0,0
163,187,0,0
163,188,0,0
163,189,0,0
163,190,0,0
163,191,0,0
163,192,0,35
163,193,0,0
163,194,0,0
164,1,0,0
164,2,0,0
164,3,0,0
164,4,0,0
164,5,0,0
164,6,0,0
164,7,0,0
164,8,0,0
164,9,0,0
164,10,0,0
164,11,0,0
164,12,0,0
164,13,0,0
164,14,0,0
164,15,0,0
164,16,0,0
164,17,0,0
164,18,0,0
164,19,0,0
164,20,0,0
164,21,0,0
164,22,29,54
164,23,0,0
164,24,0,0
164,25,0,0
164,26,0,0
164,27,0,0
164,28,0,0
164,29,0,0
164,30,0,0
164,31,0,0
164,32,0,0
164,33,0,0
164,34,0,0
164,35,0,0
164,36,0,0
164,37,0,0
164,38,0,0
164,39,0,0
164,40,0,0
164,41,0,0
164,42,0,0
164,43,0,0
164,44,0,0
164,45,0,0
164,46,0,0
164,47,0,0
164,48,78,66
164,49,0,0
164,50,0,0
164,51,0,0
164,52,0,0
164,53,0,0
164,54,0,0
164,55,0,0
164,56,0,0
164,57,0,0
164,58,0,0
164,59,0,0
164,60,0,0
164,61,32,105
164,62,0,0
164,63,0,0
164,64,0,0
164,65,0,0
164,66,0,0
164,67,0,0
164,68,0,0
164,69,0,0
164,70,0,0
164,71,0,0
164,72,0,0
164,73,0,0
164,74,0,0
164,75,0,0
164,76,0,0
164,77,0,0
164,78,0,0
164,79,0,0
164,80,0,0
164,81,0,0
164,82,0,0
164,83,0,0
164,84,0,0
164,85,0,0
164,86,0,0
164,87,0,0
164,88,0,0
164,89,0,0
164,90,0,0
164,91,0,0
164,92,0,0
164,93,0,0
164,94,0,0
164,95,0,0
164,96,0,0
164,97,0,0
164,98,0,0
164,99,0,0
164,100,0,0
164,101,0,0
164,102,0,0
164,103,0,0
164,104,0,0
164,105,0,0
164,106,0,0
164,107,0,0
164,108,0,0
164,109,0,0
164,110,0,0
164,111,0,0
164,112,0,0
164,113,0,0
164,114,0,0
164,115,0,0
164,116,0,0
164,117,0,0
164,118,0,0
164,119,0,0
164,120,0,0
164,121,0,0
164,122,0,0
164,123,0,0
164,124,0,0
164,125,0,0
164,126,0,0
164,127,0,0
164,128,0,0
164,129,0,0
164,130,0,0
164,131,0,0
164,132,0,0
164,133,0,0
164,134,0,0
164,135,0,0
164,136,0,0
164,137,0,0
164,138,0,0
164,139,0,0
164,140,0,0
164,141,0,0
164,142,0,0
164,143,0,0
164,144,0,0
164,145,0,0
164,146,0,0
164,147,216,18
164,148,0,0
164,149,0,0
164,150,0,0
164,151,23,85
164,152,0,0
164,153,0,0
164,154,0,0
164,155,0,0
164,156,2,159
164,157,0,0
164,158,0,0
164,159,0,0
164,160,0,0
164,161,0,0
164,162,0,0
164,163,0,0
164,164,0,0
165,1,0,0
165,2,0,0
165,3,8,5
165,4,0,0
165,5,0,0
165,6,0,0
165,7,0,0
165,8,0,0
165,9,0,0
165,10,0,0
165,11,0,0
165,12,0,0
165,13,0,0
165,14,0,0
165,15,0,0
165,16,0,0
165,17,0,0
165,18,0,0
165,19,0,0
165,20,0,0
165,21,0,0
165,22,0,0
165,23,0,0
165,24,0,0
165,25,0,0
165,26,0,0
165,27,0,0
165,28,0,0
165,29,0,0
165,30,0,0
165,31,0,0
165,32,0,0
165,33,0,0
165,34,0,0
165,35,0,0
165,36,0,0
165,37,0,0
165,38,0,0
165,39,0,0
165,40,0,0
165,41,0,0
165,42,0,0
165,43,0,0
165,44,0,0
165,45,0,0
165,46,0,0
165,47,0,0
165,48,0,0
165,49,0,0
165,50,0,0
165,51,0,0
165,52,0,0
165,53,0,0
165,54,0,0
165,55,0,0
165,56,0,0
165,57,0,0
165,58,0,0
165,59,0,0
165,60,0,0
165,61,0,0
165,62,0,0
165,63,0,0
165,64,0,0
165,65,0,0
165,66,0,0
165,67,0,0
165,68,0,0
165,69,0,0
165,70,0,0
165,71,0,0
165,72,0,0
165,73,0,0
165,74,0,0
165,75,0,0
165,76,0,0
165,77,0,0
165,78,0,0
165,79,0,0
165,80,0,0
165,81,0,0
165,82,0,0
165,83,0,0
165,84,0,0
165,85,30,106
165,86,0,0
165,87,0,0
165,88,0,0
165,89,0,0
165,90,0,0
165,91,0,0
165,92,0,0
165,93,0,0
165,94,0,0
165,95,0,0
165,96,0,0
165,97,0,0
165,98,0,0
165,99,0,0
165,100,0,0
165,101,0,0
165,102,0,0
165,103,0,0
165,104,0,0
165,105,0,0
165,106,0,0
165,107,0,0
165,108,0,0
165,109,0,0
165,110,0,0
165,111,0,0
165,112,0,0
165,113,0,0
165,114,0,0
165,115,0,0
165,116,0,0
165,117,0,0
165,118,0,0
165,119,0,0
165,120,0,0
165,121,0,0
165,122,0,0
165,123,0,0
165,124,0,0
165,125,0,0
165,126,0,0
165,127,0,0
165,128,0,0
165,129,0,0
165,130,0,0
165,131,0,0
165,132,0,0
165,133,0,0
165,134,0,0
165,135,0,0
165,136,0,0
165,137,0,0
165,138,0,0
165,139,0,0
165,140,0,0
165,141,86,31
165,142,0,0
165,143,0,0
165,144,0,0
165,145,0,0
165,146,0,0
165,147,0,0
165,148,0,0
165,149,0,0
165,150,0,0
165,151,0,0
165,152,0,0
165,153,0,0
165,154,0,0
165,155,0,0
165,156,0,0
165,157,0,0
165,158,0,0
165,159,0,0
165,160,0,0
165,161,0,0
165,162,0,0
165,163,0,0
165,164,0,0
165,165,0,0
165,166,0,0
165,167,0,0
165,168,0,0
165,169,0,0
165,170,0,0
165,171,0,0
165,172,0,0
165,173,0,0
165,174,0,0
165,175,0,0
165,176,0,0
165,177,0,0
165,178,0,0
165,179,0,0
165,180,0,0
165,181,0,0
165,182,0,0
165,183,0,0
165,184,0,0
165,185,0,0
165,186,0,0
166,1,0,0
166,2,0,0
166,3,0,0
166,4,0,0
166,5,0,0
166,6,0,0
166,7,0,0
166,8,0,0
166,9,0,0
166,10,0,0
166,11,0,0
166,12,0,0
166,13,0,0
166,14,0,0
166,15,0,0
166,16,22,22
166,17,0,0
166,18,0,0
166,19,0,0
166,20,0,0
166,21,0,0
166,22,0,0
166,23,0,0
166,24,0,0
166,25,0,0
166,26,0,0
166,27,0,0
166,28,0,0
166,29,0,0
166,30,0,0
166,31,0,0
166,32,0,0
166,33,0,0
166,34,0,0
166,35,0,0
166,36,0,0
166,37,0,0
166,38,0,0
166,39,0,0
166,40,0,0
166,41,0,0
166,42,0,0
166,43,0,0
166,44,0,0
166,45,0,0
166,46,0,0
166,47,0,0
166,48,0,0
166,49,0,0
166,50,0,0
166,51,0,0
166,52,0,0
166,53,0,0
166,54,0,0
166,55,0,0
166,56,0,0
166,57,0,0
166,58,0,0
166,59,0,0
166,60,0,0
166,61,0,0
166,62,0,0
166,63,0,0
166,64,0,0
166,65,0,0
166,66,0,0
166,67,0,0
166,68,0,0
166,69,0,0
166,70,0,0
166,71,0,0
166,72,0,0
166,73,0,0
166,74,0,0
166,75,0,0
166,76,0,0
166,77,0,0
166,78,0,0
166,79,0,0
166,80,0,0
166,81,0,0
166,82,0,0
166,83,0,0
166,84,0,0
166,85,0,0
166,86,0,0
166,87,0,0
166,88,0,0
166,89,0,0
166,90,0,0
166,91,0,0
166,92,0,0
166,93,0,0
166,94,0,0
166,95,0,0
166,96,0,0
166,97,0,0
166,98,0,0
166,99,0,0
166,100,0,0
166,101,0,0
166,102,0,0
166,103,0,0
166,104,0,0
166,105,0,0
166,106,0,0
166,107,0,0
166,108,0,0
166,109,0,0
166,110,0,0
166,111,0,0
166,112,0,0
166,113,0,0
166,114,0,0
166,115,0,0
166,116,0,0
166,117,0,0
166,118,0,0
166,119,0,0
166,120,0,0
166,121,0,0
166,122,0,0
166,123,0,0
166,124,0,0
166,125,0,0
166,126,0,0
166,127,94,31
166,128,0,0
166,129,0,0
166,130,0,0
166,131,0,0
166,132,0,0
166,133,0,0
166,134,0,0
166,135,0,0
166,136,0,0
166,137,0,0
166,138,0,0
166,139,0,0
166,140,0,0
166,141,0,0
166,142,0,0
166,143,0,0
166,144,0,0
166,145,0,0
166,146,0,0
166,147,0,0
166,148,0,0
166,149,0,0
166,150,0,0
166,151,0,0
166,152,0,0
166,153,0,0
166,154,0,0
166,155,0,0
166,156,38,1
166,157,85,0
166,158,0,0
166,159,0,0
166,160,140,3
166,161,0,0
166,162,0,0
166,163,0,0
166,164,0,0
166,165,236,1
166,166,67,15
166,167,9,127
166,168,0,0
166,169,0,0
166,170,0,0
167,1,0,0
167,2,0,0
167,3,0,0
167,4,0,0
167,5,0,0
167,6,0,0
167,7,0,0
167,8,15,22
167,9,0,0
167,10,0,0
167,11,0,0
167,12,0,0
167,13,0,0
167,14,0,0
167,15,0,0
167,16,0,0
167,17,0,0
167,18,0,0
167,19,0,0
167,20,0,0
167,21,0,0
167,22,0,0
167,23,0,0
167,24,0,0
167,25,0,0
167,26,0,0
167,27,0,0
167,28,0,0
167,29,0,0
167,30,0,0
167,31,0,0
167,32,0,0
167,33,0,0
167,34,0,0
167,35,0,0
167,36,0,0
167,37,0,0
167,38,0,0
167,39,0,0
167,40,0,0
167,41,0,0
167,42,0,0
167,43,0,0
167,44,0,0
167,45,0,0
167,46,0,0
167,47,0,0
167,48,0,0
167,49,0,0
167,50,0,0
167,51,0,0
167,52,0,0
167,53,0,0
167,54,0,0
167,55,0,0
167,56,0,0
167,57,0,0
167,58,0,0
167,59,0,0
167,60,0,0
167,61,0,0
167,62,0,0
167,63,0,0
167,64,0,0
167,65,0,0
167,66,0,0
167,67,0,0
167,68,63,73
167,69,0,0
167,70,0,0
167,71,0,0
167,72,0,0
167,73,0,0
167,74,0,0
167,75,0,0
167,76,0,0
167,77,0,0
167,78,0,0
167,79,0,0
167,80,0,0
167,81,0,0
167,82,0,0
167,83,0,0
167,84,0,0
167,85,0,0
167,86,0,0
167,87,0,0
167,88,0,0
167,89,0,0
167,90,0,0
167,91,19,62
167,92,0,0
167,93,0,0
167,94,0,0
167,95,0,0
167,96,0,0
167,97,0,0
167,98,0,0
167,99,0,0
167,100,0,0
167,101,0,0
167,102,0,0
167,103,0,0
167,104,0,0
167,105,0,0
167,106,0,0
167,107,0,0
167,108,102,30
167,109,0,0
167,110,0,0
167,111,0,0
167,112,0,0
167,113,0,0
167,114,0,0
167,115,0,0
167,116,0,0
167,117,0,0
167,118,0,0
167,119,0,0
167,120,0,0
167,121,0,0
167,122,0,0
167,123,0,0
167,124,0,0
167,125,244,22
167,126,0,0
167,127,0,0
167,128,0,0
167,129,0,0
167,130,0,0
167,131,0,0
167,132,0,0
167,133,0,0
167,134,0,0
167,135,0,0
167,136,110,5
167,137,134,6
167,138,0,0
167,139,0,0
167,140,0,0
167,141,262,24
167,142,0,0
167,143,0,0
167,144,0,0
167,145,0,0
168,1,0,0
168,2,0,0
168,3,0,0
168,4,0,0
168,5,0,0
168,6,0,0
168,7,0,0
168,8,0,0
168,9,13,23
168,10,0,0
168,11,0,0
168,12,0,0
168,13,0,0
168,14,0,0
168,15,0,0
168,16,0,0
168,17,0,0
168,18,0,0
168,19,0,0
168,20,0,0
168,21,0,0
168,22,0,0
168,23,0,0
168,24,0,0
168,25,0,0
168,26,0,0
168,27,0,0
168,28,0,0
168,29,0,0
168,30,0,0
168,31,0,0
168,32,0,0
168,33,0,0
168,34,0,0
168,35,0,0
168,36,0,0
168,37,0,0
168,38,0,0
168,39,0,0
168,40,0,0
168,41,0,0
168,42,0,0
168,43,0,0
168,44,0,0
168,45,0,0
168,46,0,0
168,47,0,0
168,48,0,0
168,49,0,0
168,50,0,0
168,51,0,0
168,52,0,0
168,53,0,0
168,54,0,0
168,55,0,0
168,56,0,0
168,57,0,0
168,58,0,0
168,59,0,0
168,60,0,0
168,61,0,0
168,62,0,0
168,63,0,0
168,64,0,0
168,65,0,0
168,66,0,0
168,67,162,56
168,68,10,68
168,69,0,0
168,70,0,0
168,71,0,0
168,72,0,0
168,73,0,0
168,74,0,0
168,75,0,0
168,76,0,0
168,77,0,0
168,78,0,0
168,79,0,0
168,80,0,0
168,81,0,0
168,82,0,0
168,83,0,0
168,84,0,0
168,85,0,0
168,86,0,81
168,87,0,0
168,88,0,0
168,89,0,0
168,90,0,0
168,91,0,0
168,92,0,0
168,93,0,0
168,94,0,0
168,95,0,0
168,96,0,0
168,97,0,0
168,98,0,0
168,99,0,0
168,100,0,0
168,101,0,0
168,102,0,0
168,103,0,0
168,104,0,0
168,105,0,0
168,106,0,0
168,107,0,0
168,108,0,0
168,109,164,80
168,110,0,0
168,111,0,0
168,112,0,0
168,113,0,0
168,114,0,0
168,115,0,0
168,116,0,0
168,117,0,0
168,118,0,0
168,119,0,0
168,120,0,0
168,121,0,0
168,122,0,0
168,123,0,0
168,124,0,0
168,125,300,19
168,126,0,0
168,127,0,0
168,128,0,0
168,129,0,0
168,130,285,22
168,131,0,0
168,132,0,0
168,133,0,0
168,134,0,0
168,135,0,0
168,136,107,3
168,137,54,98
168,138,0,0
168,139,0,0
168,140,0,0
168,141,23,142
168,142,0,0
168,143,0,0
168,144,0,0
168,145,0,0
168,146,0,0
168,147,0,0
168,148,0,0
169,1,0,0
169,2,0,0
169,3,0,0
169,4,0,0
169,5,0,0
169,6,0,0
169,7,0,0
169,8,0,0
169,9,0,0
169,10,15,23
169,11,0,0
169,12,0,0
169,13,0,0
169,14,0,0
169,15,0,0
169,16,0,0
169,17,0,0
169,18,0,0
169,19,0,0
169,20,0,0
169,21,0,0
169,22,0,0
169,23,0,0
169,24,0,0
169,25,0,0
169,26,0,0
169,27,0,0
169,28,0,0
169,29,0,0
169,30,0,0
169,31,0,0
169,32,0,0
169,33,0,0
169,34,0,0
169,35,0,0
169,36,0,0
169,37,0,0
169,38,0,0
169,39,0,0
169,40,0,0
169,41,0,0
169,42,0,0
169,43,0,0
169,44,0,0
169,45,0,0
169,46,0,0
169,47,0,0
169,48,0,0
169,49,0,0
169,50,0,0
169,51,11,67
169,52,0,0
169,53,0,0
169,54,0,0
169,55,0,0
169,56,0,0
169,57,0,0
169,58,0,0
169,59,0,0
169,60,0,0
169,61,0,0
169,62,0,0
169,63,0,0
169,64,0,0
169,65,0,0
169,66,0,0
169,67,0,0
169,68,0,0
169,69,0,0
169,70,0,0
169,71,0,0
169,72,0,0
169,73,0,0
169,74,4,40
169,75,0,0
169,76,0,0
169,77,0,0
169,78,0,0
169,79,0,0
169,80,0,0
169,81,0,0
169,82,0,0
169,83,0,0
169,84,0,0
169,85,0,0
169,86,0,0
169,87,0,0
169,88,0,0
169,89,0,0
169,90,1,79
169,91,0,0
169,92,0,0
169,93,0,0
169,94,0,0
169,95,0,0
169,96,0,0
169,97,0,0
169,98,0,0
169,99,0,0
169,100,0,0
169,101,0,0
169,102,98,74
169,103,0,0
169,104,0,0
169,105,0,0
169,106,0,0
169,107,24,43
169,108,0,0
169,109,0,0
169,110,0,0
169,111,0,0
169,112,108,42
169,113,0,0
169,114,0,0
169,115,0,0
169,116,0,0
169,117,0,0
169,118,83,31
169,119,0,0
169,120,63,43
169,121,56,27
169,122,0,0
169,123,187,77
169,124,0,0
169,125,0,0
169,126,0,0
169,127,0,0
169,128,0,0
169,129,0,0
169,130,0,0
169,131,0,0
169,132,0,0
169,133,0,0
169,134,0,0
169,135,0,0
169,136,0,0
169,137,0,0
169,138,0,0
169,139,0,0
169,140,0,0
169,141,0,0
169,142,0,0
169,143,0,0
169,144,0,0
169,145,0,0
169,146,0,0
169,147,0,0
169,148,0,0
169,149,0,0
169,150,0,0
169,151,0,0
169,152,0,0
169,153,118,4
169,154,44,95
169,155,0,0
169,156,0,0
169,157,0,0
169,158,0,0
169,159,0,0
169,160,0,0
169,161,0,0
169,162,0,0
169,163,3,2
169,164,0,0
170,1,0,0
170,2,0,0
170,3,0,0
170,4,0,0
170,5,0,0
170,6,0,0
170,7,0,0
170,8,0,0
170,9,0,0
170,10,0,0
170,11,0,0
170,12,0,0
170,13,0,0
170,14,0,0
170,15,0,0
170,16,0,0
170,17,0,0
170,18,0,0
170,19,0,0
170,20,0,0
170,21,0,0
170,22,0,0
170,23,0,0
170,24,0,0
170,25,0,0
170,26,0,0
170,27,0,0
170,28,0,0
170,29,0,0
170,30,0,0
170,31,0,0
170,32,0,0
170,33,0,0
170,34,0,0
170,35,0,0
170,36,0,0
170,37,0,0
170,38,0,0
170,39,0,0
170,40,0,0
170,41,0,0
170,42,0,0
170,43,0,0
170,44,0,0
170,45,0,0
170,46,0,0
170,47,0,0
170,48,0,0
170,49,0,0
170,50,0,0
170,51,0,0
170,52,0,0
170,53,0,0
170,54,0,0
170,55,0,0
170,56,0,0
170,57,0,0
170,58,0,0
170,59,0,0
170,60,0,0
170,61,0,0
170,62,0,0
170,63,0,0
170,64,0,0
170,65,0,0
170,66,0,0
170,67,0,0
170,68,0,0
170,69,0,0
170,70,0,0
170,71,0,0
170,72,0,0
170,73,0,0
170,74,0,0
170,75,0,0
170,76,0,0
170,77,0,0
170,78,0,0
170,79,0,0
170,80,0,0
170,81,0,0
170,82,0,0
170,83,0,0
170,84,0,0
170,85,0,0
170,86,0,0
170,87,0,0
170,88,5,124
170,89,0,0
170,90,0,0
170,91,0,0
170,92,0,0
170,93,0,0
170,94,0,0
170,95,0,0
170,96,0,0
170,97,0,0
170,98,0,0
170,99,0,0
170,100,0,0
170,101,0,0
170,102,0,0
170,103,0,0
170,104,0,0
170,105,0,0
170,106,0,0
170,107,0,0
170,108,0,0
170,109,0,0
170,110,108,81
170,111,0,0
170,112,0,0
170,113,0,0
170,114,0,0
170,115,0,0
170,116,0,0
170,117,25,44
170,118,0,0
170,119,0,0
170,120,0,0
170,121,0,0
170,122,0,0
170,123,0,0
170,124,0,0
170,125,0,0
170,126,0,0
170,127,0,0
170,128,0,0
170,129,0,0
170,130,0,0
170,131,0,0
170,132,0,0
170,133,0,0
170,134,126,51
170,135,0,0
170,136,66,33
170,137,24,9
170,138,44,18
170,139,186,76
170,140,0,0
170,141,64,38
170,142,0,0
170,143,0,0
170,144,0,0
170,145,0,0
170,146,0,0
170,147,0,0
170,148,0,0
170,149,0,0
170,150,0,0
170,151,0,0
170,152,0,0
170,153,0,0
170,154,0,0
170,155,0,0
170,156,0,0
170,157,0,0
170,158,0,0
170,159,0,0
170,160,0,0
170,161,0,0
170,162,0,0
170,163,0,0
170,164,0,0
170,165,0,0
170,166,0,0
170,167,0,0
170,168,0,0
170,169,0,0
170,170,0,0
170,171,0,0
170,172,0,0
170,173,105,3
170,174,42,98
170,175,0,0
170,176,156,3
170,177,24,100
170,178,0,0
170,179,0,0
170,180,0,0
170,181,0,0
170,182,0,0
170,183,0,0
170,184,0,0
171,1,0,0
171,2,0,0
171,3,0,0
171,4,0,0
171,5,0,0
171,6,0,0
171,7,0,0
171,8,0,0
171,9,0,0
171,10,0,0
171,11,0,0
171,12,0,0
171,13,0,0
171,14,0,0
171,15,0,0
171,16,0,0
171,17,0,0
171,18,0,0
171,19,0,0
171,20,0,0
171,21,0,0
171,22,0,0
171,23,0,0
171,24,0,0
171,25,0,0
171,26,0,0
171,27,0,0
171,28,0,0
171,29,0,0
171,30,0,0
171,31,0,0
171,32,0,0
171,33,0,0
171,34,0,0
171,35,0,0
171,36,0,0
171,37,0,0
171,38,0,0
171,39,0,0
171,40,0,0
171,41,0,0
171,42,0,0
171,43,0,0
171,44,0,0
171,45,0,0
171,46,0,0
171,47,0,0
171,48,0,0
171,49,0,0
171,50,0,0
171,51,0,0
171,52,0,0
171,53,0,0
171,54,0,0
171,55,0,0
171,56,0,0
171,57,0,0
171,58,0,0
171,59,0,0
171,60,0,0
171,61,0,0
171,62,0,0
171,63,0,0
171,64,0,0
171,65,0,0
171,66,77,73
171,67,0,0
171,68,0,0
171,69,0,0
171,70,0,0
171,71,6,121
171,72,0,0
171,73,0,0
171,74,0,0
171,75,0,0
171,76,0,0
171,77,0,0
171,78,0,0
171,79,0,0
171,80,0,0
171,81,0,0
171,82,0,0
171,83,0,0
171,84,0,0
171,85,0,0
171,86,0,0
171,87,0,0
171,88,0,0
171,89,0,0
171,90,0,0
171,91,0,0
171,92,0,0
171,93,0,0
171,94,0,0
171,95,0,0
171,96,0,0
171,97,0,0
171,98,96,79
171,99,0,0
171,100,0,0
171,101,0,0
171,102,0,0
171,103,0,0
171,104,0,0
171,105,0,0
171,106,0,0
171,107,0,0
171,108,0,0
171,109,0,0
171,110,0,0
171,111,0,0
171,112,0,0
171,113,0,0
171,114,0,0
171,115,0,0
171,116,0,0
171,117,0,0
171,118,0,0
171,119,0,0
171,120,124,52
171,121,0,0
171,122,31,10
171,123,75,37
171,124,0,0
171,125,0,0
171,126,25,72
171,127,0,0
171,128,0,0
171,129,0,0
171,130,0,0
171,131,0,0
171,132,0,0
171,133,0,0
171,134,0,0
171,135,0,0
171,136,0,0
171,137,85,33
171,138,0,0
171,139,0,0
171,140,0,0
171,141,0,0
171,142,0,0
171,143,162,12
171,144,0,0
171,145,0,0
171,146,0,0
171,147,0,0
171,148,0,0
171,149,4,144
171,150,0,0
171,151,0,0
171,152,0,0
172,1,0,0
172,2,0,0
172,3,0,0
172,4,0,0
172,5,0,0
172,6,0,0
172,7,0,0
172,8,0,0
172,9,0,0
172,10,0,0
172,11,0,0
172,12,15,45
172,13,0,0
172,14,0,0
172,15,0,0
172,16,0,0
172,17,0,0
172,18,0,0
172,19,0,0
172,20,0,0
172,21,0,0
172,22,0,0
172,23,0,0
172,24,0,0
172,25,0,0
172,26,0,0
172,27,0,0
172,28,0,0
172,29,0,0
172,30,0,0
172,31,0,0
172,32,0,0
172,33,0,0
172,34,0,0
172,35,0,0
172,36,0,0
172,37,0,0
172,38,0,0
172,39,0,0
172,40,0,0
172,41,0,0
172,42,0,0
172,43,0,0
172,44,0,0
172,45,0,0
172,46,0,0
172,47,0,0
172,48,0,0
172,49,0,0
172,50,0,0
172,51,0,0
172,52,74,68
172,53,0,0
172,54,0,0
172,55,0,0
172,56,0,0
172,57,0,0
172,58,0,0
172,59,0,0
172,60,0,0
172,61,0,0
172,62,0,0
172,63,0,0
172,64,0,0
172,65,0,0
172,66,0,0
172,67,0,0
172,68,42,50
172,69,0,0
172,70,0,0
172,71,0,0
172,72,0,0
172,73,0,0
172,74,0,0
172,75,0,0
172,76,0,0
172,77,0,0
172,78,10,123
172,79,0,0
172,80,0,0
172,81,0,0
172,82,0,0
172,83,0,0
172,84,0,0
172,85,0,0
172,86,0,0
172,87,0,0
172,88,0,0
172,89,0,0
172,90,0,0
172,91,0,0
172,92,0,0
172,93,0,0
172,94,0,0
172,95,0,0
172,96,0,0
172,97,0,0
172,98,0,0
172,99,0,0
172,100,0,0
172,101,0,0
172,102,0,0
172,103,0,0
172,104,0,0
172,105,0,0
172,106,0,0
172,107,0,0
172,108,0,0
172,109,0,0
172,110,0,0
172,111,0,0
172,112,0,0
172,113,0,0
172,114,0,0
172,115,0,0
172,116,0,0
172,117,0,0
172,118,0,0
172,119,0,0
172,120,0,0
172,121,0,0
172,122,0,0
172,123,0,0
172,124,0,0
172,125,0,0
172,126,141,57
172,127,91,40
172,128,21,52
172,129,0,0
172,130,25,66
172,131,0,0
172,132,0,0
172,133,0,0
172,134,0,0
172,135,0,0
172,136,0,0
172,137,0,0
172,138,0,0
172,139,81,29
172,140,0,0
172,141,0,0
172,142,0,0
172,143,0,0
172,144,0,0
172,145,0,0
172,146,0,0
172,147,106,42
172,148,0,0
172,149,0,0
172,150,0,0
172,151,0,0
172,152,0,67
172,153,0,0
173,1,0,0
173,2,0,0
173,3,0,0
173,4,0,0
173,5,0,0
173,6,0,0
173,7,0,0
173,8,0,0
173,9,0,0
173,10,0,0
173,11,0,0
173,12,0,0
173,13,0,0
173,14,0,0
173,15,0,0
173,16,0,0
173,17,0,0
173,18,0,0
173,19,0,0
173,20,12,49
173,21,0,0
173,22,0,0
173,23,0,0
173,24,0,0
173,25,38,51
173,26,0,0
173,27,0,0
173,28,0,0
173,29,0,0
173,30,0,0
173,31,0,0
173,32,0,0
173,33,0,0
173,34,0,0
173,35,0,0
173,36,0,0
173,37,0,0
173,38,0,0
173,39,0,0
173,40,0,0
173,41,0,0
173,42,0,0
173,43,0,0
173,44,0,0
173,45,0,0
173,46,0,0
173,47,0,0
173,48,0,0
173,49,0,0
173,50,0,0
173,51,0,0
173,52,0,0
173,53,0,0
173,54,0,0
173,55,0,0
173,56,0,0
173,57,0,0
173,58,0,0
173,59,0,0
173,60,0,0
173,61,0,0
173,62,0,0
173,63,0,0
173,64,0,0
173,65,0,0
173,66,0,0
173,67,0,0
173,68,0,0
173,69,0,0
173,70,0,0
173,71,0,0
173,72,0,0
173,73,0,0
173,74,0,0
173,75,0,0
173,76,0,0
173,77,0,0
173,78,0,0
173,79,0,0
173,80,0,0
173,81,0,0
173,82,0,0
173,83,10,123
173,84,0,0
173,85,0,0
173,86,0,0
173,87,0,0
173,88,0,0
173,89,0,0
173,90,0,0
173,91,0,0
173,92,0,0
173,93,0,0
173,94,0,0
173,95,0,0
173,96,0,0
173,97,0,0
173,98,0,0
173,99,0,0
173,100,0,0
173,101,0,0
173,102,0,0
173,103,0,0
173,104,0,0
173,105,0,0
173,106,0,0
173,107,0,0
173,108,0,0
173,109,0,0
173,110,0,0
173,111,0,0
173,112,0,0
173,113,0,0
173,114,0,0
173,115,0,0
173,116,0,0
173,117,0,0
173,118,0,0
173,119,0,0
173,120,0,0
173,121,0,0
173,122,0,0
173,123,0,0
173,124,0,0
173,125,0,0
173,126,0,0
173,127,0,0
173,128,0,0
173,129,0,0
173,130,93,27
173,131,0,0
173,132,0,0
173,133,0,0
173,134,0,0
173,135,0,0
173,136,0,0
173,137,0,0
173,138,0,0
173,139,0,0
173,140,0,0
173,141,0,0
173,142,0,0
173,143,29,84
173,144,0,0
173,145,0,0
173,146,0,0
173,147,0,0
174,1,0,0
174,2,0,0
174,3,0,0
174,4,0,0
174,5,0,0
174,6,0,0
174,7,0,0
174,8,0,0
174,9,0,0
174,10,0,0
174,11,0,0
174,12,0,0
174,13,0,0
174,14,0,0
174,15,0,0
174,16,0,0
174,17,0,0
174,18,0,0
174,19,0,0
174,20,0,0
174,21,0,0
174,22,0,0
174,23,0,0
174,24,0,0
174,25,0,0
174,26,0,0
174,27,0,0
174,28,0,0
174,29,0,0
174,30,0,0
174,31,0,0
174,32,0,0
174,33,0,0
174,34,0,0
174,35,0,0
174,36,0,0
174,37,0,0
174,38,0,0
174,39,0,0
174,40,0,0
174,41,0,0
174,42,0,0
174,43,0,0
174,44,0,0
174,45,0,0
174,46,25,66
174,47,0,0
174,48,0,0
174,49,0,0
174,50,0,0
174,51,0,0
174,52,0,0
174,53,0,0
174,54,0,0
174,55,5,92
174,56,0,0
174,57,0,0
174,58,0,0
174,59,0,0
174,60,0,0
174,61,0,0
174,62,0,0
174,63,0,0
174,64,0,0
174,65,0,0
174,66,0,0
174,67,0,0
174,68,0,0
174,69,0,0
174,70,0,0
174,71,0,0
174,72,0,0
174,73,0,0
174,74,0,0
174,75,0,0
174,76,0,0
174,77,0,0
174,78,0,0
174,79,0,0
174,80,0,0
174,81,0,0
174,82,0,0
174,83,0,0
174,84,0,0
174,85,0,0
174,86,0,0
174,87,0,0
174,88,0,0
174,89,0,0
174,90,0,0
174,91,0,0
174,92,0,0
174,93,0,0
174,94,0,0
174,95,0,0
174,96,0,0
174,97,0,0
174,98,0,0
174,99,76,14
174,100,31,11
174,101,0,0
174,102,0,0
174,103,0,0
174,104,0,0
174,105,0,0
174,106,25,121
174,107,0,0
174,108,0,0
174,109,5,68
174,110,0,0
174,111,0,0
174,112,0,0
175,1,0,0
175,2,0,0
175,3,0,0
175,4,0,0
175,5,0,0
175,6,0,0
175,7,0,0
175,8,9,36
175,9,0,0
175,10,0,0
175,11,0,0
175,12,0,0
175,13,0,0
175,14,0,0
175,15,0,0
175,16,0,0
175,17,0,0
175,18,0,0
175,19,0,0
175,20,0,0
175,21,0,0
175,22,0,0
175,23,0,0
175,24,0,0
175,25,0,0
175,26,0,0
175,27,0,0
175,28,0,0
175,29,0,0
175,30,0,0
175,31,0,0
175,32,0,0
175,33,0,0
175,34,0,0
175,35,0,0
175,36,0,0
175,37,0,0
175,38,0,0
175,39,0,0
175,40,0,0
175,41,0,0
175,42,0,0
175,43,0,0
175,44,0,0
175,45,0,0
175,46,0,0
175,47,0,0
175,48,0,0
175,49,0,0
175,50,0,0
175,51,0,0
175,52,0,0
175,53,0,0
175,54,0,0
175,55,0,0
175,56,0,0
175,57,0,0
175,58,0,0
175,59,0,0
175,60,21,70
175,61,0,0
175,62,0,0
175,63,0,0
175,64,0,0
175,65,0,0
175,66,0,0
175,67,0,0
175,68,0,0
175,69,0,0
175,70,0,0
175,71,7,105
175,72,0,0
175,73,0,0
175,74,0,0
175,75,0,0
175,76,0,0
175,77,0,0
175,78,0,0
175,79,0,0
175,80,0,0
175,81,0,0
175,82,0,0
175,83,0,0
175,84,0,0
175,85,0,0
175,86,0,0
175,87,0,0
175,88,0,0
175,89,0,0
175,90,0,0
175,91,0,0
175,92,0,0
175,93,0,0
175,94,0,0
175,95,0,0
175,96,0,0
175,97,0,0
175,98,0,0
175,99,0,0
175,100,0,0
175,101,0,0
175,102,0,0
175,103,0,0
175,104,84,50
175,105,75,38
175,106,0,0
175,107,0,0
175,108,36,16
175,109,0,0
175,110,0,0
175,111,45,8
175,112,0,0
175,113,0,0
175,114,0,0
175,115,24,7
175,116,34,12
175,117,0,0
175,118,0,0
175,119,0,0
175,120,0,0
175,121,0,0
175,122,0,0
175,123,0,0
175,124,0,0
175,125,0,0
175,126,0,0
175,127,0,0
175,128,32,147
175,129,0,0
175,130,0,0
175,131,19,151
175,132,0,0
175,133,4,57
175,134,1,42
175,135,0,0
175,136,0,0
175,137,0,0
175,138,0,0
175,139,0,0
176,1,0,0
176,2,0,0
176,3,0,0
176,4,18,25
176,5,0,0
176,6,0,0
176,7,0,0
176,8,0,0
176,9,0,0
176,10,0,0
176,11,0,0
176,12,0,0
176,13,0,0
176,14,0,0
176,15,0,0
176,16,0,0
176,17,0,0
176,18,0,0
176,19,0,0
176,20,0,0
176,21,0,0
176,22,0,0
176,23,0,0
176,24,0,0
176,25,0,0
176,26,0,0
176,27,0,0
176,28,0,0
176,29,0,0
176,30,0,0
176,31,0,0
176,32,0,0
176,33,0,0
176,34,0,0
176,35,0,0
176,36,0,0
176,37,0,0
176,38,0,0
176,39,0,0
176,40,0,0
176,41,0,0
176,42,0,0
176,43,0,0
176,44,0,0
176,45,0,0
176,46,0,0
176,47,0,0
176,48,0,0
176,49,0,0
176,50,0,0
176,51,0,0
176,52,0,0
176,53,0,0
176,54,0,0
176,55,0,0
176,56,0,0
176,57,0,0
176,58,0,0
176,59,0,0
176,60,0,0
176,61,0,0
176,62,0,0
176,63,0,0
176,64,12,120
176,65,0,0
176,66,0,0
176,67,0,0
176,68,0,0
176,69,0,0
176,70,0,0
176,71,0,0
176,72,0,0
176,73,0,0
176,74,0,0
176,75,0,0
176,76,0,0
176,77,0,0
176,78,0,0
176,79,0,0
176,80,0,0
176,81,0,0
176,82,0,0
176,83,0,0
176,84,0,0
176,85,0,0
176,86,0,0
176,87,0,0
176,88,0,0
176,89,0,0
176,90,0,0
176,91,0,0
176,92,0,0
176,93,0,0
176,94,0,0
176,95,0,0
176,96,0,0
176,97,0,0
176,98,68,38
176,99,62,36
176,100,0,0
176,101,0,0
176,102,78,25
176,103,0,0
176,104,0,0
176,105,0,0
176,106,0,0
176,107,0,0
176,108,0,0
176,109,0,0
176,110,0,0
176,111,0,0
176,112,0,0
176,113,0,0
176,114,0,0
176,115,0,0
176,116,0,0
176,117,0,0
176,118,0,0
176,119,0,0
176,120,0,0
176,121,0,0
176,122,0,0
176,123,0,0
176,124,0,0
176,125,0,0
176,126,3,38
176,127,0,0
176,128,0,0
176,129,0,0
177,1,0,0
177,2,0,0
177,3,0,0
177,4,0,0
177,5,0,0
177,6,0,0
177,7,0,0
177,8,0,0
177,9,0,0
177,10,0,0
177,11,0,0
177,12,0,0
177,13,0,0
177,14,0,0
177,15,0,0
177,16,0,0
177,17,0,0
177,18,0,0
177,19,0,0
177,20,0,0
177,21,0,0
177,22,0,0
177,23,0,0
177,24,0,0
177,25,0,0
177,26,0,0
177,27,0,0
177,28,0,0
177,29,0,0
177,30,0,0
177,31,0,0
177,32,0,0
177,33,0,0
177,34,0,0
177,35,0,0
177,36,0,0
177,37,0,0
177,38,0,0
177,39,0,0
177,40,0,0
177,41,0,0
177,42,0,0
177,43,0,0
177,44,0,0
177,45,0,0
177,46,61,91
177,47,0,0
177,48,0,0
177,49,0,0
177,50,0,0
177,51,0,0
177,52,0,0
177,53,0,0
177,54,0,0
177,55,0,0
177,56,0,0
177,57,15,115
177,58,0,0
177,59,0,0
177,60,0,0
177,61,0,0
177,62,0,0
177,63,0,0
177,64,0,0
177,65,0,0
177,66,0,0
177,67,0,0
177,68,0,0
177,69,0,0
177,70,0,0
177,71,0,0
177,72,0,0
177,73,0,0
177,74,0,0
177,75,0,0
177,76,0,0
177,77,0,0
177,78,0,0
177,79,0,0
177,80,0,0
177,81,0,0
177,82,0,0
177,83,0,0
177,84,0,0
177,85,0,0
177,86,0,0
177,87,0,0
177,88,0,0
177,89,0,0
177,90,0,0
177,91,0,0
177,92,0,0
177,93,0,0
177,94,114,66
177,95,0,0
177,96,0,0
177,97,0,0
177,98,0,0
177,99,45,21
177,100,101,30
177,101,0,0
177,102,0,0
177,103,0,0
177,104,0,0
177,105,0,0
177,106,0,0
177,107,0,0
177,108,25,136
177,109,0,0
177,110,0,0
177,111,0,0
177,112,0,0
177,113,0,0
177,114,0,0
177,115,11,136
177,116,0,0
177,117,0,0
177,118,0,0
177,119,0,0
177,120,0,0
177,121,0,0
178,1,0,0
178,2,0,0
178,3,0,0
178,4,0,0
178,5,0,0
178,6,0,0
178,7,0,0
178,8,0,0
178,9,0,0
178,10,0,0
178,11,0,0
178,12,0,0
178,13,0,0
178,14,0,0
178,15,69,24
178,16,0,0
178,17,0,0
178,18,0,0
178,19,60,52
178,20,0,0
178,21,0,0
178,22,0,0
178,23,0,0
178,24,0,0
178,25,0,0
178,26,0,0
178,27,0,0
178,28,0,0
178,29,0,0
178,30,0,0
178,31,0,0
178,32,0,0
178,33,0,0
178,34,0,0
178,35,0,0
178,36,0,0
178,37,0,0
178,38,0,0
178,39,0,0
178,40,0,0
178,41,0,0
178,42,0,0
178,43,0,0
178,44,0,0
178,45,0,0
178,46,0,0
178,47,0,0
178,48,0,0
178,49,0,0
178,50,0,0
178,51,0,0
178,52,0,0
178,53,0,0
178,54,0,0
178,55,0,0
178,56,0,0
178,57,0,0
178,58,0,0
178,59,0,0
178,60,0,0
178,61,0,0
178,62,0,0
178,63,0,0
178,64,0,0
178,65,0,0
178,66,16,116
178,67,0,0
178,68,0,0
178,69,0,0
178,70,0,0
178,71,0,0
178,72,0,0
178,73,0,0
178,74,0,0
178,75,0,0
178,76,0,0
178,77,0,0
178,78,0,0
178,79,0,0
178,80,0,0
178,81,0,0
178,82,0,0
178,83,0,0
178,84,0,0
178,85,0,0
178,86,0,0
178,87,0,0
178,88,0,0
178,89,0,0
178,90,0,0
178,91,0,0
178,92,0,0
178,93,0,0
178,94,0,0
178,95,0,0
178,96,0,0
178,97,0,0
178,98,0,0
178,99,54,85
178,100,0,0
178,101,0,0
178,102,0,0
178,103,0,0
178,104,0,0
178,105,0,0
178,106,0,0
178,107,0,0
178,108,0,0
178,109,0,0
178,110,0,0
178,111,0,0
178,112,34,21
178,113,80,24
178,114,0,0
178,115,0,0
178,116,89,15
178,117,0,0
178,118,0,0
178,119,0,0
178,120,49,76
178,121,0,0
178,122,0,0
178,123,0,0
178,124,0,0
178,125,0,0
178,126,0,0
178,127,0,0
178,128,2,140
178,129,0,0
178,130,7,79
178,131,21,116
178,132,0,0
178,133,0,0
178,134,0,0
179,1,0,0
179,2,0,0
179,3,0,0
179,4,0,0
179,5,0,0
179,6,0,0
179,7,0,0
179,8,0,0
179,9,0,0
179,10,69,18
179,11,0,0
179,12,0,0
179,13,63,47
179,14,0,0
179,15,0,0
179,16,0,0
179,17,0,0
179,18,0,0
179,19,0,0
179,20,0,0
179,21,0,0
179,22,0,0
179,23,0,0
179,24,0,0
179,25,0,0
179,26,0,0
179,27,0,0
179,28,0,0
179,29,0,0
179,30,0,0
179,31,0,0
179,32,0,0
179,33,0,0
179,34,0,0
179,35,0,0
179,36,0,0
179,37,0,0
179,38,0,0
179,39,0,0
179,40,0,0
179,41,0,0
179,42,0,0
179,43,0,0
179,44,0,0
179,45,0,0
179,46,0,0
179,47,0,0
179,48,0,0
179,49,0,0
179,50,0,0
179,51,0,0
179,52,0,0
179,53,0,0
179,54,0,0
179,55,0,0
179,56,0,0
179,57,14,111
179,58,0,0
179,59,0,0
179,60,0,0
179,61,0,0
179,62,0,0
179,63,0,0
179,64,0,0
179,65,0,0
179,66,0,0
179,67,0,0
179,68,0,0
179,69,0,0
179,70,0,0
179,71,0,0
179,72,0,0
179,73,0,0
179,74,0,0
179,75,0,0
179,76,0,0
179,77,0,0
179,78,0,0
179,79,0,0
179,80,0,0
179,81,0,0
179,82,0,0
179,83,0,0
179,84,0,0
179,85,0,0
179,86,0,0
179,87,0,0
179,88,0,0
179,89,0,0
179,90,0,0
179,91,0,0
179,92,0,0
179,93,0,0
179,94,0,0
179,95,0,0
179,96,0,0
179,97,0,0
179,98,0,0
179,99,0,0
179,100,0,0
179,101,0,0
179,102,0,0
179,103,51,73
179,104,0,0
179,105,0,0
179,106,0,0
179,107,0,0
179,108,76,32
179,109,0,0
179,110,0,0
179,111,0,0
179,112,152,46
179,113,0,0
179,114,0,0
179,115,0,0
179,116,56,80
179,117,0,0
179,118,140,20
179,119,0,0
179,120,0,0
179,121,0,0
179,122,16,59
179,123,1,109
179,124,0,0
179,125,0,0
179,126,0,0
179,127,21,151
179,128,0,0
179,129,0,0
180,1,0,0
180,2,0,0
180,3,0,0
180,4,0,0
180,5,0,0
180,6,0,0
180,7,0,0
180,8,0,0
180,9,0,0
180,10,0,0
180,11,0,0
180,12,0,0
180,13,0,0
180,14,0,0
180,15,0,0
180,16,0,0
180,17,0,0
180,18,0,0
180,19,0,0
180,20,0,0
180,21,0,0
180,22,0,0
180,23,0,0
180,24,0,0
180,25,0,0
180,26,0,0
180,27,0,0
180,28,0,0
180,29,0,0
180,30,0,0
180,31,0,0
180,32,0,0
180,33,0,0
180,34,0,0
180,35,0,0
180,36,0,0
180,37,0,0
180,38,0,0
180,39,0,0
180,40,0,0
180,41,0,0
180,42,0,0
180,43,0,0
180,44,0,0
180,45,0,0
180,46,13,107
180,47,0,0
180,48,0,0
180,49,0,0
180,50,0,0
180,51,0,0
180,52,0,0
180,53,0,0
180,54,0,0
180,55,0,0
180,56,0,0
180,57,0,0
180,58,64,99
180,59,0,0
180,60,0,0
180,61,0,0
180,62,0,0
180,63,0,0
180,64,0,0
180,65,0,0
180,66,137,77
180,67,0,0
180,68,0,0
180,69,0,0
180,70,0,0
180,71,0,0
180,72,0,0
180,73,0,0
180,74,0,0
180,75,0,0
180,76,0,0
180,77,0,0
180,78,0,0
180,79,0,0
180,80,0,0
180,81,0,0
180,82,0,0
180,83,0,0
180,84,0,0
180,85,0,0
180,86,0,0
180,87,0,0
180,88,0,0
180,89,0,0
180,90,89,71
180,91,0,0
180,92,0,0
180,93,43,35
180,94,0,0
180,95,63,29
180,96,41,49
180,97,0,0
180,98,35,40
180,99,14,17
180,100,62,32
180,101,0,0
180,102,0,0
180,103,0,0
180,104,0,0
180,105,0,0
180,106,0,0
180,107,0,0
180,108,0,0
180,109,0,0
180,110,100,16
180,111,0,0
180,112,0,0
180,113,0,0
180,114,0,0
180,115,0,0
180,116,0,0
180,117,0,0
180,118,0,0
180,119,12,50
180,120,0,44
180,121,5,95
180,122,0,0
180,123,5,154
180,124,0,0
180,125,0,0
180,126,16,141
180,127,0,0
180,128,0,0
180,129,0,0
181,1,0,0
181,2,0,0
181,3,0,0
181,4,0,0
181,5,0,0
181,6,18,18
181,7,0,0
181,8,0,0
181,9,0,0
181,10,0,0
181,11,0,0
181,12,0,0
181,13,0,0
181,14,0,0
181,15,0,0
181,16,0,0
181,17,0,0
181,18,0,0
181,19,0,0
181,20,0,0
181,21,0,0
181,22,0,0
181,23,0,0
181,24,0,0
181,25,0,0
181,26,0,0
181,27,0,0
181,28,0,0
181,29,0,0
181,30,0,0
181,31,0,0
181,32,0,0
181,33,0,0
181,34,0,0
181,35,0,0
181,36,0,0
181,37,0,0
181,38,0,0
181,39,0,0
181,40,0,0
181,41,0,0
181,42,0,0
181,43,0,0
181,44,0,0
181,45,0,0
181,46,0,0
181,47,0,0
181,48,0,0
181,49,0,0
181,50,0,0
181,51,0,0
181,52,51,71
181,53,0,0
181,54,0,0
181,55,12,112
181,56,0,0
181,57,0,0
181,58,0,0
181,59,0,0
181,60,0,0
181,61,0,0
181,62,0,0
181,63,0,0
181,64,0,0
181,65,33,75
181,66,0,0
181,67,0,0
181,68,0,0
181,69,0,0
181,70,0,0
181,71,0,0
181,72,0,0
181,73,0,0
181,74,0,0
181,75,0,0
181,76,0,0
181,77,0,0
181,78,0,0
181,79,0,0
181,80,0,0
181,81,0,0
181,82,0,0
181,83,0,0
181,84,0,0
181,85,0,0
181,86,0,0
181,87,0,0
181,88,0,0
181,89,0,0
181,90,0,0
181,91,0,0
181,92,0,0
181,93,0,0
181,94,0,0
181,95,44,37
181,96,0,0
181,97,0,0
181,98,63,35
181,99,39,45
181,100,16,28
181,101,30,34
181,102,11,7
181,103,52,23
181,104,0,0
181,105,0,0
181,106,0,0
181,107,0,0
181,108,0,0
181,109,0,0
181,110,0,0
181,111,0,0
181,112,0,0
181,113,0,0
181,114,7,122
181,115,0,0
181,116,0,0
181,117,10,102
181,118,4,74
181,119,0,0
181,120,6,95
181,121,6,54
181,122,0,0
182,1,0,0
182,2,0,0
182,3,0,0
182,4,0,0
182,5,5,6
182,6,0,0
182,7,0,0
182,8,0,0
182,9,0,0
182,10,0,0
182,11,0,0
182,12,0,0
182,13,0,0
182,14,0,0
182,15,12,45
182,16,84,45
182,17,0,0
182,18,0,0
182,19,0,0
182,20,18,79
182,21,0,0
182,22,0,0
182,23,0,0
182,24,0,0
182,25,0,0
182,26,0,0
182,27,0,0
182,28,0,0
182,29,0,0
182,30,0,0
182,31,0,0
182,32,0,0
182,33,0,0
182,34,0,0
182,35,0,0
182,36,0,0
182,37,0,0
182,38,0,0
182,39,0,0
182,40,0,0
182,41,0,0
182,42,0,0
182,43,0,0
182,44,0,0
182,45,0,0
182,46,0,0
182,47,0,0
182,48,0,0
182,49,0,0
182,50,0,0
182,51,24,79
182,52,0,0
182,53,0,0
182,54,0,0
182,55,0,0
182,56,0,0
182,57,0,0
182,58,41,58
182,59,0,0
182,60,0,0
182,61,0,0
182,62,0,0
182,63,0,0
182,64,9,100
182,65,0,0
182,66,0,0
182,67,0,0
182,68,0,0
182,69,0,0
182,70,0,0
182,71,0,0
182,72,0,0
182,73,0,0
182,74,0,0
182,75,0,0
182,76,28,66
182,77,0,0
182,78,0,0
182,79,0,0
182,80,0,0
182,81,0,0
182,82,0,0
182,83,0,0
182,84,0,0
182,85,0,0
182,86,0,0
182,87,0,0
182,88,0,0
182,89,0,0
182,90,0,0
182,91,0,0
182,92,0,0
182,93,0,0
182,94,0,0
182,95,0,0
182,96,0,0
182,97,0,0
182,98,0,0
182,99,0,0
182,100,0,0
182,101,0,0
182,102,0,0
182,103,0,0
182,104,0,0
182,105,0,0
182,106,76,74
182,107,0,0
182,108,0,0
182,109,49,51
182,110,33,40
182,111,0,0
182,112,0,0
182,113,0,0
182,114,0,0
182,115,309,33
182,116,0,0
182,117,0,0
182,118,14,130
182,119,0,0
182,120,0,0
182,121,0,0
182,122,0,0
182,123,0,0
182,124,0,0
182,125,0,0
182,126,10,164
182,127,0,0
182,128,10,127
182,129,0,0
182,130,0,0
182,131,0,0
182,132,0,0
182,133,0,0
182,134,0,0
182,135,0,0
183,1,0,0
183,2,0,0
183,3,0,0
183,4,0,0
183,5,0,0
183,6,0,0
183,7,0,0
183,8,0,0
183,9,0,0
183,10,0,0
183,11,0,0
183,12,0,0
183,13,0,0
183,14,0,0
183,15,0,0
183,16,6,13
183,17,27,42
183,18,0,0
183,19,4,37
183,20,77,48
183,21,0,0
183,22,0,0
183,23,0,0
183,24,0,0
183,25,0,0
183,26,0,0
183,27,0,0
183,28,0,0
183,29,0,0
183,30,0,0
183,31,0,0
183,32,0,0
183,33,0,0
183,34,0,0
183,35,0,0
183,36,0,0
183,37,0,0
183,38,0,0
183,39,0,0
183,40,0,0
183,41,0,0
183,42,0,0
183,43,0,0
183,44,0,0
183,45,29,82
183,46,0,0
183,47,0,0
183,48,0,0
183,49,0,0
183,50,39,52
183,51,0,0
183,52,0,0
183,53,0,0
183,54,13,113
183,55,0,0
183,56,0,0
183,57,0,0
183,58,0,0
183,59,0,0
183,60,0,0
183,61,0,0
183,62,0,0
183,63,0,0
183,64,0,0
183,65,0,0
183,66,29,63
183,67,0,0
183,68,0,0
183,69,0,0
183,70,0,0
183,71,0,0
183,72,0,0
183,73,0,0
183,74,0,0
183,75,0,0
183,76,0,0
183,77,0,0
183,78,0,0
183,79,0,0
183,80,0,0
183,81,99,51
183,82,0,0
183,83,0,0
183,84,0,0
183,85,0,0
183,86,0,0
183,87,0,0
183,88,0,0
183,89,0,0
183,90,0,0
183,91,82,76
183,92,0,0
183,93,0,0
183,94,0,0
183,95,0,0
183,96,0,0
183,97,24,42
183,98,43,55
183,99,23,82
183,100,24,25
183,101,0,0
183,102,0,0
183,103,0,0
183,104,0,0
183,105,0,0
183,106,250,40
183,107,106,17
183,108,0,0
183,109,0,0
183,110,270,38
183,111,19,133
183,112,0,0
183,113,0,0
183,114,0,0
183,115,0,0
183,116,0,0
183,117,116,29
183,118,0,0
183,119,0,0
183,120,8,168
183,121,0,0
183,122,0,0
183,123,0,0
183,124,0,0
183,125,0,0
183,126,0,0
183,127,0,0
183,128,0,0
183,129,0,0
183,130,0,0
184,1,0,0
184,2,0,0
184,3,0,0
184,4,0,0
184,5,0,0
184,6,0,0
184,7,0,0
184,8,0,0
184,9,0,0
184,10,0,0
184,11,0,0
184,12,32,47
184,13,8,47
184,14,0,0
184,15,77,52
184,16,0,0
184,17,0,0
184,18,0,0
184,19,106,76
184,20,0,0
184,21,0,0
184,22,0,0
184,23,0,0
184,24,0,0
184,25,0,0
184,26,0,0
184,27,0,0
184,28,0,0
184,29,0,0
184,30,0,0
184,31,28,93
184,32,0,0
184,33,0,0
184,34,31,52
184,35,0,0
184,36,0,0
184,37,0,0
184,38,0,0
184,39,0,0
184,40,16,111
184,41,0,0
184,42,0,0
184,43,0,0
184,44,0,0
184,45,0,0
184,46,0,0
184,47,0,0
184,48,0,0
184,49,30,61
184,50,0,0
184,51,0,0
184,52,0,0
184,53,0,0
184,54,0,0
184,55,0,0
184,56,0,0
184,57,0,0
184,58,0,0
184,59,0,0
184,60,0,0
184,61,0,0
184,62,141,99
184,63,0,0
184,64,0,0
184,65,0,0
184,66,0,0
184,67,0,0
184,68,0,0
184,69,0,0
184,70,0,0
184,71,0,0
184,72,0,0
184,73,0,0
184,74,0,0
184,75,0,0
184,76,0,0
184,77,0,0
184,78,0,0
184,79,0,0
184,80,0,0
184,81,0,0
184,82,281,45
184,83,0,0
184,84,0,0
184,85,0,0
184,86,0,0
184,87,181,49
184,88,229,42
184,89,0,0
184,90,0,0
184,91,54,5
184,92,0,0
184,93,0,0
184,94,0,0
184,95,0,0
184,96,0,0
184,97,0,0
184,98,0,0
184,99,0,0
184,100,0,0
184,101,8,151
184,102,0,0
184,103,0,0
184,104,0,0
184,105,0,0
184,106,0,0
184,107,0,0
184,108,0,0
184,109,0,0
184,110,0,0
184,111,0,0
184,112,0,0
185,1,0,0
185,2,0,0
185,3,0,0
185,4,0,0
185,5,0,0
185,6,0,0
185,7,0,0
185,8,0,0
185,9,0,0
185,10,0,0
185,11,0,0
185,12,0,0
185,13,0,0
185,14,0,0
185,15,0,0
185,16,0,0
185,17,0,0
185,18,0,0
185,19,0,0
185,20,0,0
185,21,0,0
185,22,0,0
185,23,0,0
185,24,0,0
185,25,0,0
185,26,0,0
185,27,0,0
185,28,0,0
185,29,0,0
185,30,0,0
185,31,31,106
185,32,0,0
185,33,0,0
185,34,0,0
185,35,0,0
185,36,0,0
185,37,0,0
185,38,0,0
185,39,0,0
185,40,0,0
185,41,0,0
185,42,0,0
185,43,0,0
185,44,0,0
185,45,0,0
185,46,0,0
185,47,0,0
185,48,0,0
185,49,0,0
185,50,0,0
185,51,0,0
185,52,0,0
185,53,0,0
185,54,0,0
185,55,0,0
185,56,0,0
185,57,0,0
185,58,38,57
185,59,0,0
185,60,0,0
185,61,0,0
185,62,0,0
185,63,0,0
185,64,0,0
185,65,0,0
185,66,0,0
185,67,0,0
185,68,0,0
185,69,0,0
185,70,35,71
185,71,0,0
185,72,0,0
185,73,0,0
185,74,0,0
185,75,0,0
185,76,0,0
185,77,0,0
185,78,36,65
185,79,0,0
185,80,0,0
185,81,0,0
185,82,0,0
185,83,0,0
185,84,194,37
185,85,24,122
185,86,0,0
185,87,0,0
185,88,0,0
185,89,61,5
185,90,0,0
185,91,124,13
185,92,85,24
185,93,0,0
185,94,0,0
185,95,0,0
185,96,2,125
185,97,9,103
185,98,0,0
185,99,0,0
185,100,0,0
185,101,0,0
185,102,0,0
185,103,0,0
185,104,0,0
185,105,0,0
185,106,0,0
185,107,0,0
186,1,0,0
186,2,0,0
186,3,0,0
186,4,0,0
186,5,0,0
186,6,0,0
186,7,0,0
186,8,0,0
186,9,0,0
186,10,0,0
186,11,0,0
186,12,0,0
186,13,0,0
186,14,0,0
186,15,0,0
186,16,0,0
186,17,0,0
186,18,0,0
186,19,0,0
186,20,0,0
186,21,0,0
186,22,0,0
186,23,0,0
186,24,0,0
186,25,0,0
186,26,0,0
186,27,0,0
186,28,0,0
186,29,0,0
186,30,0,0
186,31,0,0
186,32,0,0
186,33,31,108
186,34,0,0
186,35,0,0
186,36,0,0
186,37,0,0
186,38,31,97
186,39,0,0
186,40,0,0
186,41,0,0
186,42,0,0
186,43,0,0
186,44,0,0
186,45,0,0
186,46,0,0
186,47,0,0
186,48,0,0
186,49,0,0
186,50,0,0
186,51,0,0
186,52,0,0
186,53,0,0
186,54,0,0
186,55,0,0
186,56,0,0
186,57,56,52
186,58,0,0
186,59,38,69
186,60,0,0
186,61,0,0
186,62,0,0
186,63,0,0
186,64,0,0
186,65,0,0
186,66,0,0
186,67,0,0
186,68,0,0
186,69,0,0
186,70,0,0
186,71,0,0
186,72,0,0
186,73,0,0
186,74,0,0
186,75,0,0
186,76,77,21
186,77,0,0
186,78,0,0
186,79,66,4
186,80,0,0
186,81,133,12
186,82,8,6
186,83,97,22
186,84,0,0
186,85,82,16
186,86,0,0
186,87,0,0
186,88,9,178
186,89,0,0
186,90,0,0
186,91,0,0
186,92,0,0
186,93,0,0
186,94,18,23
186,95,0,0
186,96,0,0
186,97,0,0
186,98,0,77
187,1,0,0
187,2,0,0
187,3,0,0
187,4,0,0
187,5,0,0
187,6,0,0
187,7,0,0
187,8,0,0
187,9,0,0
187,10,0,0
187,11,0,0
187,12,0,0
187,13,0,0
187,14,0,0
187,15,0,0
187,16,0,0
187,17,0,0
187,18,0,0
187,19,0,0
187,20,0,0
187,21,0,0
187,22,0,0
187,23,0,0
187,24,0,0
187,25,0,0
187,26,0,0
187,27,0,0
187,28,0,0
187,29,0,0
187,30,0,0
187,31,0,0
187,32,36,116
187,33,0,0
187,34,0,0
187,35,0,0
187,36,0,0
187,37,0,0
187,38,0,0
187,39,0,0
187,40,0,0
187,41,0,0
187,42,0,0
187,43,0,0
187,44,0,0
187,45,0,0
187,46,0,0
187,47,0,0
187,48,0,0
187,49,0,0
187,50,0,0
187,51,0,0
187,52,0,0
187,53,0,0
187,54,0,0
187,55,0,0
187,56,0,0
187,57,40,65
187,58,0,0
187,59,0,0
187,60,0,0
187,61,0,0
187,62,0,0
187,63,0,0
187,64,0,0
187,65,0,0
187,66,31,13
187,67,60,11
187,68,0,0
187,69,9,94
187,70,13,93
187,71,132,11
187,72,7,5
187,73,112,20
187,74,0,0
187,75,0,0
187,76,0,0
187,77,78,20
187,78,0,0
187,79,0,0
187,80,0,0
187,81,0,0
187,82,0,0
187,83,0,0
187,84,0,0
187,85,0,0
188,1,0,0
188,2,0,0
188,3,0,0
188,4,0,0
188,5,0,0
188,6,0,0
188,7,0,0
188,8,0,0
188,9,0,0
188,10,0,0
188,11,0,0
188,12,0,0
188,13,0,0
188,14,0,0
188,15,0,0
188,16,0,0
188,17,0,0
188,18,0,0
188,19,0,0
188,20,0,0
188,21,0,0
188,22,0,0
188,23,0,0
188,24,0,0
188,25,0,0
188,26,0,0
188,27,0,0
188,28,0,0
188,29,0,0
188,30,0,0
188,31,0,0
188,32,0,0
188,33,0,0
188,34,0,0
188,35,11,108
188,36,0,0
188,37,0,0
188,38,0,0
188,39,0,0
188,40,0,0
188,41,0,0
188,42,0,0
188,43,0,0
188,44,0,0
188,45,0,0
188,46,0,0
188,47,0,0
188,48,0,0
188,49,0,0
188,50,0,0
188,51,0,0
188,52,0,0
188,53,65,97
188,54,0,0
188,55,0,0
188,56,0,0
188,57,0,0
188,58,0,0
188,59,0,0
188,60,0,0
188,61,0,0
188,62,0,0
188,63,0,0
188,64,0,0
188,65,0,0
188,66,0,0
188,67,0,0
188,68,0,0
188,69,0,0
188,70,0,0
188,71,0,0
188,72,0,0
188,73,136,68
188,74,0,0
188,75,18,107
188,76,0,0
188,77,0,0
188,78,67,27
188,79,0,0
188,80,0,0
188,81,69,24
188,82,0,0
188,83,0,0
188,84,30,12
188,85,55,10
188,86,0,0
188,87,0,0
188,88,22,144
188,89,165,11
188,90,102,25
188,91,0,0
188,92,13,138
188,93,0,0
188,94,0,0
188,95,13,169
188,96,0,0
188,97,0,0
188,98,0,0
188,99,0,0
188,100,0,0
188,101,0,0
189,1,0,0
189,2,0,0
189,3,0,0
189,4,0,0
189,5,0,0
189,6,0,0
189,7,0,0
189,8,0,0
189,9,0,0
189,10,0,0
189,11,0,0
189,12,0,0
189,13,0,0
189,14,0,0
189,15,0,0
189,16,26,107
189,17,0,0
189,18,0,0
189,19,0,0
189,20,0,0
189,21,0,0
189,22,0,0
189,23,0,0
189,24,0,0
189,25,0,0
189,26,0,0
189,27,0,0
189,28,0,0
189,29,0,0
189,30,0,0
189,31,0,0
189,32,0,0
189,33,0,0
189,34,0,0
189,35,0,0
189,36,0,0
189,37,0,0
189,38,0,0
189,39,0,0
189,40,0,0
189,41,0,0
189,42,0,0
189,43,0,0
189,44,0,0
189,45,0,0
189,46,41,58
189,47,0,0
189,48,0,0
189,49,0,0
189,50,0,0
189,51,0,0
189,52,0,0
189,53,0,0
189,54,0,0
189,55,0,0
189,56,43,69
189,57,0,0
189,58,0,0
189,59,0,0
189,60,0,0
189,61,0,0
189,62,0,0
189,63,0,0
189,64,0,0
189,65,0,0
189,66,0,0
189,67,0,0
189,68,0,0
189,69,0,0
189,70,0,0
189,71,0,0
189,72,0,0
189,73,54,23
189,74,0,0
189,75,0,0
189,76,0,0
189,77,29,6
189,78,29,6
189,79,49,15
189,80,0,0
189,81,0,0
189,82,296,51
189,83,6,146
189,84,0,0
189,85,61,11
189,86,24,134
189,87,234,19
189,88,0,0
189,89,0,0
189,90,0,0
189,91,62,10
189,92,24,167
189,93,0,0
189,94,0,0
189,95,0,0
189,96,6,86
189,97,151,42
189,98,10,113
189,99,0,0
189,100,0,0
189,101,0,0
189,102,0,0
190,1,0,0
190,2,0,0
190,3,0,0
190,4,0,0
190,5,0,0
190,6,0,0
190,7,0,0
190,8,0,0
190,9,0,0
190,10,0,0
190,11,0,0
190,12,0,0
190,13,0,0
190,14,0,0
190,15,0,0
190,16,0,0
190,17,0,0
190,18,55,64
190,19,0,0
190,20,0,0
190,21,0,0
190,22,0,0
190,23,0,0
190,24,0,0
190,25,0,0
190,26,0,0
190,27,0,0
190,28,0,0
190,29,0,0
190,30,0,0
190,31,0,0
190,32,0,0
190,33,0,0
190,34,0,0
190,35,0,0
190,36,0,0
190,37,0,0
190,38,0,0
190,39,0,0
190,40,0,0
190,41,0,0
190,42,0,0
190,43,0,0
190,44,0,0
190,45,0,0
190,46,0,0
190,47,0,0
190,48,0,0
190,49,0,0
190,50,0,0
190,51,0,0
190,52,0,0
190,53,0,0
190,54,0,0
190,55,0,0
190,56,0,0
190,57,0,0
190,58,0,0
190,59,0,0
190,60,126,70
190,61,0,0
190,62,29,28
190,63,0,0
190,64,44,23
190,65,0,0
190,66,36,12
190,67,45,8
190,68,0,0
190,69,310,54
190,70,7,137
190,71,62,18
190,72,0,0
190,73,0,0
190,74,68,10
190,75,26,148
190,76,0,0
190,77,0,0
190,78,0,0
191,1,0,0
191,2,0,0
191,3,0,0
191,4,0,0
191,5,0,0
191,6,0,0
191,7,0,0
191,8,0,0
191,9,0,0
191,10,0,0
191,11,0,0
191,12,0,0
191,13,0,0
191,14,0,0
191,15,0,0
191,16,0,0
191,17,0,0
191,18,0,0
191,19,0,0
191,20,73,91
191,21,0,0
191,22,0,0
191,23,0,0
191,24,0,0
191,25,0,0
191,26,0,0
191,27,0,0
191,28,0,0
191,29,0,0
191,30,0,0
191,31,0,0
191,32,0,0
191,33,0,0
191,34,0,0
191,35,0,0
191,36,0,0
191,37,0,0
191,38,0,0
191,39,0,0
191,40,0,0
191,41,76,95
191,42,0,0
191,43,0,0
191,44,0,0
191,45,0,0
191,46,19,96
191,47,137,38
191,48,4,59
191,49,0,25
191,50,165,29
191,51,0,0
191,52,5,93
191,53,0,0
191,54,0,0
191,55,33,12
191,56,51,9
191,57,0,0
191,58,75,10
191,59,23,147
191,60,0,0
191,61,0,0
191,62,7,137
191,63,0,0
191,64,0,0
191,65,29,11
191,66,0,42
191,67,0,0
192,1,0,0
192,2,0,0
192,3,0,0
192,4,0,0
192,5,0,0
192,6,0,0
192,7,0,0
192,8,0,0
192,9,0,0
192,10,0,0
192,11,0,0
192,12,0,0
192,13,0,0
192,14,0,0
192,15,0,0
192,16,9,8
192,17,0,0
192,18,0,0
192,19,0,0
192,20,0,0
192,21,0,0
192,22,0,0
192,23,15,58
192,24,0,0
192,25,0,0
192,26,0,0
192,27,0,0
192,28,0,0
192,29,0,0
192,30,0,0
192,31,0,0
192,32,0,0
192,33,0,0
192,34,0,0
192,35,0,0
192,36,0,0
192,37,0,0
192,38,0,0
192,39,0,0
192,40,0,0
192,41,0,0
192,42,0,0
192,43,0,0
192,44,0,0
192,45,0,0
192,46,84,87
192,47,0,0
192,48,0,0
192,49,0,0
192,50,0,0
192,51,23,131
192,52,77,40
192,53,0,0
192,54,0,0
192,55,71,29
192,56,0,0
192,57,0,0
192,58,0,0
192,59,6,143
192,60,114,28
192,61,0,0
192,62,135,22
192,63,0,0
192,64,0,0
192,65,41,10
192,66,39,7
192,67,0,0
192,68,0,0
192,69,0,0
192,70,0,0
192,71,0,0
192,72,0,0
192,73,25,142
192,74,0,0
192,75,0,0
192,76,0,0
192,77,0,0
192,78,0,0
192,79,0,0
192,80,0,0
192,81,0,0
192,82,0,0
192,83,0,35
192,84,0,0
192,85,0,0
193,1,0,0
193,2,0,0
193,3,0,0
193,4,0,0
193,5,0,0
193,6,0,0
193,7,0,0
193,8,0,0
193,9,0,0
193,10,0,0
193,11,0,0
193,12,0,0
193,13,10,13
193,14,0,0
193,15,0,0
193,16,0,0
193,17,0,0
193,18,0,0
193,19,0,0
193,20,0,0
193,21,0,0
193,22,0,0
193,23,0,0
193,24,0,0
193,25,0,0
193,26,46,62
193,27,0,0
193,28,0,0
193,29,0,0
193,30,0,0
193,31,0,0
193,32,0,0
193,33,39,96
193,34,0,0
193,35,0,0
193,36,0,0
193,37,0,0
193,38,0,0
193,39,0,0
193,40,0,0
193,41,0,0
193,42,0,0
193,43,0,0
193,44,0,0
193,45,0,0
193,46,0,0
193,47,0,0
193,48,76,53
193,49,0,0
193,50,0,0
193,51,0,0
193,52,0,0
193,53,0,0
193,54,0,0
193,55,0,0
193,56,0,0
193,57,0,0
193,58,0,0
193,59,0,0
193,60,0,0
193,61,97,67
193,62,0,0
193,63,0,0
193,64,0,0
193,65,0,0
193,66,22,134
193,67,75,22
193,68,0,0
193,69,0,0
193,70,0,0
193,71,0,0
193,72,0,0
193,73,0,0
193,74,0,0
193,75,48,15
193,76,0,0
193,77,0,0
193,78,0,0
193,79,0,0
193,80,22,9
193,81,23,9
193,82,27,6
193,83,0,0
193,84,0,0
193,85,0,0
193,86,0,0
193,87,9,3
193,88,0,0
193,89,0,0
193,90,0,0
193,91,0,0
193,92,0,0
193,93,0,0
193,94,0,0
193,95,0,0
193,96,417,5
193,97,2,115
193,98,0,0
193,99,0,0
193,100,0,0
193,101,0,0
193,102,0,0
193,103,0,0
193,104,0,0
193,105,0,0
194,1,0,0
194,2,0,0
194,3,0,0
194,4,0,0
194,5,0,0
194,6,0,0
194,7,0,0
194,8,0,0
194,9,0,0
194,10,0,0
194,11,0,0
194,12,0,0
194,13,0,0
194,14,0,0
194,15,0,0
194,16,0,0
194,17,0,0
194,18,0,0
194,19,0,0
194,20,0,0
194,21,0,0
194,22,41,73
194,23,46,51
194,24,0,0
194,25,0,0
194,26,0,0
194,27,0,0
194,28,0,0
194,29,0,0
194,30,0,0
194,31,0,0
194,32,0,0
194,33,0,0
194,34,0,0
194,35,0,0
194,36,0,0
194,37,0,0
194,38,0,0
194,39,0,0
194,40,0,0
194,41,0,0
194,42,0,0
194,43,0,0
194,44,0,0
194,45,0,0
194,46,0,0
194,47,0,0
194,48,0,0
194,49,0,0
194,50,0,0
194,51,0,0
194,52,0,0
194,53,0,0
194,54,0,0
194,55,0,0
194,56,0,0
194,57,0,0
194,58,0,0
194,59,0,0
194,60,95,78
194,61,0,0
194,62,35,76
194,63,19,130
194,64,69,28
194,65,0,0
194,66,0,0
194,67,64,23
194,68,0,0
194,69,0,0
194,70,0,0
194,71,0,0
194,72,0,0
194,73,0,0
194,74,0,0
194,75,0,0
194,76,23,140
194,77,0,0
194,78,44,85
194,79,0,0
194,80,4,3
194,81,0,0
194,82,0,0
194,83,0,0
194,84,17,101
194,85,0,0
194,86,0,0
194,87,0,0
194,88,0,0
194,89,0,0
194,90,0,0
194,91,8,92
194,92,0,0
194,93,0,0
194,94,0,96
194,95,0,0
194,96,0,0
194,97,0,0
194,98,0,0
195,1,0,0
195,2,0,0
195,3,0,0
195,4,0,0
195,5,0,0
195,6,0,0
195,7,0,0
195,8,0,0
195,9,0,0
195,10,0,0
195,11,0,0
195,12,0,0
195,13,0,0
195,14,0,0
195,15,0,0
195,16,0,0
195,17,0,0
195,18,0,0
195,19,0,0
195,20,0,0
195,21,44,68
195,22,89,90
195,23,0,0
195,24,0,0
195,25,0,0
195,26,0,0
195,27,0,0
195,28,0,0
195,29,0,0
195,30,47,120
195,31,0,0
195,32,0,0
195,33,0,0
195,34,0,0
195,35,0,0
195,36,0,0
195,37,0,0
195,38,0,0
195,39,0,0
195,40,0,0
195,41,0,0
195,42,0,0
195,43,0,0
195,44,0,0
195,45,0,0
195,46,0,0
195,47,0,0
195,48,0,0
195,49,0,0
195,50,0,0
195,51,0,0
195,52,0,0
195,53,0,0
195,54,0,0
195,55,0,0
195,56,0,0
195,57,0,0
195,58,0,0
195,59,0,0
195,60,0,0
195,61,0,0
195,62,0,0
195,63,21,129
195,64,0,0
195,65,0,0
195,66,65,18
195,67,0,0
195,68,0,0
195,69,26,107
195,70,0,0
195,71,0,0
195,72,7,109
195,73,0,0
195,74,0,0
195,75,0,0
195,76,0,0
195,77,0,0
195,78,4,2
195,79,0,0
195,80,0,0
195,81,35,102
195,82,0,0
195,83,0,0
195,84,0,0
195,85,0,0
195,86,0,0
195,87,0,0
195,88,1,122
195,89,0,0
195,90,0,0
195,91,0,0
195,92,0,0
196,1,0,0
196,2,0,0
196,3,0,0
196,4,0,0
196,5,0,0
196,6,0,0
196,7,0,0
196,8,0,0
196,9,0,0
196,10,0,0
196,11,0,0
196,12,0,0
196,13,0,0
196,14,0,0
196,15,0,0
196,16,0,0
196,17,0,0
196,18,0,0
196,19,0,0
196,20,0,0
196,21,0,0
196,22,0,0
196,23,0,0
196,24,0,0
196,25,0,0
196,26,0,0
196,27,0,0
196,28,48,80
196,29,0,0
196,30,0,0
196,31,0,0
196,32,0,0
196,33,0,0
196,34,0,0
196,35,0,0
196,36,0,0
196,37,0,0
196,38,0,0
196,39,0,0
196,40,0,0
196,41,0,0
196,42,0,0
196,43,0,0
196,44,0,0
196,45,0,0
196,46,73,73
196,47,0,0
196,48,0,0
196,49,0,0
196,50,0,0
196,51,0,0
196,52,0,0
196,53,0,0
196,54,0,0
196,55,0,0
196,56,34,93
196,57,0,0
196,58,0,0
196,59,0,0
196,60,51,100
196,61,0,0
196,62,0,0
196,63,0,0
196,64,0,0
196,65,0,0
196,66,0,0
196,67,21,166
196,68,0,0
196,69,0,0
196,70,0,0
196,71,0,0
196,72,60,15
196,73,0,0
196,74,0,0
196,75,0,0
196,76,0,0
196,77,0,0
196,78,22,34
196,79,0,0
196,80,34,14
196,81,0,0
196,82,0,0
196,83,0,0
196,84,2,2
196,85,0,0
196,86,36,96
196,87,0,0
196,88,0,0
196,89,0,0
196,90,0,0
196,91,0,0
196,92,0,0
196,93,0,0
196,94,0,0
196,95,0,0
196,96,0,0
196,97,0,0
197,1,0,0
197,2,0,0
197,3,0,0
197,4,0,0
197,5,0,0
197,6,0,0
197,7,0,0
197,8,14,13
197,9,0,0
197,10,0,0
197,11,0,0
197,12,0,0
197,13,0,0
197,14,0,0
197,15,0,0
197,16,0,0
197,17,0,0
197,18,0,0
197,19,0,0
197,20,0,0
197,21,0,0
197,22,0,0
197,23,0,0
197,24,0,0
197,25,0,0
197,26,0,0
197,27,0,0
197,28,0,0
197,29,0,0
197,30,66,72
197,31,0,0
197,32,0,0
197,33,0,0
197,34,0,0
197,35,0,0
197,36,0,0
197,37,0,0
197,38,0,0
197,39,0,0
197,40,0,0
197,41,0,0
197,42,0,0
197,43,46,98
197,44,0,0
197,45,4,102
197,46,0,0
197,47,19,118
197,48,0,0
197,49,0,0
197,50,44,8
197,51,0,0
197,52,36,6
197,53,6,142
197,54,0,0
197,55,0,0
197,56,0,0
197,57,0,0
197,58,0,0
197,59,0,0
197,60,27,18
197,61,0,0
197,62,41,143
197,63,0,0
197,64,0,0
197,65,0,0
197,66,0,0
197,67,12,157
197,68,0,0
197,69,0,0
197,70,0,0
197,71,0,0
197,72,76,41
197,73,365,5
197,74,0,0
197,75,0,0
197,76,0,0
197,77,0,0
197,78,0,0
197,79,0,0
197,80,0,0
198,1,0,0
198,2,0,0
198,3,0,0
198,4,0,0
198,5,0,0
198,6,0,0
198,7,0,0
198,8,0,0
198,9,0,0
198,10,0,0
198,11,0,0
198,12,0,0
198,13,0,0
198,14,0,0
198,15,0,0
198,16,0,0
198,17,0,0
198,18,0,0
198,19,0,0
198,20,0,0
198,21,0,0
198,22,0,0
198,23,0,0
198,24,0,0
198,25,0,0
198,26,0,0
198,27,0,0
198,28,0,0
198,29,0,0
198,30,0,0
198,31,0,0
198,32,0,0
198,33,0,0
198,34,0,0
198,35,0,0
198,36,0,0
198,37,0,0
198,38,0,0
198,39,0,0
198,40,0,0
198,41,0,0
198,42,0,0
198,43,0,0
198,44,0,0
198,45,0,0
198,46,0,0
198,47,0,0
198,48,0,0
198,49,33,63
198,50,0,0
198,51,17,151
198,52,0,0
198,53,0,0
198,54,0,0
198,55,0,0
198,56,0,0
198,57,51,73
198,58,0,0
198,59,0,0
198,60,0,0
198,61,0,0
198,62,0,0
198,63,4,114
198,64,59,12
198,65,0,0
198,66,0,0
198,67,0,0
198,68,0,0
198,69,31,21
198,70,0,0
198,71,0,0
198,72,24,3
198,73,0,0
198,74,0,0
198,75,10,174
198,76,0,0
198,77,0,0
198,78,56,54
198,79,21,62
198,80,0,119
198,81,0,0
198,82,0,0
198,83,0,0
198,84,0,0
198,85,0,0
198,86,0,0
198,87,0,0
198,88,0,0
198,89,0,0
199,1,0,0
199,2,0,0
199,3,0,0
199,4,0,0
199,5,0,0
199,6,0,0
199,7,0,0
199,8,0,0
199,9,0,0
199,10,0,0
199,11,0,0
199,12,0,0
199,13,0,0
199,14,0,0
199,15,0,0
199,16,0,0
199,17,0,0
199,18,0,0
199,19,0,0
199,20,0,0
199,21,0,0
199,22,0,0
199,23,0,0
199,24,0,0
199,25,0,0
199,26,0,0
199,27,0,0
199,28,0,0
199,29,0,0
199,30,0,0
199,31,0,0
199,32,0,0
199,33,0,0
199,34,0,0
199,35,0,0
199,36,0,0
199,37,0,0
199,38,0,0
199,39,0,0
199,40,0,0
199,41,0,0
199,42,0,0
199,43,0,0
199,44,0,0
199,45,0,0
199,46,0,0
199,47,0,0
199,48,0,0
199,49,0,0
199,50,0,0
199,51,0,0
199,52,0,0
199,53,0,0
199,54,0,0
199,55,0,0
199,56,0,0
199,57,0,0
199,58,0,0
199,59,0,0
199,60,0,0
199,61,0,0
199,62,0,0
199,63,0,0
199,64,0,0
199,65,0,0
199,66,60,15
199,67,6,135
199,68,0,0
199,69,23,21
199,70,0,0
199,71,0,0
199,72,34,154
199,73,20,4
199,74,0,0
199,75,0,0
199,76,7,133
199,77,0,0
199,78,19,102
199,79,79,51
199,80,9,148
199,81,0,0
199,82,0,0
199,83,0,0
199,84,0,0
199,85,0,0
199,86,0,0
199,87,3,91
200,1,0,0
200,2,0,0
200,3,0,0
200,4,0,0
200,5,0,0
200,6,0,0
200,7,0,0
200,8,0,0
200,9,0,0
200,10,0,0
200,11,0,0
200,12,0,0
200,13,0,0
200,14,0,0
200,15,0,0
200,16,0,0
200,17,0,0
200,18,0,0
200,19,0,0
200,20,0,0
200,21,0,0
200,22,0,0
200,23,0,0
200,24,0,0
200,25,0,0
200,26,0,0
200,27,0,0
200,28,0,0
200,29,0,0
200,30,0,0
200,31,0,0
200,32,0,0
200,33,14,99
200,34,0,0
200,35,0,0
200,36,0,0
200,37,0,0
200,38,0,0
200,39,0,0
200,40,0,0
200,41,0,0
200,42,0,0
200,43,0,0
200,44,0,0
200,45,0,0
200,46,0,0
200,47,0,0
200,48,0,0
200,49,0,0
200,50,0,0
200,51,7,116
200,52,0,0
200,53,0,0
200,54,28,20
200,55,0,0
200,56,0,0
200,57,26,129
200,58,33,77
200,59,14,5
200,60,0,0
200,61,0,0
200,62,0,0
200,63,28,151
200,64,92,52
200,65,37,20
200,66,7,150
200,67,26,25
200,68,0,0
200,69,166,25
200,70,0,0
200,71,0,142
200,72,32,125
200,73,0,0
200,74,0,0
200,75,2,98
200,76,0,0
200,77,0,0
201,1,0,0
201,2,0,0
201,3,0,0
201,4,0,0
201,5,0,0
201,6,0,0
201,7,0,0
201,8,0,0
201,9,0,0
201,10,0,0
201,11,0,0
201,12,0,0
201,13,0,0
201,14,0,0
201,15,0,0
201,16,0,0
201,17,0,0
201,18,0,0
201,19,30,135
201,20,0,0
201,21,0,0
201,22,0,0
201,23,0,0
201,24,0,0
201,25,0,0
201,26,0,0
201,27,0,0
201,28,0,0
201,29,0,0
201,30,0,0
201,31,0,0
201,32,0,0
201,33,0,0
201,34,0,0
201,35,0,0
201,36,56,86
201,37,11,94
201,38,0,0
201,39,0,0
201,40,5,94
201,41,0,0
201,42,27,18
201,43,0,0
201,44,0,0
201,45,30,93
201,46,16,126
201,47,0,0
201,48,0,0
201,49,27,130
201,50,33,40
201,51,144,5
201,52,1,104
201,53,0,0
201,54,28,112
201,55,0,0
201,56,0,0
201,57,0,0
201,58,2,158
201,59,0,0
201,60,0,0
201,61,0,0
201,62,0,35
201,63,0,0
202,1,0,0
202,2,0,0
202,3,0,0
202,4,0,0
202,5,0,0
202,6,0,0
202,7,0,0
202,8,0,0
202,9,0,0
202,10,0,0
202,11,0,0
202,12,0,0
202,13,0,0
202,14,0,0
202,15,20,25
202,16,0,0
202,17,0,0
202,18,0,0
202,19,34,129
202,20,0,0
202,21,0,0
202,22,0,0
202,23,0,0
202,24,0,0
202,25,0,0
202,26,0,0
202,27,0,0
202,28,0,0
202,29,0,0
202,30,0,0
202,31,0,0
202,32,0,0
202,33,0,0
202,34,0,0
202,35,0,0
202,36,0,0
202,37,35,65
202,38,19,34
202,39,0,0
202,40,0,0
202,41,8,123
202,42,0,0
202,43,0,0
202,44,0,0
202,45,29,161
202,46,0,0
202,47,0,0
202,48,4,104
202,49,0,41
202,50,1,57
202,51,0,0
202,52,21,94
202,53,0,0
202,54,3,156
202,55,0,0
202,56,94,4
202,57,0,0
202,58,4,70
202,59,0,0
202,60,0,4
202,61,0,0
203,1,0,0
203,2,0,0
203,3,0,0
203,4,0,0
203,5,0,0
203,6,0,0
203,7,0,0
203,8,0,0
203,9,8,25
203,10,0,0
203,11,0,0
203,12,0,0
203,13,0,0
203,14,0,0
203,15,0,0
203,16,0,0
203,17,0,0
203,18,0,0
203,19,0,0
203,20,0,0
203,21,0,0
203,22,0,0
203,23,0,0
203,24,0,0
203,25,0,0
203,26,0,0
203,27,0,0
203,28,0,0
203,29,0,0
203,30,0,0
203,31,0,0
203,32,0,0
203,33,0,0
203,34,0,0
203,35,0,0
203,36,0,0
203,37,0,0
203,38,0,0
203,39,0,0
203,40,0,0
203,41,0,0
203,42,0,0
203,43,0,0
203,44,0,0
203,45,0,0
203,46,34,71
203,47,19,66
203,48,0,0
203,49,22,84
203,50,0,0
203,51,0,0
203,52,5,101
203,53,0,0
203,54,45,16
203,55,0,0
203,56,0,0
203,57,0,0
203,58,42,166
203,59,0,0
203,60,0,0
203,61,0,0
203,62,8,113
203,63,1,78
203,64,0,0
203,65,0,0
203,66,2,164
203,67,0,0
203,68,0,0
203,69,0,0
203,70,0,0
203,71,0,0
203,72,0,0
204,1,0,0
204,2,0,0
204,3,0,0
204,4,0,0
204,5,0,0
204,6,0,0
204,7,0,0
204,8,0,0
204,9,0,0
204,10,0,0
204,11,0,0
204,12,0,0
204,13,0,0
204,14,0,0
204,15,0,0
204,16,0,0
204,17,0,0
204,18,0,0
204,19,0,0
204,20,0,0
204,21,0,0
204,22,0,0
204,23,0,0
204,24,0,0
204,25,48,74
204,26,0,0
204,27,0,0
204,28,0,0
204,29,0,0
204,30,0,0
204,31,0,0
204,32,0,0
204,33,0,0
204,34,27,110
204,35,0,0
204,36,0,0
204,37,0,0
204,38,0,0
204,39,0,0
204,40,0,0
204,41,0,0
204,42,0,0
204,43,0,0
204,44,23,50
204,45,13,68
204,46,28,36
204,47,0,0
204,48,13,140
204,49,0,0
204,50,0,0
204,51,30,75
204,52,0,24
204,53,1,90
204,54,13,10
204,55,25,19
204,56,0,0
204,57,0,0
204,58,0,0
204,59,0,0
204,60,2,108
204,61,0,0
204,62,1,150
204,63,0,0
204,64,0,0
204,65,0,0
204,66,0,0
205,1,0,0
205,2,0,0
205,3,0,0
205,4,0,0
205,5,0,0
205,6,0,0
205,7,0,0
205,8,0,0
205,9,0,0
205,10,0,0
205,11,0,0
205,12,0,0
205,13,0,0
205,14,0,0
205,15,0,0
205,16,0,0
205,17,0,0
205,18,0,0
205,19,0,0
205,20,0,0
205,21,0,0
205,22,0,0
205,23,0,0
205,24,0,0
205,25,0,0
205,26,0,0
205,27,0,0
205,28,0,0
205,29,0,0
205,30,0,0
205,31,0,0
205,32,0,0
205,33,0,0
205,34,0,0
205,35,0,0
205,36,0,0
205,37,26,111
205,38,0,0
205,39,0,0
205,40,0,0
205,41,0,0
205,42,0,0
205,43,0,0
205,44,0,0
205,45,0,0
205,46,24,54
205,47,17,71
205,48,0,0
205,49,28,29
205,50,0,0
205,51,19,146
205,52,0,0
205,53,0,0
205,54,0,0
205,55,0,0
205,56,17,154
205,57,0,0
205,58,0,0
205,59,2,111
205,60,9,106
205,61,0,0
205,62,0,0
205,63,0,0
205,64,0,0
205,65,0,0
205,66,0,0
205,67,2,148
205,68,39,39
205,69,0,0
205,70,0,0
205,71,0,0
205,72,0,0
205,73,0,0
205,74,0,0
205,75,0,0
206,1,0,0
206,2,0,0
206,3,0,0
206,4,0,0
206,5,0,0
206,6,0,0
206,7,0,0
206,8,0,0
206,9,0,0
206,10,0,0
206,11,0,0
206,12,0,0
206,13,0,0
206,14,0,0
206,15,0,0
206,16,0,0
206,17,0,0
206,18,0,0
206,19,0,0
206,20,0,0
206,21,0,0
206,22,0,0
206,23,15,120
206,24,0,0
206,25,0,0
206,26,0,0
206,27,0,0
206,28,0,0
206,29,0,0
206,30,0,0
206,31,0,0
206,32,0,0
206,33,0,0
206,34,0,0
206,35,0,0
206,36,0,0
206,37,19,61
206,38,23,27
206,39,0,0
206,40,0,0
206,41,0,0
206,42,31,120
206,43,0,0
206,44,0,0
206,45,0,0
206,46,0,0
206,47,16,154
206,48,0,0
206,49,0,0
206,50,0,0
206,51,28,97
206,52,21,27
206,53,26,43
206,54,0,148
206,55,0,0
206,56,7,6
206,57,0,0
206,58,37,101
206,59,0,0
206,60,0,0
206,61,14,96
206,62,0,0
206,63,0,0
206,64,3,131
206,65,45,42
206,66,0,0
206,67,0,0
206,68,0,0
206,69,0,0
207,1,0,0
207,2,0,0
207,3,0,0
207,4,0,0
207,5,0,0
207,6,0,0
207,7,0,0
207,8,0,0
207,9,0,0
207,10,0,0
207,11,0,0
207,12,0,0
207,13,0,0
207,14,0,0
207,15,0,0
207,16,0,0
207,17,0,0
207,18,0,0
207,19,0,0
207,20,0,0
207,21,0,0
207,22,0,0
207,23,0,0
207,24,0,0
207,25,0,0
207,26,0,0
207,27,0,0
207,28,0,0
207,29,0,0
207,30,0,0
207,31,0,0
207,32,0,0
207,33,0,0
207,34,0,0
207,35,0,0
207,36,36,113
207,37,0,0
207,38,25,46
207,39,28,21
207,40,0,0
207,41,0,0
207,42,11,162
207,43,0,0
207,44,0,0
207,45,0,0
207,46,0,0
207,47,0,0
207,48,0,0
207,49,0,0
207,50,0,0
207,51,0,0
207,52,36,97
207,53,8,6
207,54,0,0
207,55,0,0
207,56,0,0
207,57,0,0
207,58,0,0
207,59,0,0
207,60,2,135
207,61,9,37
207,62,4,125
207,63,27,18
207,64,0,0
207,65,0,0
207,66,141,2
207,67,39,8
207,68,0,0
207,69,0,0
207,70,0,0
207,71,0,0
207,72,0,0
207,73,0,104
208,1,0,0
208,2,0,0
208,3,0,0
208,4,0,0
208,5,0,0
208,6,0,0
208,7,0,0
208,8,0,0
208,9,0,0
208,10,0,0
208,11,0,0
208,12,0,0
208,13,0,0
208,14,0,0
208,15,0,0
208,16,0,0
208,17,0,0
208,18,0,0
208,19,0,0
208,20,0,0
208,21,0,0
208,22,9,76
208,23,33,95
208,24,0,0
208,25,10,91
208,26,0,0
208,27,0,0
208,28,0,0
208,29,0,0
208,30,0,0
208,31,0,0
208,32,0,0
208,33,0,0
208,34,0,0
208,35,0,0
208,36,0,0
208,37,0,0
208,38,0,0
208,39,0,0
208,40,0,0
208,41,0,0
208,42,0,0
208,43,32,185
208,44,0,0
208,45,18,15
208,46,0,0
208,47,26,18
208,48,10,168
208,49,0,0
208,50,0,0
208,51,0,0
208,52,0,0
208,53,0,0
208,54,0,0
208,55,17,8
208,56,0,0
208,57,0,0
208,58,0,0
208,59,0,0
208,60,41,156
208,61,0,0
208,62,8,6
208,63,0,0
208,64,0,0
208,65,1,100
208,66,0,0
208,67,1,140
208,68,0,146
208,69,0,0
208,70,1,28
208,71,1,128
208,72,0,0
208,73,0,2
208,74,0,0
208,75,0,0
208,76,0,0
209,1,0,0
209,2,0,0
209,3,0,0
209,4,0,0
209,5,0,0
209,6,0,0
209,7,0,0
209,8,0,0
209,9,0,0
209,10,0,0
209,11,0,0
209,12,0,0
209,13,0,0
209,14,0,0
209,15,0,0
209,16,0,0
209,17,0,0
209,18,0,0
209,19,0,0
209,20,0,0
209,21,13,79
209,22,33,91
209,23,0,0
209,24,39,76
209,25,10,98
209,26,0,0
209,27,0,0
209,28,0,0
209,29,0,0
209,30,0,0
209,31,0,0
209,32,0,0
209,33,0,0
209,34,0,0
209,35,0,0
209,36,0,0
209,37,0,0
209,38,0,0
209,39,0,0
209,40,0,0
209,41,0,0
209,42,0,0
209,43,0,0
209,44,0,0
209,45,15,23
209,46,0,0
209,47,16,23
209,48,0,0
209,49,0,0
209,50,0,0
209,51,0,0
209,52,0,0
209,53,0,0
209,54,42,120
209,55,8,123
209,56,0,0
209,57,0,0
209,58,22,9
209,59,0,0
209,60,0,0
209,61,0,0
209,62,0,0
209,63,0,0
209,64,0,0
209,65,0,0
209,66,0,0
209,67,11,6
209,68,0,0
209,69,17,109
209,70,0,0
209,71,0,0
209,72,1,73
209,73,2,37
209,74,4,18
209,75,16,69
209,76,0,0
209,77,0,0
209,78,0,139
209,79,0,103
209,80,0,0
209,81,0,7
209,82,0,28
209,83,1,5
209,84,1,6
209,85,0,35
209,86,0,67
209,87,0,0
209,88,1,0
209,89,0,0
209,90,0,0
209,91,0,0
209,92,0,0
209,93,0,0
209,94,0,0
209,95,0,0
210,1,0,0
210,2,0,0
210,3,0,0
210,4,0,0
210,5,0,0
210,6,0,0
210,7,0,0
210,8,0,0
210,9,0,0
210,10,0,0
210,11,0,0
210,12,0,0
210,13,0,0
210,14,0,0
210,15,0,0
210,16,0,0
210,17,0,0
210,18,0,0
210,19,0,0
210,20,0,0
210,21,0,0
210,22,0,0
210,23,0,0
210,24,0,0
210,25,0,0
210,26,0,0
210,27,0,0
210,28,0,0
210,29,0,0
210,30,0,0
210,31,0,0
210,32,0,0
210,33,0,0
210,34,0,0
210,35,0,0
210,36,0,0
210,37,0,0
210,38,33,91
210,39,7,52
210,40,2,84
210,41,6,69
210,42,0,0
210,43,0,0
210,44,0,0
210,45,0,0
210,46,0,0
210,47,0,0
210,48,0,0
210,49,0,0
210,50,0,0
210,51,0,0
210,52,0,0
210,53,0,0
210,54,15,141
210,55,0,0
210,56,17,22
210,57,0,0
210,58,0,0
210,59,0,0
210,60,0,0
210,61,0,0
210,62,0,0
210,63,0,0
210,64,15,37
210,65,0,0
210,66,0,0
210,67,36,167
210,68,0,0
210,69,0,0
210,70,0,0
210,71,9,7
210,72,0,0
210,73,0,0
210,74,2,169
210,75,0,0
210,76,2,92
210,77,0,0
210,78,278,15
210,79,0,52
210,80,0,32
210,81,1,6
210,82,0,73
210,83,0,0
210,84,0,16
210,85,0,28
210,86,1,0
210,87,0,0
210,88,0,0
210,89,0,0
210,90,0,0
210,91,0,0
210,92,0,0
210,93,0,0
210,94,0,0
210,95,0,0
211,1,0,0
211,2,0,0
211,3,0,0
211,4,0,0
211,5,0,0
211,6,0,0
211,7,0,0
211,8,0,0
211,9,0,0
211,10,0,0
211,11,0,0
211,12,0,0
211,13,0,0
211,14,0,0
211,15,0,0
211,16,0,0
211,17,0,0
211,18,0,0
211,19,0,0
211,20,0,0
211,21,0,0
211,22,0,0
211,23,0,0
211,24,0,0
211,25,0,0
211,26,0,0
211,27,0,0
211,28,0,0
211,29,0,0
211,30,0,0
211,31,0,0
211,32,0,0
211,33,0,0
211,34,0,0
211,35,0,0
211,36,0,0
211,37,0,0
211,38,0,0
211,39,0,0
211,40,0,0
211,41,0,0
211,42,0,0
211,43,0,0
211,44,0,0
211,45,0,0
211,46,0,0
211,47,6,107
211,48,0,0
211,49,0,0
211,50,0,0
211,51,0,0
211,52,0,0
211,53,0,0
211,54,0,0
211,55,0,0
211,56,433,63
211,57,28,113
211,58,15,89
211,59,0,0
211,60,0,0
211,61,31,148
211,62,13,9
211,63,0,0
211,64,0,0
211,65,0,0
211,66,32,7
211,67,0,0
211,68,9,4
211,69,0,0
211,70,0,0
211,71,0,0
211,72,0,104
211,73,0,3
211,74,0,14
211,75,0,76
211,76,2,21
211,77,10,130
211,78,0,0
211,79,0,0
211,80,0,0
212,1,0,0
212,2,0,0
212,3,0,0
212,4,0,0
212,5,0,0
212,6,0,0
212,7,0,0
212,8,0,0
212,9,0,0
212,10,0,0
212,11,0,0
212,12,0,0
212,13,0,0
212,14,0,0
212,15,0,0
212,16,0,0
212,17,0,0
212,18,0,0
212,19,0,0
212,20,0,0
212,21,0,0
212,22,0,0
212,23,0,0
212,24,0,0
212,25,0,0
212,26,0,0
212,27,0,0
212,28,0,0
212,29,0,0
212,30,0,0
212,31,0,0
212,32,0,0
212,33,0,0
212,34,0,0
212,35,24,106
212,36,0,0
212,37,0,0
212,38,8,66
212,39,0,0
212,40,0,0
212,41,0,0
212,42,186,97
212,43,9,40
212,44,6,74
212,45,0,0
212,46,0,0
212,47,0,0
212,48,0,0
212,49,0,0
212,50,0,0
212,51,0,0
212,52,0,0
212,53,0,0
212,54,5,13
212,55,0,0
212,56,2,11
212,57,23,37
212,58,0,0
212,59,0,0
212,60,0,0
212,61,430,55
212,62,0,0
212,63,0,0
212,64,0,0
212,65,9,14
212,66,0,0
212,67,0,0
212,68,0,0
212,69,0,0
212,70,0,0
212,71,0,0
212,72,18,140
212,73,209,9
212,74,165,6
212,75,0,0
212,76,25,85
212,77,0,22
212,78,0,49
212,79,0,35
212,80,1,0
212,81,0,14
212,82,15,120
212,83,1,19
212,84,0,0
213,1,0,0
213,2,0,0
213,3,0,0
213,4,0,0
213,5,0,0
213,6,0,0
213,7,0,0
213,8,0,0
213,9,0,0
213,10,0,0
213,11,0,0
213,12,0,0
213,13,0,0
213,14,0,0
213,15,0,0
213,16,0,0
213,17,0,0
213,18,0,0
213,19,0,0
213,20,0,0
213,21,0,0
213,22,0,0
213,23,0,0
213,24,0,0
213,25,0,0
213,26,26,94
213,27,0,0
213,28,0,0
213,29,0,0
213,30,0,0
213,31,0,0
213,32,0,0
213,33,13,63
213,34,3,34
213,35,3,31
213,36,7,59
213,37,0,0
213,38,0,0
213,39,0,0
213,40,0,0
213,41,0,0
213,42,0,0
213,43,0,0
213,44,0,0
213,45,0,0
213,46,0,0
213,47,0,0
213,48,0,0
213,49,0,0
213,50,0,0
213,51,0,0
213,52,15,32
213,53,3,11
213,54,1,96
213,55,22,73
213,56,18,10
213,57,0,0
213,58,409,56
213,59,0,0
213,60,23,136
213,61,11,11
213,62,0,0
213,63,0,0
213,64,0,0
213,65,0,0
213,66,0,0
213,67,0,0
213,68,0,0
213,69,0,0
213,70,0,0
213,71,23,86
213,72,0,0
213,73,0,21
213,74,0,80
213,75,0,0
213,76,2,19
213,77,0,0
213,78,0,0
214,1,0,0
214,2,0,0
214,3,0,0
214,4,0,0
214,5,0,0
214,6,0,0
214,7,0,0
214,8,0,0
214,9,0,0
214,10,0,0
214,11,3,15
214,12,0,0
214,13,0,0
214,14,0,0
214,15,0,0
214,16,0,0
214,17,0,0
214,18,0,0
214,19,0,0
214,20,0,0
214,21,0,0
214,22,0,0
214,23,0,0
214,24,0,0
214,25,0,0
214,26,26,56
214,27,0,0
214,28,0,0
214,29,0,0
214,30,0,0
214,31,0,0
214,32,0,0
214,33,0,0
214,34,6,70
214,35,0,33
214,36,27,117
214,37,9,60
214,38,0,0
214,39,0,0
214,40,14,28
214,41,25,151
214,42,0,0
214,43,0,0
214,44,0,0
214,45,12,113
214,46,0,0
214,47,0,0
214,48,0,0
214,49,0,0
214,50,0,0
214,51,0,0
214,52,0,0
214,53,0,0
214,54,0,0
214,55,241,17
214,56,1,29
214,57,2,15
214,58,0,0
215,1,0,0
215,2,0,0
215,3,0,0
215,4,0,0
215,5,0,0
215,6,0,0
215,7,0,0
215,8,0,0
215,9,0,0
215,10,0,0
215,11,0,0
215,12,0,0
215,13,0,0
215,14,0,0
215,15,9,27
215,16,0,0
215,17,0,21
215,18,0,0
215,19,0,0
215,20,0,0
215,21,0,0
215,22,0,0
215,23,0,0
215,24,0,0
215,25,36,54
215,26,0,0
215,27,0,0
215,28,0,0
215,29,0,0
215,30,0,0
215,31,0,0
215,32,0,0
215,33,0,0
215,34,5,52
215,35,0,0
215,36,0,0
215,37,7,77
215,38,26,134
215,39,7,70
215,40,23,94
215,41,0,0
215,42,0,0
215,43,0,0
215,44,0,0
215,45,0,0
215,46,30,24
215,47,0,0
215,48,0,0
215,49,0,0
215,50,0,0
215,51,0,0
215,52,0,0
215,53,0,0
215,54,0,0
215,55,0,0
215,56,0,0
215,57,0,0
215,58,0,0
215,59,1,19
215,60,0,0
215,61,4,18
216,1,0,0
216,2,0,0
216,3,0,0
216,4,0,0
216,5,0,0
216,6,0,0
216,7,0,0
216,8,0,0
216,9,0,0
216,10,0,0
216,11,0,0
216,12,0,0
216,13,0,0
216,14,0,0
216,15,0,0
216,16,0,0
216,17,0,0
216,18,0,0
216,19,0,0
216,20,0,0
216,21,0,0
216,22,0,0
216,23,0,0
216,24,0,0
216,25,0,0
216,26,0,0
216,27,0,0
216,28,0,0
216,29,0,0
216,30,0,0
216,31,0,0
216,32,0,0
216,33,0,0
216,34,0,0
216,35,0,0
216,36,0,0
216,37,0,0
216,38,2,71
216,39,0,0
216,40,8,82
216,41,5,71
216,42,0,0
216,43,0,0
216,44,0,0
216,45,0,0
216,46,23,84
216,47,0,0
216,48,0,0
216,49,0,0
216,50,21,125
216,51,0,0
216,52,0,0
216,53,0,0
216,54,0,0
216,55,226,61
216,56,0,0
216,57,21,105
216,58,4,86
216,59,0,0
216,60,18,13
216,61,0,0
216,62,0,0
216,63,0,0
216,64,0,0
216,65,0,0
216,66,0,0
216,67,0,0
216,68,0,0
216,69,0,0
216,70,0,0
216,71,0,0
216,72,0,0
216,73,1,83
216,74,0,0
216,75,0,0
216,76,7,32
216,77,12,66
216,78,0,0
216,79,312,10
216,80,0,24
216,81,0,0
216,82,0,0
216,83,2,65
216,84,0,0
217,1,0,0
217,2,0,0
217,3,0,0
217,4,0,0
217,5,0,0
217,6,0,0
217,7,0,0
217,8,0,0
217,9,0,0
217,10,0,0
217,11,0,0
217,12,0,0
217,13,0,0
217,14,0,0
217,15,0,0
217,16,0,0
217,17,0,0
217,18,0,0
217,19,0,0
217,20,0,0
217,21,0,0
217,22,0,0
217,23,0,0
217,24,0,0
217,25,0,0
217,26,0,0
217,27,16,73
217,28,0,0
217,29,0,0
217,30,0,0
217,31,0,0
217,32,0,0
217,33,0,0
217,34,0,0
217,35,0,0
217,36,0,0
217,37,0,0
217,38,0,0
217,39,8,77
217,40,0,0
217,41,7,94
217,42,0,0
217,43,0,0
217,44,0,0
217,45,0,0
217,46,0,0
217,47,0,0
217,48,0,0
217,49,32,103
217,50,0,0
217,51,12,67
217,52,0,0
217,53,0,0
217,54,0,0
217,55,0,0
217,56,0,0
217,57,212,57
217,58,16,119
217,59,0,0
217,60,0,0
217,61,0,0
217,62,13,120
217,63,14,77
217,64,0,0
217,65,0,0
217,66,0,0
217,67,0,0
217,68,0,162
217,69,0,0
217,70,13,81
217,71,247,20
217,72,0,12
217,73,15,110
217,74,0,21
217,75,0,0
217,76,0,55
217,77,0,0
217,78,0,0
218,1,0,0
218,2,0,0
218,3,0,0
218,4,0,0
218,5,0,0
218,6,0,0
218,7,0,0
218,8,0,0
218,9,0,0
218,10,0,0
218,11,0,0
218,12,0,0
218,13,0,0
218,14,0,0
218,15,0,0
218,16,0,0
218,17,0,0
218,18,0,0
218,19,0,0
218,20,0,0
218,21,0,0
218,22,2,44
218,23,0,0
218,24,0,0
218,25,0,0
218,26,0,0
218,27,0,0
218,28,0,0
218,29,0,0
218,30,0,0
218,31,0,0
218,32,0,0
218,33,0,0
218,34,0,0
218,35,0,0
218,36,0,0
218,37,0,0
218,38,0,0
218,39,8,94
218,40,0,0
218,41,0,0
218,42,0,0
218,43,0,0
218,44,0,0
218,45,0,0
218,46,0,0
218,47,34,115
218,48,0,0
218,49,0,0
218,50,49,74
218,51,0,0
218,52,0,0
218,53,0,0
218,54,193,55
218,55,0,0
218,56,0,0
218,57,0,0
218,58,0,0
218,59,11,136
218,60,0,0
218,61,17,95
218,62,0,0
218,63,0,0
218,64,0,0
218,65,0,142
218,66,1,1
218,67,16,70
218,68,0,0
218,69,248,7
218,70,5,34
218,71,0,17
218,72,0,16
218,73,0,0
218,74,0,0
218,75,0,50
218,76,0,0
218,77,0,0
218,78,0,25
218,79,0,0
219,1,0,0
219,2,0,0
219,3,0,0
219,4,0,0
219,5,0,0
219,6,0,0
219,7,0,0
219,8,0,0
219,9,0,0
219,10,0,0
219,11,0,0
219,12,0,0
219,13,0,0
219,14,0,0
219,15,0,0
219,16,0,0
219,17,0,0
219,18,0,0
219,19,0,0
219,20,0,0
219,21,0,0
219,22,0,0
219,23,0,0
219,24,0,0
219,25,0,0
219,26,0,0
219,27,0,0
219,28,0,0
219,29,0,0
219,30,0,0
219,31,0,0
219,32,0,0
219,33,0,0
219,34,0,0
219,35,0,0
219,36,0,0
219,37,0,0
219,38,0,0
219,39,0,0
219,40,0,0
219,41,0,0
219,42,0,0
219,43,0,0
219,44,0,0
219,45,0,0
219,46,0,0
219,47,0,0
219,48,0,0
219,49,0,0
219,50,0,0
219,51,0,0
219,52,0,0
219,53,11,36
219,54,4,32
219,55,1,22
219,56,7,27
219,57,0,0
219,58,0,0
219,59,0,0
219,60,0,0
219,61,0,0
219,62,0,0
219,63,0,0
219,64,10,27
219,65,0,0
219,66,0,0
219,67,0,0
219,68,0,0
219,69,0,0
219,70,0,0
219,71,0,0
219,72,10,116
219,73,0,0
219,74,0,0
219,75,20,128
219,76,0,0
219,77,20,79
219,78,0,0
219,79,0,0
219,80,0,3
219,81,0,4
219,82,0,0
219,83,0,0
219,84,0,0
219,85,0,20
219,86,0,0
219,87,0,24
219,88,0,0
220,1,0,0
220,2,0,0
220,3,0,0
220,4,0,0
220,5,0,0
220,6,0,0
220,7,0,0
220,8,0,0
220,9,0,0
220,10,0,0
220,11,0,0
220,12,0,0
220,13,0,0
220,14,0,0
220,15,0,0
220,16,0,0
220,17,0,0
220,18,0,0
220,19,0,0
220,20,0,0
220,21,0,0
220,22,0,0
220,23,0,0
220,24,0,0
220,25,0,0
220,26,0,0
220,27,0,0
220,28,0,0
220,29,0,0
220,30,0,0
220,31,0,0
220,32,0,0
220,33,0,0
220,34,0,0
220,35,0,0
220,36,0,0
220,37,0,0
220,38,0,0
220,39,0,0
220,40,0,0
220,41,0,0
220,42,0,0
220,43,0,0
220,44,0,0
220,45,0,0
220,46,0,0
220,47,0,0
220,48,0,0
220,49,0,0
220,50,0,0
220,51,0,0
220,52,20,84
220,53,0,0
220,54,0,0
220,55,0,0
220,56,12,27
220,57,0,0
220,58,0,0
220,59,0,0
220,60,0,0
220,61,0,0
220,62,0,0
220,63,0,0
220,64,0,0
220,65,0,0
220,66,11,14
220,67,0,0
220,68,0,0
220,69,0,0
220,70,0,0
220,71,0,0
220,72,0,0
220,73,17,179
220,74,0,0
220,75,0,0
220,76,1,107
220,77,10,71
220,78,0,0
220,79,0,57
220,80,1,28
220,81,0,0
220,82,0,21
220,83,0,0
220,84,0,0
220,85,0,0
220,86,0,15
220,87,0,0
220,88,0,0
220,89,0,0
220,90,0,0
220,91,0,0
221,1,0,0
221,2,0,0
221,3,0,0
221,4,0,0
221,5,0,0
221,6,0,0
221,7,0,0
221,8,0,0
221,9,0,0
221,10,0,0
221,11,0,0
221,12,0,0
221,13,0,0
221,14,0,0
221,15,0,0
221,16,0,0
221,17,0,0
221,18,0,0
221,19,0,0
221,20,0,0
221,21,0,0
221,22,0,0
221,23,0,0
221,24,0,0
221,25,0,0
221,26,0,0
221,27,0,0
221,28,0,0
221,29,0,0
221,30,0,0
221,31,0,0
221,32,0,0
221,33,0,0
221,34,0,0
221,35,0,0
221,36,0,0
221,37,0,0
221,38,0,0
221,39,0,0
221,40,0,0
221,41,0,0
221,42,0,0
221,43,0,0
221,44,5,36
221,45,0,0
221,46,0,0
221,47,0,0
221,48,0,0
221,49,0,0
221,50,0,0
221,51,0,0
221,52,6,61
221,53,0,0
221,54,0,0
221,55,0,0
221,56,0,0
221,57,0,0
221,58,0,0
221,59,0,0
221,60,0,0
221,61,0,0
221,62,0,0
221,63,0,0
221,64,0,0
221,65,0,0
221,66,0,12
221,67,0,0
221,68,0,0
221,69,26,143
221,70,0,0
221,71,0,0
221,72,0,0
221,73,0,0
221,74,0,0
221,75,0,0
221,76,0,0
221,77,3,12
221,78,131,84
221,79,20,121
221,80,0,0
221,81,0,0
221,82,33,98
221,83,0,0
221,84,0,0
221,85,0,0
221,86,0,0
221,87,2,101
221,88,10,10
221,89,0,0
221,90,0,0
221,91,0,0
221,92,14,167
221,93,0,0
221,94,32,143
221,95,0,0
221,96,0,0
221,97,227,12
221,98,0,43
221,99,3,2
221,100,2,27
221,101,0,0
221,102,0,21
221,103,0,0
221,104,0,0
221,105,0,0
221,106,0,0
221,107,0,0
221,108,0,0
222,1,0,0
222,2,0,0
222,3,0,0
222,4,0,0
222,5,0,0
222,6,0,0
222,7,0,0
222,8,0,0
222,9,0,0
222,10,0,0
222,11,0,0
222,12,0,0
222,13,0,0
222,14,0,0
222,15,0,0
222,16,0,0
222,17,0,0
222,18,0,0
222,19,0,0
222,20,0,0
222,21,0,0
222,22,0,0
222,23,0,0
222,24,0,0
222,25,0,0
222,26,0,0
222,27,0,0
222,28,0,0
222,29,0,0
222,30,0,0
222,31,0,0
222,32,0,0
222,33,0,0
222,34,0,0
222,35,0,0
222,36,4,38
222,37,0,0
222,38,0,0
222,39,0,0
222,40,0,0
222,41,0,0
222,42,0,0
222,43,0,0
222,44,0,0
222,45,0,0
222,46,0,0
222,47,8,59
222,48,0,0
222,49,0,0
222,50,0,0
222,51,0,0
222,52,0,0
222,53,0,0
222,54,0,0
222,55,0,0
222,56,0,0
222,57,0,0
222,58,0,0
222,59,0,0
222,60,1,26
222,61,20,115
222,62,21,99
222,63,0,0
222,64,0,0
222,65,9,135
222,66,0,0
222,67,0,0
222,68,0,0
222,69,5,18
222,70,0,0
222,71,21,140
222,72,0,0
222,73,0,0
222,74,0,0
222,75,0,0
222,76,0,0
222,77,0,0
222,78,0,0
222,79,14,169
222,80,0,0
222,81,0,0
222,82,0,0
222,83,0,40
222,84,1,0
222,85,0,0
222,86,0,3
222,87,0,0
222,88,0,0
222,89,0,99
222,90,0,0
222,91,0,0
222,92,0,0
222,93,0,0
222,94,0,81
223,1,0,0
223,2,0,0
223,3,0,0
223,4,0,0
223,5,0,0
223,6,0,0
223,7,0,0
223,8,0,0
223,9,0,0
223,10,0,0
223,11,0,0
223,12,0,0
223,13,0,0
223,14,0,0
223,15,0,0
223,16,0,0
223,17,0,0
223,18,0,0
223,19,0,0
223,20,0,0
223,21,0,0
223,22,0,0
223,23,0,0
223,24,0,0
223,25,0,0
223,26,0,0
223,27,0,0
223,28,0,0
223,29,0,0
223,30,0,0
223,31,0,0
223,32,0,0
223,33,3,103
223,34,0,0
223,35,0,0
223,36,0,0
223,37,0,0
223,38,0,0
223,39,0,0
223,40,11,93
223,41,0,0
223,42,0,0
223,43,0,0
223,44,0,0
223,45,0,0
223,46,0,0
223,47,0,0
223,48,0,0
223,49,0,0
223,50,0,0
223,51,7,107
223,52,27,156
223,53,23,38
223,54,0,0
223,55,0,0
223,56,0,0
223,57,0,0
223,58,4,18
223,59,0,0
223,60,0,0
223,61,24,123
223,62,0,0
223,63,0,0
223,64,0,0
223,65,0,0
223,66,0,0
223,67,0,0
223,68,12,152
223,69,0,0
223,70,0,0
223,71,0,0
223,72,0,0
223,73,0,0
223,74,0,0
223,75,7,113
223,76,0,92
223,77,0,0
223,78,0,0
223,79,0,0
224,1,0,0
224,2,4,12
224,3,0,0
224,4,0,0
224,5,0,0
224,6,0,0
224,7,0,0
224,8,0,0
224,9,0,0
224,10,0,0
224,11,0,0
224,12,0,0
224,13,0,0
224,14,0,0
224,15,0,0
224,16,0,0
224,17,0,0
224,18,0,0
224,19,0,0
224,20,0,0
224,21,0,0
224,22,0,0
224,23,0,0
224,24,0,0
224,25,0,0
224,26,0,0
224,27,0,0
224,28,0,0
224,29,0,0
224,30,0,0
224,31,0,0
224,32,0,0
224,33,0,0
224,34,0,0
224,35,0,0
224,36,0,0
224,37,0,0
224,38,0,0
224,39,0,0
224,40,0,0
224,41,2,99
224,42,0,0
224,43,0,0
224,44,0,0
224,45,0,0
224,46,9,105
224,47,0,0
224,48,0,0
224,49,0,0
224,50,0,0
224,51,0,0
224,52,0,0
224,53,0,0
224,54,0,0
224,55,0,0
224,56,0,0
224,57,33,118
224,58,0,0
224,59,12,112
224,60,0,0
224,61,0,0
224,62,0,0
224,63,0,0
224,64,8,40
224,65,0,0
224,66,4,14
224,67,10,40
224,68,21,20
224,69,0,0
224,70,0,0
224,71,0,0
224,72,0,0
224,73,19,145
224,74,0,0
224,75,0,0
224,76,0,0
224,77,0,0
224,78,0,0
224,79,0,0
224,80,24,159
224,81,0,0
224,82,7,9
224,83,0,0
224,84,0,0
224,85,2,13
224,86,0,0
224,87,0,0
224,88,0,0
224,89,2,38
224,90,0,0
224,91,0,0
224,92,0,0
225,1,0,0
225,2,0,0
225,3,0,0
225,4,0,0
225,5,0,0
225,6,0,0
225,7,0,0
225,8,0,0
225,9,0,0
225,10,0,0
225,11,0,0
225,12,0,0
225,13,0,0
225,14,0,0
225,15,0,0
225,16,0,0
225,17,0,0
225,18,0,0
225,19,0,0
225,20,0,0
225,21,0,0
225,22,0,0
225,23,0,0
225,24,0,0
225,25,0,0
225,26,0,0
225,27,0,0
225,28,0,0
225,29,0,0
225,30,0,0
225,31,0,0
225,32,0,0
225,33,0,0
225,34,0,0
225,35,0,0
225,36,0,0
225,37,0,0
225,38,0,0
225,39,0,0
225,40,0,0
225,41,0,0
225,42,0,0
225,43,0,0
225,44,0,0
225,45,0,0
225,46,0,0
225,47,0,0
225,48,0,0
225,49,0,20
225,50,1,89
225,51,0,0
225,52,3,121
225,53,29,128
225,54,13,129
225,55,0,0
225,56,0,0
225,57,0,0
225,58,0,0
225,59,11,28
225,60,0,0
225,61,16,138
225,62,0,0
225,63,0,0
225,64,0,0
225,65,0,111
225,66,0,0
225,67,0,0
225,68,0,0
225,69,77,68
225,70,0,0
225,71,10,60
225,72,16,55
225,73,0,0
225,74,0,0
225,75,2,65
225,76,0,0
225,77,0,0
225,78,0,0
225,79,156,40
225,80,0,0
225,81,1,1
225,82,0,7
225,83,1,24
225,84,0,0
226,1,0,0
226,2,0,0
226,3,0,0
226,4,0,0
226,5,0,0
226,6,0,0
226,7,0,0
226,8,0,0
226,9,0,0
226,10,0,0
226,11,0,0
226,12,0,0
226,13,0,0
226,14,0,0
226,15,0,0
226,16,0,0
226,17,0,0
226,18,0,0
226,19,0,0
226,20,0,0
226,21,0,0
226,22,0,0
226,23,0,0
226,24,0,0
226,25,0,0
226,26,0,0
226,27,0,10
226,28,0,0
226,29,0,0
226,30,0,0
226,31,0,0
226,32,0,0
226,33,0,0
226,34,0,0
226,35,0,0
226,36,0,0
226,37,0,0
226,38,0,0
226,39,0,0
226,40,0,0
226,41,0,0
226,42,0,0
226,43,0,0
226,44,0,0
226,45,0,0
226,46,0,0
226,47,0,0
226,48,0,0
226,49,0,0
226,50,0,0
226,51,0,0
226,52,0,0
226,53,0,0
226,54,0,0
226,55,0,0
226,56,0,16
226,57,6,83
226,58,2,71
226,59,55,44
226,60,4,121
226,61,0,0
226,62,25,98
226,63,0,0
226,64,0,0
226,65,10,40
226,66,0,0
226,67,10,106
226,68,0,0
226,69,4,107
226,70,0,0
226,71,0,0
226,72,0,0
226,73,0,0
226,74,9,32
226,75,32,104
226,76,0,0
226,77,10,109
226,78,0,0
226,79,4,136
226,80,0,0
226,81,0,0
226,82,0,0
226,83,0,0
226,84,0,0
226,85,0,0
226,86,0,0
226,87,0,35
226,88,2,6
226,89,0,0
226,90,0,0
227,1,0,0
227,2,0,0
227,3,0,0
227,4,0,0
227,5,0,0
227,6,0,0
227,7,0,0
227,8,0,0
227,9,0,0
227,10,0,0
227,11,0,0
227,12,0,0
227,13,0,0
227,14,0,0
227,15,0,0
227,16,0,0
227,17,0,0
227,18,0,0
227,19,0,0
227,20,0,0
227,21,0,14
227,22,0,0
227,23,0,0
227,24,0,0
227,25,0,0
227,26,0,0
227,27,0,0
227,28,0,0
227,29,0,0
227,30,0,0
227,31,0,0
227,32,0,0
227,33,0,0
227,34,0,0
227,35,0,0
227,36,0,0
227,37,0,0
227,38,0,0
227,39,0,0
227,40,0,0
227,41,0,0
227,42,0,0
227,43,0,0
227,44,0,0
227,45,0,0
227,46,0,0
227,47,0,0
227,48,0,0
227,49,0,0
227,50,0,0
227,51,0,0
227,52,0,0
227,53,0,0
227,54,0,0
227,55,1,60
227,56,6,109
227,57,10,107
227,58,0,0
227,59,0,0
227,60,4,118
227,61,0,0
227,62,0,0
227,63,0,0
227,64,0,0
227,65,30,86
227,66,0,0
227,67,7,75
227,68,11,68
227,69,0,0
227,70,0,0
227,71,0,0
227,72,0,0
227,73,13,117
227,74,5,115
227,75,0,0
227,76,0,0
227,77,0,0
227,78,0,0
227,79,0,0
227,80,0,0
227,81,0,0
227,82,0,26
227,83,0,7
227,84,0,0
227,85,7,51
227,86,324,4
227,87,0,0
227,88,0,0
228,1,0,0
228,2,0,0
228,3,0,0
228,4,0,0
228,5,0,0
228,6,0,0
228,7,0,0
228,8,0,0
228,9,0,0
228,10,0,0
228,11,0,0
228,12,0,0
228,13,0,0
228,14,0,0
228,15,0,0
228,16,0,0
228,17,0,0
228,18,0,0
228,19,0,0
228,20,0,0
228,21,0,0
228,22,0,0
228,23,0,0
228,24,0,14
228,25,0,0
228,26,0,0
228,27,0,0
228,28,0,0
228,29,0,0
228,30,0,0
228,31,0,0
228,32,0,0
228,33,0,0
228,34,0,0
228,35,0,0
228,36,0,0
228,37,0,0
228,38,0,0
228,39,0,0
228,40,0,0
228,41,0,0
228,42,0,0
228,43,0,0
228,44,0,0
228,45,0,0
228,46,0,0
228,47,0,0
228,48,0,0
228,49,0,0
228,50,0,0
228,51,0,0
228,52,0,0
228,53,0,0
228,54,0,0
228,55,0,0
228,56,0,0
228,57,47,51
228,58,0,0
228,59,0,0
228,60,38,158
228,61,0,0
228,62,0,0
228,63,0,0
228,64,44,141
228,65,0,0
228,66,0,0
228,67,0,0
228,68,0,0
228,69,0,0
228,70,0,0
228,71,0,0
228,72,0,0
228,73,13,107
228,74,2,96
228,75,0,0
228,76,0,0
228,77,0,0
228,78,0,0
228,79,0,0
228,80,111,35
228,81,0,0
228,82,0,23
228,83,0,18
228,84,0,0
228,85,0,0
228,86,6,44
228,87,0,0
228,88,0,0
228,89,1,0
228,90,0,0
228,91,382,6
228,92,302,4
228,93,0,0
228,94,3,11
228,95,0,0
228,96,3,105
228,97,0,0
228,98,0,0
228,99,0,0
228,100,0,0
228,101,0,0
229,1,0,0
229,2,0,0
229,3,0,0
229,4,0,0
229,5,0,0
229,6,0,0
229,7,0,0
229,8,0,0
229,9,0,0
229,10,0,0
229,11,0,0
229,12,0,0
229,13,0,0
229,14,0,0
229,15,0,0
229,16,0,0
229,17,0,0
229,18,0,0
229,19,0,0
229,20,0,0
229,21,0,0
229,22,0,12
229,23,0,0
229,24,0,0
229,25,0,0
229,26,0,0
229,27,0,0
229,28,0,0
229,29,0,0
229,30,0,0
229,31,0,0
229,32,0,0
229,33,0,0
229,34,0,0
229,35,0,0
229,36,0,0
229,37,0,0
229,38,0,0
229,39,0,0
229,40,0,0
229,41,0,0
229,42,0,0
229,43,0,0
229,44,0,0
229,45,0,0
229,46,0,0
229,47,0,0
229,48,0,0
229,49,0,0
229,50,0,0
229,51,0,0
229,52,0,0
229,53,0,0
229,54,0,0
229,55,0,0
229,56,0,0
229,57,0,0
229,58,0,0
229,59,0,0
229,60,0,0
229,61,0,0
229,62,0,0
229,63,0,0
229,64,0,0
229,65,0,0
229,66,0,0
229,67,57,131
229,68,0,0
229,69,0,0
229,70,1,88
229,71,0,0
229,72,0,0
229,73,0,0
229,74,0,0
229,75,14,128
229,76,0,0
229,77,0,0
229,78,0,0
229,79,0,0
229,80,3,134
229,81,0,0
229,82,0,0
229,83,0,0
229,84,0,25
229,85,0,0
229,86,0,0
229,87,1,14
229,88,2,0
229,89,0,0
229,90,9,30
229,91,0,0
229,92,0,0
229,93,0,0
229,94,0,0
230,1,0,0
230,2,0,0
230,3,0,0
230,4,0,0
230,5,0,0
230,6,0,0
230,7,0,0
230,8,0,0
230,9,0,0
230,10,0,0
230,11,0,0
230,12,0,0
230,13,0,0
230,14,0,0
230,15,0,0
230,16,0,0
230,17,0,0
230,18,0,0
230,19,0,0
230,20,0,0
230,21,0,0
230,22,0,0
230,23,0,0
230,24,0,0
230,25,0,0
230,26,0,0
230,27,0,14
230,28,0,0
230,29,0,0
230,30,0,0
230,31,0,0
230,32,0,0
230,33,0,0
230,34,0,0
230,35,0,0
230,36,0,0
230,37,0,0
230,38,0,0
230,39,0,0
230,40,0,0
230,41,0,0
230,42,0,0
230,43,0,0
230,44,0,0
230,45,0,0
230,46,0,0
230,47,0,0
230,48,0,0
230,49,0,0
230,50,0,0
230,51,0,0
230,52,0,0
230,53,0,0
230,54,0,0
230,55,0,0
230,56,0,0
230,57,0,0
230,58,0,0
230,59,0,0
230,60,0,0
230,61,0,0
230,62,0,0
230,63,0,0
230,64,0,0
230,65,0,0
230,66,0,0
230,67,0,0
230,68,57,114
230,69,0,0
230,70,0,0
230,71,0,0
230,72,0,0
230,73,0,0
230,74,0,0
230,75,0,0
230,76,0,0
230,77,61,148
230,78,0,0
230,79,38,107
230,80,0,0
230,81,0,0
230,82,0,0
230,83,44,78
230,84,4,21
230,85,0,0
230,86,0,0
230,87,0,0
230,88,0,0
230,89,3,118
230,90,0,0
230,91,15,157
230,92,0,0
230,93,0,0
230,94,18,56
230,95,0,0
230,96,12,36
230,97,0,0
230,98,0,29
230,99,0,0
230,100,2,3
230,101,6,54
230,102,0,0
230,103,9,22
230,104,0,0
230,105,0,0
230,106,0,0
230,107,0,58
230,108,0,0
230,109,0,0
231,1,0,0
231,2,0,0
231,3,0,0
231,4,0,0
231,5,0,0
231,6,0,0
231,7,0,0
231,8,0,0
231,9,0,0
231,10,0,0
231,11,0,0
231,12,0,0
231,13,0,0
231,14,0,0
231,15,0,0
231,16,0,0
231,17,0,0
231,18,0,0
231,19,0,0
231,20,0,0
231,21,0,0
231,22,0,0
231,23,0,0
231,24,0,0
231,25,0,0
231,26,0,0
231,27,0,17
231,28,0,0
231,29,0,0
231,30,0,0
231,31,0,0
231,32,0,0
231,33,0,0
231,34,0,0
231,35,0,0
231,36,0,0
231,37,0,0
231,38,0,0
231,39,0,0
231,40,0,0
231,41,0,0
231,42,0,0
231,43,0,0
231,44,0,0
231,45,0,0
231,46,0,0
231,47,0,0
231,48,0,0
231,49,0,0
231,50,0,0
231,51,0,0
231,52,0,0
231,53,0,0
231,54,0,0
231,55,0,0
231,56,0,0
231,57,0,0
231,58,0,0
231,59,0,0
231,60,0,0
231,61,0,0
231,62,0,0
231,63,0,0
231,64,0,0
231,65,0,0
231,66,10,55
231,67,56,92
231,68,68,139
231,69,0,0
231,70,0,0
231,71,0,0
231,72,0,0
231,73,0,0
231,74,0,0
231,75,8,120
231,76,0,0
231,77,0,0
231,78,0,0
231,79,3,19
231,80,0,0
231,81,0,0
231,82,0,0
231,83,0,0
231,84,4,136
231,85,0,0
231,86,0,0
231,87,0,0
231,88,0,0
231,89,0,29
231,90,0,0
231,91,0,0
231,92,2,0
231,93,1,0
231,94,0,0
231,95,7,57
231,96,3,0
231,97,0,0
231,98,0,0
231,99,15,66
231,100,0,0
231,101,0,0
231,102,0,0
231,103,0,0
231,104,0,0
232,1,0,0
232,2,0,0
232,3,0,0
232,4,0,0
232,5,0,0
232,6,0,0
232,7,0,0
232,8,0,0
232,9,0,0
232,10,0,0
232,11,0,0
232,12,0,0
232,13,0,0
232,14,0,0
232,15,0,0
232,16,0,0
232,17,0,0
232,18,0,0
232,19,0,0
232,20,0,0
232,21,0,0
232,22,0,0
232,23,0,0
232,24,0,0
232,25,0,15
232,26,0,0
232,27,0,0
232,28,0,0
232,29,0,0
232,30,0,0
232,31,0,0
232,32,0,0
232,33,2,73
232,34,0,80
232,35,0,0
232,36,0,0
232,37,0,0
232,38,0,0
232,39,0,0
232,40,0,0
232,41,0,0
232,42,0,0
232,43,0,0
232,44,0,0
232,45,0,0
232,46,0,0
232,47,0,0
232,48,0,0
232,49,0,0
232,50,0,0
232,51,0,0
232,52,0,0
232,53,0,0
232,54,0,0
232,55,2,81
232,56,0,0
232,57,0,0
232,58,0,0
232,59,0,0
232,60,31,95
232,61,0,0
232,62,34,66
232,63,32,38
232,64,0,0
232,65,0,0
232,66,0,0
232,67,0,0
232,68,0,0
232,69,0,0
232,70,0,0
232,71,0,0
232,72,0,0
232,73,0,0
232,74,0,0
232,75,0,0
232,76,0,0
232,77,0,0
232,78,0,0
232,79,0,0
232,80,224,54
232,81,0,0
232,82,0,0
232,83,35,88
232,84,0,0
232,85,0,0
232,86,171,33
232,87,0,0
232,88,0,25
232,89,0,0
232,90,0,0
232,91,0,0
232,92,20,94
232,93,0,0
232,94,0,0
232,95,0,0
232,96,0,0
232,97,0,51
232,98,0,0
232,99,0,0
232,100,0,0
233,1,0,0
233,2,0,0
233,3,0,0
233,4,0,0
233,5,0,0
233,6,0,0
233,7,0,0
233,8,0,0
233,9,0,0
233,10,0,0
233,11,0,0
233,12,0,0
233,13,0,0
233,14,0,0
233,15,0,0
233,16,0,0
233,17,0,0
233,18,0,0
233,19,0,15
233,20,0,0
233,21,0,0
233,22,0,0
233,23,0,0
233,24,0,0
233,25,0,0
233,26,4,63
233,27,3,56
233,28,0,75
233,29,0,0
233,30,0,0
233,31,0,0
233,32,0,0
233,33,0,0
233,34,0,0
233,35,0,0
233,36,0,0
233,37,0,0
233,38,0,0
233,39,0,0
233,40,0,0
233,41,0,0
233,42,0,0
233,43,0,0
233,44,0,0
233,45,0,0
233,46,0,0
233,47,0,0
233,48,0,0
233,49,0,0
233,50,0,0
233,51,0,0
233,52,0,0
233,53,0,0
233,54,0,0
233,55,0,0
233,56,0,0
233,57,17,131
233,58,118,75
233,59,123,58
233,60,13,128
233,61,0,0
233,62,0,0
233,63,39,61
233,64,0,0
233,65,0,0
233,66,0,0
233,67,8,42
233,68,0,0
233,69,0,0
233,70,0,0
233,71,0,0
233,72,0,0
233,73,0,0
233,74,220,52
233,75,0,0
233,76,19,52
233,77,0,0
233,78,25,67
233,79,0,0
233,80,0,0
233,81,0,0
233,82,0,24
233,83,0,0
233,84,0,0
233,85,3,41
233,86,14,72
233,87,5,32
233,88,0,0
233,89,2,0
233,90,0,0
233,91,0,0
233,92,0,0
233,93,0,0
233,94,0,0
233,95,0,0
233,96,0,47
233,97,0,0
234,1,0,0
234,2,0,0
234,3,0,0
234,4,0,0
234,5,0,0
234,6,0,0
234,7,0,0
234,8,0,0
234,9,0,0
234,10,0,0
234,11,0,0
234,12,0,0
234,13,0,0
234,14,0,0
234,15,0,0
234,16,0,0
234,17,0,0
234,18,0,0
234,19,0,11
234,20,0,0
234,21,0,0
234,22,0,0
234,23,0,0
234,24,0,0
234,25,0,0
234,26,0,0
234,27,0,0
234,28,0,0
234,29,0,0
234,30,0,0
234,31,0,0
234,32,0,0
234,33,5,63
234,34,2,52
234,35,0,0
234,36,0,77
234,37,0,0
234,38,0,0
234,39,0,0
234,40,0,0
234,41,0,0
234,42,0,0
234,43,0,0
234,44,0,0
234,45,0,0
234,46,0,0
234,47,0,0
234,48,0,0
234,49,0,0
234,50,0,0
234,51,0,0
234,52,0,0
234,53,0,0
234,54,0,0
234,55,0,0
234,56,0,0
234,57,0,0
234,58,0,0
234,59,16,130
234,60,0,0
234,61,5,60
234,62,42,154
234,63,0,0
234,64,0,0
234,65,0,0
234,66,0,0
234,67,0,0
234,68,0,0
234,69,0,0
234,70,0,0
234,71,10,145
234,72,0,0
234,73,0,0
234,74,0,0
234,75,0,0
234,76,9,49
234,77,0,0
234,78,0,0
234,79,0,0
234,80,0,0
234,81,0,0
234,82,5,146
234,83,182,48
234,84,20,139
234,85,45,93
234,86,0,0
234,87,0,0
234,88,0,20
234,89,0,0
234,90,0,0
234,91,0,0
234,92,1,0
234,93,15,30
234,94,0,0
234,95,0,0
234,96,0,0
234,97,0,0
234,98,17,92
234,99,2,0
234,100,0,52
234,101,0,82
234,102,0,0
234,103,0,0
235,1,0,0
235,2,0,0
235,3,0,0
235,4,0,0
235,5,0,0
235,6,0,0
235,7,0,0
235,8,0,0
235,9,0,0
235,10,0,0
235,11,0,0
235,12,0,0
235,13,0,0
235,14,0,0
235,15,0,0
235,16,0,0
235,17,0,0
235,18,0,0
235,19,0,0
235,20,0,0
235,21,0,0
235,22,0,0
235,23,0,0
235,24,0,0
235,25,0,11
235,26,0,0
235,27,0,0
235,28,0,0
235,29,0,0
235,30,0,0
235,31,0,0
235,32,0,0
235,33,0,0
235,34,0,0
235,35,0,0
235,36,5,62
235,37,3,54
235,38,0,0
235,39,0,0
235,40,0,0
235,41,0,84
235,42,0,0
235,43,0,0
235,44,0,0
235,45,0,0
235,46,0,0
235,47,0,0
235,48,0,0
235,49,0,0
235,50,0,0
235,51,0,0
235,52,0,0
235,53,0,0
235,54,0,0
235,55,0,0
235,56,0,0
235,57,0,0
235,58,0,0
235,59,0,0
235,60,0,0
235,61,0,0
235,62,0,0
235,63,0,0
235,64,0,0
235,65,0,0
235,66,13,101
235,67,0,0
235,68,0,0
235,69,0,0
235,70,0,0
235,71,0,0
235,72,0,0
235,73,0,0
235,74,0,0
235,75,0,0
235,76,0,0
235,77,0,0
235,78,0,0
235,79,0,0
235,80,0,0
235,81,0,0
235,82,0,0
235,83,0,0
235,84,0,0
235,85,0,12
235,86,0,23
235,87,1,2
235,88,0,0
235,89,17,19
235,90,0,0
235,91,8,10
235,92,20,96
235,93,335,6
235,94,13,0
235,95,14,1
235,96,0,0
235,97,0,0
235,98,18,99
235,99,1,0
235,100,0,46
235,101,0,0
235,102,0,101
236,1,0,0
236,2,0,0
236,3,0,0
236,4,0,0
236,5,0,0
236,6,0,0
236,7,0,0
236,8,0,0
236,9,0,0
236,10,0,0
236,11,0,0
236,12,0,0
236,13,0,0
236,14,0,0
236,15,0,0
236,16,0,0
236,17,0,0
236,18,0,0
236,19,0,0
236,20,0,0
236,21,0,0
236,22,0,3
236,23,0,0
236,24,0,0
236,25,0,0
236,26,0,0
236,27,0,0
236,28,0,0
236,29,31,84
236,30,0,0
236,31,0,0
236,32,3,60
236,33,4,56
236,34,0,0
236,35,0,86
236,36,0,0
236,37,0,0
236,38,0,0
236,39,0,0
236,40,0,0
236,41,0,0
236,42,0,0
236,43,0,0
236,44,0,0
236,45,0,0
236,46,0,0
236,47,0,0
236,48,0,0
236,49,0,0
236,50,0,0
236,51,0,0
236,52,22,122
236,53,70,72
236,54,0,0
236,55,0,0
236,56,4,110
236,57,70,105
236,58,0,0
236,59,0,0
236,60,0,0
236,61,0,0
236,62,0,0
236,63,0,0
236,64,0,0
236,65,0,0
236,66,0,0
236,67,0,0
236,68,0,0
236,69,0,0
236,70,0,0
236,71,0,0
236,72,0,0
236,73,0,0
236,74,0,0
236,75,1,1
236,76,0,0
236,77,0,11
236,78,0,37
236,79,0,0
236,80,1,10
236,81,1,8
236,82,0,0
236,83,0,0
236,84,21,1
236,85,18,20
236,86,0,0
236,87,0,0
236,88,17,0
236,89,107,20
236,90,0,0
236,91,9,85
236,92,21,73
236,93,0,48
236,94,0,0
236,95,0,84
236,96,0,0
237,1,0,0
237,2,0,0
237,3,0,0
237,4,0,0
237,5,0,0
237,6,0,0
237,7,0,0
237,8,0,0
237,9,0,0
237,10,0,0
237,11,0,0
237,12,0,0
237,13,0,0
237,14,0,0
237,15,0,0
237,16,0,0
237,17,0,0
237,18,0,0
237,19,0,0
237,20,0,0
237,21,0,3
237,22,0,0
237,23,0,0
237,24,0,0
237,25,0,0
237,26,0,0
237,27,0,2
237,28,0,0
237,29,0,0
237,30,0,0
237,31,0,0
237,32,27,86
237,33,0,0
237,34,2,58
237,35,3,62
237,36,0,0
237,37,0,0
237,38,0,0
237,39,0,65
237,40,0,0
237,41,0,0
237,42,0,0
237,43,0,0
237,44,0,0
237,45,0,0
237,46,0,0
237,47,0,0
237,48,0,0
237,49,0,0
237,50,0,0
237,51,0,0
237,52,0,0
237,53,1,62
237,54,0,0
237,55,0,0
237,56,0,0
237,57,0,0
237,58,0,0
237,59,0,0
237,60,0,0
237,61,0,0
237,62,24,121
237,63,0,0
237,64,79,75
237,65,0,0
237,66,0,0
237,67,0,0
237,68,0,0
237,69,0,0
237,70,0,0
237,71,0,0
237,72,0,0
237,73,0,0
237,74,0,0
237,75,0,0
237,76,0,0
237,77,0,0
237,78,0,0
237,79,0,0
237,80,0,0
237,81,0,0
237,82,0,0
237,83,0,0
237,84,0,0
237,85,0,0
237,86,0,0
237,87,0,1
237,88,0,0
237,89,16,95
237,90,1,9
237,91,0,45
237,92,0,0
237,93,0,0
237,94,19,66
237,95,56,6
237,96,6,8
237,97,1,0
237,98,1,0
237,99,0,45
237,100,0,83
237,101,0,0
238,1,0,0
238,2,0,0
238,3,0,0
238,4,0,0
238,5,0,0
238,6,0,0
238,7,0,0
238,8,0,0
238,9,0,0
238,10,0,0
238,11,0,0
238,12,0,0
238,13,0,0
238,14,0,0
238,15,0,0
238,16,0,0
238,17,0,0
238,18,0,0
238,19,0,0
238,20,0,0
238,21,13,42
238,22,0,0
238,23,0,0
238,24,0,0
238,25,0,0
238,26,0,0
238,27,0,0
238,28,0,10
238,29,0,0
238,30,0,0
238,31,0,0
238,32,0,0
238,33,0,0
238,34,3,56
238,35,1,67
238,36,0,0
238,37,0,0
238,38,0,0
238,39,0,0
238,40,0,0
238,41,0,0
238,42,0,0
238,43,0,0
238,44,0,0
238,45,0,0
238,46,0,0
238,47,0,0
238,48,0,0
238,49,2,91
238,50,0,0
238,51,0,0
238,52,0,0
238,53,0,0
238,54,0,0
238,55,0,0
238,56,0,0
238,57,0,0
238,58,0,0
238,59,36,80
238,60,0,0
238,61,5,63
238,62,0,0
238,63,0,0
238,64,0,0
238,65,0,0
238,66,0,0
238,67,43,83
238,68,0,0
238,69,1,44
238,70,0,0
238,71,0,0
238,72,0,0
238,73,0,0
238,74,0,0
238,75,0,0
238,76,0,0
238,77,0,0
238,78,0,0
238,79,0,0
238,80,0,13
238,81,0,6
238,82,2,15
238,83,0,0
238,84,0,0
238,85,0,0
238,86,0,0
238,87,0,0
238,88,22,129
238,89,0,110
238,90,0,2
238,91,1,55
238,92,0,0
238,93,9,1
238,94,0,0
238,95,5,44
238,96,9,28
238,97,0,0
238,98,0,0
238,99,0,0
238,100,1,18
238,101,68,26
238,102,0,0
238,103,4,3
238,104,14,72
238,105,0,0
238,106,0,0
238,107,8,112
238,108,0,94
238,109,0,0
238,110,0,0
239,1,0,0
239,2,0,0
239,3,0,0
239,4,0,0
239,5,0,0
239,6,0,0
239,7,0,0
239,8,0,0
239,9,0,0
239,10,0,0
239,11,0,0
239,12,0,0
239,13,0,0
239,14,0,0
239,15,0,0
239,16,0,0
239,17,0,0
239,18,0,0
239,19,0,0
239,20,0,0
239,21,0,0
239,22,0,0
239,23,0,0
239,24,20,44
239,25,0,0
239,26,0,0
239,27,0,0
239,28,0,0
239,29,0,0
239,30,0,0
239,31,0,0
239,32,2,71
239,33,0,0
239,34,0,0
239,35,0,0
239,36,0,0
239,37,0,0
239,38,0,0
239,39,0,0
239,40,0,0
239,41,0,0
239,42,0,0
239,43,0,0
239,44,0,0
239,45,0,0
239,46,0,0
239,47,3,119
239,48,0,0
239,49,0,0
239,50,0,0
239,51,0,0
239,52,0,0
239,53,0,0
239,54,0,0
239,55,0,0
239,56,0,0
239,57,0,0
239,58,0,0
239,59,0,0
239,60,0,0
239,61,26,123
239,62,10,90
239,63,0,0
239,64,0,0
239,65,1,80
239,66,0,0
239,67,6,59
239,68,0,0
239,69,0,0
239,70,0,0
239,71,0,0
239,72,0,0
239,73,62,102
239,74,0,0
239,75,0,0
239,76,0,0
239,77,0,0
239,78,0,0
239,79,0,0
239,80,0,0
239,81,1,13
239,82,0,7
239,83,0,12
239,84,0,0
239,85,0,0
239,86,0,0
239,87,0,0
239,88,0,0
239,89,58,130
239,90,0,0
239,91,0,0
239,92,25,32
239,93,0,0
239,94,0,0
239,95,0,0
239,96,0,0
239,97,2,11
239,98,0,0
239,99,0,80
239,100,1,3
239,101,0,51
239,102,0,0
239,103,0,0
239,104,3,41
239,105,15,0
239,106,6,33
239,107,69,15
239,108,0,0
239,109,1,19
239,110,3,0
239,111,17,64
239,112,0,0
239,113,0,0
239,114,62,29
239,115,0,47
239,116,0,103
239,117,0,15
239,118,0,84
239,119,0,0
240,1,0,0
240,2,0,0
240,3,0,0
240,4,0,0
240,5,0,0
240,6,0,0
240,7,0,0
240,8,0,0
240,9,0,0
240,10,0,0
240,11,0,0
240,12,0,0
240,13,0,0
240,14,0,0
240,15,0,0
240,16,0,0
240,17,0,0
240,18,0,0
240,19,0,0
240,20,40,84
240,21,0,0
240,22,0,0
240,23,0,0
240,24,0,2
240,25,0,0
240,26,0,0
240,27,0,0
240,28,0,0
240,29,0,0
240,30,0,0
240,31,0,0
240,32,0,0
240,33,0,0
240,34,0,0
240,35,0,0
240,36,0,0
240,37,0,0
240,38,0,0
240,39,3,127
240,40,0,0
240,41,128,69
240,42,0,0
240,43,0,0
240,44,0,0
240,45,30,62
240,46,6,123
240,47,4,54
240,48,0,0
240,49,16,106
240,50,2,37
240,51,0,0
240,52,7,58
240,53,2,42
240,54,0,0
240,55,0,0
240,56,0,0
240,57,4,106
240,58,4,81
240,59,0,0
240,60,0,0
240,61,38,143
240,62,0,0
240,63,0,0
240,64,0,0
240,65,0,0
240,66,0,0
240,67,0,0
240,68,0,0
240,69,0,0
240,70,0,20
240,71,35,42
240,72,0,0
240,73,0,0
240,74,0,0
240,75,0,0
240,76,0,0
240,77,0,0
240,78,0,0
240,79,0,0
240,80,0,0
240,81,0,0
240,82,0,0
240,83,0,0
240,84,0,0
240,85,0,0
240,86,0,0
240,87,0,0
240,88,0,83
240,89,0,0
240,90,0,48
240,91,0,0
240,92,0,0
240,93,0,0
240,94,0,0
240,95,0,0
240,96,0,0
240,97,12,0
240,98,11,5
240,99,65,41
240,100,0,0
240,101,29,3
240,102,0,54
240,103,0,83
240,104,0,0
240,105,0,0
241,1,0,0
241,2,0,0
241,3,0,0
241,4,0,0
241,5,0,0
241,6,0,0
241,7,0,0
241,8,0,0
241,9,0,0
241,10,0,0
241,11,0,0
241,12,0,0
241,13,0,0
241,14,0,0
241,15,0,0
241,16,0,0
241,17,0,0
241,18,0,0
241,19,0,0
241,20,0,0
241,21,0,0
241,22,0,0
241,23,0,0
241,24,0,0
241,25,0,0
241,26,0,0
241,27,0,0
241,28,0,0
241,29,0,0
241,30,6,21
241,31,0,0
241,32,0,0
241,33,0,0
241,34,2,66
241,35,0,0
241,36,1,65
241,37,1,0
241,38,0,0
241,39,0,0
241,40,0,0
241,41,0,1
241,42,0,0
241,43,0,0
241,44,0,0
241,45,0,0
241,46,0,0
241,47,0,0
241,48,0,0
241,49,0,0
241,50,0,0
241,51,0,0
241,52,0,0
241,53,0,0
241,54,0,0
241,55,0,0
241,56,0,0
241,57,0,0
241,58,0,0
241,59,0,0
241,60,8,125
241,61,0,0
241,62,0,0
241,63,0,0
241,64,2,78
241,65,0,0
241,66,2,62
241,67,47,155
241,68,0,0
241,69,0,0
241,70,5,62
241,71,2,40
241,72,0,0
241,73,6,54
241,74,1,76
241,75,0,66
241,76,0,0
241,77,0,0
241,78,0,0
241,79,0,0
241,80,20,132
241,81,0,0
241,82,0,0
241,83,0,0
241,84,0,0
241,85,0,0
241,86,0,0
241,87,0,0
241,88,0,0
241,89,0,0
241,90,0,0
241,91,0,0
241,92,0,0
241,93,0,0
241,94,52,129
241,95,0,0
241,96,0,0
241,97,0,0
241,98,1,91
241,99,0,55
241,100,0,0
241,101,0,0
241,102,0,0
241,103,0,0
241,104,0,0
241,105,0,0
241,106,0,0
241,107,0,70
241,108,17,53
241,109,65,19
241,110,2,0
241,111,0,0
241,112,4,19
241,113,0,0
241,114,0,0
241,115,0,0
241,116,0,43
241,117,0,0
241,118,0,0
241,119,0,0
241,120,0,85
241,121,0,0
241,122,0,0
242,1,0,0
242,2,0,0
242,3,0,0
242,4,0,0
242,5,0,0
242,6,0,0
242,7,0,0
242,8,0,0
242,9,0,0
242,10,0,0
242,11,0,0
242,12,0,0
242,13,0,0
242,14,0,0
242,15,2,0
242,16,0,0
242,17,0,0
242,18,0,0
242,19,0,0
242,20,0,0
242,21,0,0
242,22,0,0
242,23,0,0
242,24,0,0
242,25,0,0
242,26,0,0
242,27,0,0
242,28,0,0
242,29,0,0
242,30,0,0
242,31,0,0
242,32,0,0
242,33,0,0
242,34,0,0
242,35,0,0
242,36,0,0
242,37,0,0
242,38,0,0
242,39,0,0
242,40,0,0
242,41,0,0
242,42,0,0
242,43,3,66
242,44,0,0
242,45,0,0
242,46,0,0
242,47,0,0
242,48,0,0
242,49,0,0
242,50,0,0
242,51,0,0
242,52,0,0
242,53,0,0
242,54,0,0
242,55,0,0
242,56,0,0
242,57,0,3
242,58,0,0
242,59,0,0
242,60,0,0
242,61,0,0
242,62,0,0
242,63,0,0
242,64,0,0
242,65,0,0
242,66,0,0
242,67,0,0
242,68,0,0
242,69,0,0
242,70,0,0
242,71,6,128
242,72,0,0
242,73,0,0
242,74,0,0
242,75,0,0
242,76,3,102
242,77,0,0
242,78,0,0
242,79,0,0
242,80,0,0
242,81,0,0
242,82,4,84
242,83,0,0
242,84,0,0
242,85,12,147
242,86,0,0
242,87,0,0
242,88,0,0
242,89,0,0
242,90,0,0
242,91,69,122
242,92,0,0
242,93,0,0
242,94,0,0
242,95,18,59
242,96,24,105
242,97,0,0
242,98,0,0
242,99,1,85
242,100,0,0
242,101,0,0
242,102,0,0
242,103,0,0
242,104,0,0
242,105,0,0
242,106,0,0
242,107,94,39
242,108,0,0
242,109,0,0
242,110,0,0
242,111,0,0
242,112,0,0
242,113,1,88
242,114,0,55
242,115,0,0
242,116,0,0
242,117,0,0
242,118,0,0
242,119,0,0
242,120,0,70
242,121,18,37
242,122,0,0
242,123,0,0
242,124,2,1
242,125,55,60
242,126,1,3
242,127,21,66
242,128,0,0
242,129,0,0
242,130,0,0
242,131,73,18
242,132,0,0
242,133,0,34
242,134,0,0
242,135,11,32
242,136,0,0
242,137,0,0
242,138,0,0
242,139,0,0
242,140,0,0
243,1,0,0
243,2,0,0
243,3,0,0
243,4,0,0
243,5,0,0
243,6,0,0
243,7,0,0
243,8,0,0
243,9,0,0
243,10,1,0
243,11,0,0
243,12,0,0
243,13,0,0
243,14,0,0
243,15,0,0
243,16,0,0
243,17,0,0
243,18,0,0
243,19,0,0
243,20,0,0
243,21,0,0
243,22,0,0
243,23,0,0
243,24,0,0
243,25,0,0
243,26,0,0
243,27,0,0
243,28,0,0
243,29,0,0
243,30,0,0
243,31,0,0
243,32,0,0
243,33,0,0
243,34,0,0
243,35,0,0
243,36,3,67
243,37,0,0
243,38,0,0
243,39,0,0
243,40,0,0
243,41,0,0
243,42,0,0
243,43,0,0
243,44,0,0
243,45,0,0
243,46,0,0
243,47,0,0
243,48,0,0
243,49,0,0
243,50,0,0
243,51,0,0
243,52,0,0
243,53,0,2
243,54,0,0
243,55,0,0
243,56,0,0
243,57,0,0
243,58,0,0
243,59,0,0
243,60,0,0
243,61,0,0
243,62,0,0
243,63,37,105
243,64,0,0
243,65,0,0
243,66,5,85
243,67,0,0
243,68,20,102
243,69,0,0
243,70,0,0
243,71,0,0
243,72,0,0
243,73,2,86
243,74,0,0
243,75,0,0
243,76,0,0
243,77,0,0
243,78,0,0
243,79,0,0
243,80,0,0
243,81,0,0
243,82,0,0
243,83,104,120
243,84,0,0
243,85,0,0
243,86,0,0
243,87,0,0
243,88,0,0
243,89,0,0
243,90,0,0
243,91,0,0
243,92,0,0
243,93,0,0
243,94,0,0
243,95,0,0
243,96,1,76
243,97,0,0
243,98,0,0
243,99,0,0
243,100,0,0
243,101,0,0
243,102,0,0
243,103,0,0
243,104,0,0
243,105,0,83
243,106,0,0
243,107,0,0
243,108,40,121
243,109,1,54
243,110,0,6
243,111,1,108
243,112,0,0
243,113,147,59
243,114,0,0
243,115,0,71
243,116,11,24
243,117,0,0
243,118,0,28
243,119,0,0
243,120,6,0
243,121,0,0
243,122,82,13
243,123,5,9
243,124,0,35
243,125,0,0
243,126,0,15
243,127,0,0
243,128,0,0
243,129,0,0
244,1,0,0
244,2,0,0
244,3,0,0
244,4,0,0
244,5,0,0
244,6,0,0
244,7,0,0
244,8,0,0
244,9,0,0
244,10,1,0
244,11,0,0
244,12,0,0
244,13,0,0
244,14,0,0
244,15,0,0
244,16,0,0
244,17,0,0
244,18,0,0
244,19,0,0
244,20,0,0
244,21,0,0
244,22,0,0
244,23,0,0
244,24,0,0
244,25,0,0
244,26,0,0
244,27,0,0
244,28,0,0
244,29,0,0
244,30,0,0
244,31,0,0
244,32,0,0
244,33,0,0
244,34,0,51
244,35,0,0
244,36,0,0
244,37,0,0
244,38,0,0
244,39,0,0
244,40,0,0
244,41,0,0
244,42,0,0
244,43,0,0
244,44,0,0
244,45,0,0
244,46,0,2
244,47,0,0
244,48,0,0
244,49,0,0
244,50,4,92
244,51,0,0
244,52,0,0
244,53,0,0
244,54,0,0
244,55,0,0
244,56,5,97
244,57,0,0
244,58,0,0
244,59,0,0
244,60,4,90
244,61,0,0
244,62,0,0
244,63,0,0
244,64,0,0
244,65,0,0
244,66,0,0
244,67,0,83
244,68,0,0
244,69,36,83
244,70,0,0
244,71,0,0
244,72,0,0
244,73,84,85
244,74,0,0
244,75,14,155
244,76,0,0
244,77,0,0
244,78,0,0
244,79,0,0
244,80,0,0
244,81,0,0
244,82,0,0
244,83,0,0
244,84,0,0
244,85,0,0
244,86,0,0
244,87,0,0
244,88,4,18
244,89,0,0
244,90,0,0
244,91,0,0
244,92,90,43
244,93,0,0
244,94,1,92
244,95,0,0
244,96,0,0
244,97,0,0
244,98,0,0
244,99,0,0
244,100,0,0
244,101,0,0
244,102,1,96
244,103,0,0
244,104,0,73
244,105,4,40
244,106,35,3
244,107,4,22
244,108,0,41
244,109,21,18
244,110,43,2
244,111,0,14
244,112,63,75
244,113,0,0
244,114,0,27
244,115,0,0
244,116,0,0
244,117,0,0
245,1,0,0
245,2,0,0
245,3,0,0
245,4,0,0
245,5,0,0
245,6,0,0
245,7,0,0
245,8,0,0
245,9,0,0
245,10,0,0
245,11,0,0
245,12,0,16
245,13,0,0
245,14,0,0
245,15,0,0
245,16,0,0
245,17,0,0
245,18,0,0
245,19,0,0
245,20,0,0
245,21,0,0
245,22,0,0
245,23,0,0
245,24,0,0
245,25,0,0
245,26,0,0
245,27,0,0
245,28,0,0
245,29,0,0
245,30,0,0
245,31,1,58
245,32,0,0
245,33,0,0
245,34,0,0
245,35,0,0
245,36,0,0
245,37,0,0
245,38,0,0
245,39,0,0
245,40,0,0
245,41,0,0
245,42,0,0
245,43,0,0
245,44,0,0
245,45,0,0
245,46,0,0
245,47,0,0
245,48,0,0
245,49,0,0
245,50,0,0
245,51,0,0
245,52,0,0
245,53,0,0
245,54,0,0
245,55,0,0
245,56,0,0
245,57,0,0
245,58,0,0
245,59,0,0
245,60,37,141
245,61,0,0
245,62,30,86
245,63,0,0
245,64,0,0
245,65,0,0
245,66,0,0
245,67,0,0
245,68,0,0
245,69,0,0
245,70,0,0
245,71,0,0
245,72,0,0
245,73,0,0
245,74,0,0
245,75,0,0
245,76,0,0
245,77,0,0
245,78,0,0
245,79,0,0
245,80,6,17
245,81,91,58
245,82,0,0
245,83,0,0
245,84,0,0
245,85,0,0
245,86,0,0
245,87,24,45
245,88,11,57
245,89,23,53
245,90,1,98
245,91,0,0
245,92,0,0
245,93,0,0
245,94,0,0
245,95,10,13
245,96,0,64
245,97,0,0
245,98,10,44
245,99,11,63
245,100,8,30
245,101,0,0
245,102,1,49
245,103,0,0
245,104,26,19
245,105,45,8
245,106,58,75
245,107,0,0
245,108,0,33
245,109,0,0
245,110,0,0
245,111,0,0
246,1,0,0
246,2,0,0
246,3,0,0
246,4,0,0
246,5,0,0
246,6,0,0
246,7,0,0
246,8,0,0
246,9,0,0
246,10,0,0
246,11,0,0
246,12,0,0
246,13,0,0
246,14,0,0
246,15,0,0
246,16,0,0
246,17,0,0
246,18,0,0
246,19,0,0
246,20,0,0
246,21,0,0
246,22,0,0
246,23,0,0
246,24,2,54
246,25,0,0
246,26,0,0
246,27,0,0
246,28,0,0
246,29,0,0
246,30,0,0
246,31,0,0
246,32,0,0
246,33,0,0
246,34,0,0
246,35,0,0
246,36,0,0
246,37,0,0
246,38,0,0
246,39,0,0
246,40,0,0
246,41,0,0
246,42,0,0
246,43,0,0
246,44,0,0
246,45,0,0
246,46,0,0
246,47,0,0
246,48,0,0
246,49,0,0
246,50,0,0
246,51,0,0
246,52,0,0
246,53,0,0
246,54,0,0
246,55,0,0
246,56,0,0
246,57,0,0
246,58,0,0
246,59,0,0
246,60,0,0
246,61,38,146
246,62,0,0
246,63,32,80
246,64,0,0
246,65,0,0
246,66,0,0
246,67,0,0
246,68,0,0
246,69,0,0
246,70,0,0
246,71,0,0
246,72,0,0
246,73,5,16
246,74,93,61
246,75,0,0
246,76,0,0
246,77,0,0
246,78,0,0
246,79,0,0
246,80,0,0
246,81,0,0
246,82,0,0
246,83,0,0
246,84,0,0
246,85,22,44
246,86,15,49
246,87,0,0
246,88,25,51
246,89,0,100
246,90,0,0
246,91,35,114
246,92,12,14
246,93,0,57
246,94,0,0
246,95,0,0
246,96,31,1
246,97,19,54
246,98,9,32
246,99,0,0
246,100,1,54
246,101,1,0
246,102,33,21
246,103,60,9
246,104,0,0
246,105,0,34
246,106,0,2
246,107,0,0
247,1,0,0
247,2,0,0
247,3,0,0
247,4,0,0
247,5,0,0
247,6,0,0
247,7,0,0
247,8,0,0
247,9,0,0
247,10,0,0
247,11,0,0
247,12,0,0
247,13,0,0
247,14,0,0
247,15,0,0
247,16,0,0
247,17,0,0
247,18,0,0
247,19,0,0
247,20,0,0
247,21,0,0
247,22,0,0
247,23,0,0
247,24,0,0
247,25,0,0
247,26,0,0
247,27,0,0
247,28,0,0
247,29,0,0
247,30,0,0
247,31,0,0
247,32,0,0
247,33,0,0
247,34,0,0
247,35,0,0
247,36,0,0
247,37,0,0
247,38,0,0
247,39,0,0
247,40,0,0
247,41,0,0
247,42,0,0
247,43,0,0
247,44,0,0
247,45,1,102
247,46,0,0
247,47,0,0
247,48,0,0
247,49,0,0
247,50,0,0
247,51,0,0
247,52,0,0
247,53,0,0
247,54,0,0
247,55,0,0
247,56,43,131
247,57,0,77
247,58,0,0
247,59,0,0
247,60,0,0
247,61,0,0
247,62,0,0
247,63,0,0
247,64,0,0
247,65,22,43
247,66,0,0
247,67,0,0
247,68,114,34
247,69,5,83
247,70,0,0
247,71,0,0
247,72,0,0
247,73,0,0
247,74,0,0
247,75,0,0
247,76,0,0
247,77,0,0
247,78,0,0
247,79,0,0
247,80,0,0
247,81,1,15
247,82,0,0
247,83,0,0
247,84,0,0
247,85,0,0
247,86,0,0
247,87,0,0
247,88,0,0
247,89,0,0
247,90,1,108
247,91,0,0
247,92,0,0
247,93,0,0
247,94,0,0
247,95,0,0
247,96,0,0
247,97,23,62
247,98,2,54
247,99,25,0
247,100,7,13
247,101,11,47
247,102,32,30
247,103,3,2
247,104,0,57
247,105,0,0
247,106,0,0
247,107,6,0
247,108,114,36
247,109,0,0
247,110,0,0
247,111,0,65
247,112,0,28
247,113,0,2
247,114,0,1
247,115,0,0
247,116,0,0
248,1,0,0
248,2,0,0
248,3,0,0
248,4,0,0
248,5,0,0
248,6,0,0
248,7,0,0
248,8,0,0
248,9,0,0
248,10,0,0
248,11,0,0
248,12,1,0
248,13,0,0
248,14,0,0
248,15,0,0
248,16,0,0
248,17,0,0
248,18,0,0
248,19,0,0
248,20,0,0
248,21,0,0
248,22,0,0
248,23,0,0
248,24,0,0
248,25,0,0
248,26,0,0
248,27,0,0
248,28,0,0
248,29,0,0
248,30,0,0
248,31,0,0
248,32,0,0
248,33,0,0
248,34,0,0
248,35,0,0
248,36,0,0
248,37,0,0
248,38,0,0
248,39,0,0
248,40,0,0
248,41,0,0
248,42,0,0
248,43,0,74
248,44,45,129
248,45,0,0
248,46,0,0
248,47,0,0
248,48,0,0
248,49,58,47
248,50,0,0
248,51,0,0
248,52,0,0
248,53,0,0
248,54,261,54
248,55,0,0
248,56,0,0
248,57,0,0
248,58,0,0
248,59,0,0
248,60,0,0
248,61,0,0
248,62,0,0
248,63,0,0
248,64,0,0
248,65,0,0
248,66,1,118
248,67,0,0
248,68,0,0
248,69,0,0
248,70,0,0
248,71,0,0
248,72,0,0
248,73,0,0
248,74,0,0
248,75,0,0
248,76,0,0
248,77,0,0
248,78,0,96
248,79,1,77
248,80,7,7
248,81,0,0
248,82,0,0
248,83,0,0
248,84,0,8
248,85,5,52
248,86,0,0
248,87,1,3
248,88,1,58
248,89,0,0
248,90,0,0
248,91,0,0
248,92,62,35
248,93,8,54
248,94,0,80
248,95,0,46
248,96,0,5
248,97,0,4
248,98,0,0
248,99,0,0
249,1,0,0
249,2,0,0
249,3,0,7
249,4,0,0
249,5,0,0
249,6,0,0
249,7,0,0
249,8,0,0
249,9,0,0
249,10,0,0
249,11,0,0
249,12,0,0
249,13,0,0
249,14,0,0
249,15,0,0
249,16,0,0
249,17,0,0
249,18,0,0
249,19,0,0
249,20,0,0
249,21,0,0
249,22,0,0
249,23,0,0
249,24,0,0
249,25,0,0
249,26,16,88
249,27,0,0
249,28,0,0
249,29,53,128
249,30,0,0
249,31,0,0
249,32,0,0
249,33,0,0
249,34,0,0
249,35,0,0
249,36,0,0
249,37,0,0
249,38,0,0
249,39,0,0
249,40,0,0
249,41,0,0
249,42,0,108
249,43,0,0
249,44,0,0
249,45,0,0
249,46,0,0
249,47,0,0
249,48,0,0
249,49,3,115
249,50,0,0
249,51,0,0
249,52,0,0
249,53,0,0
249,54,0,0
249,55,0,0
249,56,0,0
249,57,0,0
249,58,0,0
249,59,0,0
249,60,0,0
249,61,0,0
249,62,0,0
249,63,50,92
249,64,0,0
249,65,20,123
249,66,0,0
249,67,1,115
249,68,4,39
249,69,0,0
249,70,0,0
249,71,0,0
249,72,7,29
249,73,0,3
249,74,0,0
249,75,34,23
249,76,0,0
249,77,1,4
249,78,1,64
249,79,0,0
249,80,18,59
249,81,18,21
249,82,0,0
249,83,15,6
249,84,1,0
249,85,0,66
249,86,0,0
249,87,0,12
249,88,0,0
249,89,0,0
250,1,0,0
250,2,0,0
250,3,0,0
250,4,0,0
250,5,26,21
250,6,0,0
250,7,0,0
250,8,0,0
250,9,0,0
250,10,2,72
250,11,1,67
250,12,0,0
250,13,0,0
250,14,0,0
250,15,0,0
250,16,0,0
250,17,0,0
250,18,0,0
250,19,0,0
250,20,3,66
250,21,0,0
250,22,0,0
250,23,0,0
250,24,5,61
250,25,88,74
250,26,0,0
250,27,0,0
250,28,0,0
250,29,0,0
250,30,0,0
250,31,0,0
250,32,0,0
250,33,0,0
250,34,0,0
250,35,0,0
250,36,0,0
250,37,0,0
250,38,0,0
250,39,1,114
250,40,0,0
250,41,0,0
250,42,0,0
250,43,0,0
250,44,0,0
250,45,0,0
250,46,0,0
250,47,0,0
250,48,7,124
250,49,0,0
250,50,0,0
250,51,0,0
250,52,0,0
250,53,0,0
250,54,0,0
250,55,0,0
250,56,0,0
250,57,0,0
250,58,0,0
250,59,0,0
250,60,0,0
250,61,0,0
250,62,31,99
250,63,0,0
250,64,0,0
250,65,220,39
250,66,2,40
250,67,0,0
250,68,0,0
250,69,0,0
250,70,0,0
250,71,20,37
250,72,9,0
250,73,0,0
250,74,43,2
250,75,23,2
250,76,21,16
250,77,4,37
250,78,1,63
250,79,0,0
250,80,14,55
250,81,145,91
250,82,172,47
250,83,36,0
250,84,0,0
250,85,0,44
250,86,0,29
250,87,0,0
250,88,0,0
251,1,0,0
251,2,0,0
251,3,28,23
251,4,0,0
251,5,0,0
251,6,0,0
251,7,0,0
251,8,0,0
251,9,0,0
251,10,0,0
251,11,0,0
251,12,0,65
251,13,2,60
251,14,0,0
251,15,0,0
251,16,0,0
251,17,41,64
251,18,0,0
251,19,0,0
251,20,0,0
251,21,0,0
251,22,0,48
251,23,0,0
251,24,0,0
251,25,0,0
251,26,0,0
251,27,0,0
251,28,0,0
251,29,0,0
251,30,0,0
251,31,0,0
251,32,0,0
251,33,0,0
251,34,0,57
251,35,0,0
251,36,0,0
251,37,0,0
251,38,1,15
251,39,2,35
251,40,0,0
251,41,0,0
251,42,0,0
251,43,0,0
251,44,0,0
251,45,0,0
251,46,0,0
251,47,0,0
251,48,0,0
251,49,0,0
251,50,1,113
251,51,0,0
251,52,0,0
251,53,0,0
251,54,0,0
251,55,0,0
251,56,0,0
251,57,0,38
251,58,0,38
251,59,6,80
251,60,0,0
251,61,0,0
251,62,0,0
251,63,0,0
251,64,0,0
251,65,0,0
251,66,0,0
251,67,0,0
251,68,0,0
251,69,0,0
251,70,0,0
251,71,2,59
251,72,1,1
251,73,0,0
251,74,209,28
251,75,1,36
251,76,0,0
251,77,0,0
251,78,0,0
251,79,0,0
251,80,0,0
251,81,0,0
251,82,24,0
251,83,0,0
251,84,60,5
251,85,18,15
251,86,3,36
251,87,0,0
251,88,3,64
251,89,21,35
251,90,119,79
251,91,18,4
251,92,0,0
251,93,188,47
251,94,39,0
251,95,0,0
251,96,0,0
251,97,0,0
251,98,0,0
251,99,0,0
252,1,0,0
252,2,0,0
252,3,0,0
252,4,0,0
252,5,27,16
252,6,0,0
252,7,0,0
252,8,0,0
252,9,1,69
252,10,0,0
252,11,0,0
252,12,0,0
252,13,0,0
252,14,0,0
252,15,0,0
252,16,0,0
252,17,0,0
252,18,0,0
252,19,0,0
252,20,0,0
252,21,0,0
252,22,0,0
252,23,0,0
252,24,0,0
252,25,0,0
252,26,0,0
252,27,0,0
252,28,0,0
252,29,0,0
252,30,0,0
252,31,0,0
252,32,0,0
252,33,5,80
252,34,3,69
252,35,0,0
252,36,0,0
252,37,0,0
252,38,0,0
252,39,0,0
252,40,0,0
252,41,0,0
252,42,0,0
252,43,0,0
252,44,0,0
252,45,3,27
252,46,0,0
252,47,0,0
252,48,1,59
252,49,0,0
252,50,0,0
252,51,0,0
252,52,0,0
252,53,0,0
252,54,0,0
252,55,0,0
252,56,0,0
252,57,0,0
252,58,0,0
252,59,0,0
252,60,0,0
252,61,0,29
252,62,0,37
252,63,7,82
252,64,0,0
252,65,0,0
252,66,0,0
252,67,0,0
252,68,0,0
252,69,0,0
252,70,1,1
252,71,0,43
252,72,0,100
252,73,0,0
252,74,0,0
252,75,0,0
252,76,0,0
252,77,0,0
252,78,0,0
252,79,1,1
252,80,0,0
252,81,0,0
252,82,0,0
252,83,2,0
252,84,0,0
252,85,0,0
252,86,0,0
252,87,0,0
252,88,59,18
252,89,33,8
252,90,0,15
252,91,3,68
252,92,15,37
252,93,95,22
252,94,144,71
252,95,18,3
252,96,169,40
252,97,31,0
252,98,0,0
252,99,0,11
252,100,0,0
252,101,0,0
252,102,0,0
252,103,0,0
252,104,0,0
252,105,0,0
252,106,0,0
253,1,0,0
253,2,0,0
253,3,0,0
253,4,0,0
253,5,0,5
253,6,0,11
253,7,0,0
253,8,0,0
253,9,0,0
253,10,0,0
253,11,0,0
253,12,0,0
253,13,0,0
253,14,0,0
253,15,0,0
253,16,0,0
253,17,0,0
253,18,0,0
253,19,0,0
253,20,0,0
253,21,0,0
253,22,2,69
253,23,0,0
253,24,0,0
253,25,0,0
253,26,0,0
253,27,0,0
253,28,0,0
253,29,0,0
253,30,0,0
253,31,0,0
253,32,1,0
253,33,0,0
253,34,0,0
253,35,0,0
253,36,0,0
253,37,0,0
253,38,0,0
253,39,0,0
253,40,0,0
253,41,0,0
253,42,0,0
253,43,59,129
253,44,4,74
253,45,0,0
253,46,0,0
253,47,0,0
253,48,0,0
253,49,0,0
253,50,0,0
253,51,0,0
253,52,0,0
253,53,0,0
253,54,2,59
253,55,0,0
253,56,0,0
253,57,0,0
253,58,0,0
253,59,0,0
253,60,0,0
253,61,0,0
253,62,1,59
253,63,0,0
253,64,0,30
253,65,0,60
253,66,0,0
253,67,0,0
253,68,0,0
253,69,0,0
253,70,0,0
253,71,0,0
253,72,0,0
253,73,0,0
253,74,0,0
253,75,0,0
253,76,0,0
253,77,0,0
253,78,0,0
253,79,0,22
253,80,11,10
253,81,2,40
253,82,0,96
253,83,0,0
253,84,0,0
253,85,0,0
253,86,0,0
253,87,0,0
253,88,0,0
253,89,18,45
253,90,42,0
253,91,0,0
253,92,0,0
253,93,0,0
253,94,0,0
253,95,44,25
253,96,1,64
253,97,20,36
253,98,146,70
253,99,2,0
253,100,3,0
253,101,82,46
253,102,56,0
253,103,56,0
253,104,0,0
253,105,0,0
253,106,0,2
253,107,0,11
253,108,0,21
253,109,0,0
253,110,0,0
253,111,0,9
253,112,0,0
253,113,0,0
253,114,0,0
254,1,0,14
254,2,0,0
254,3,0,0
254,4,0,0
254,5,0,0
254,6,0,0
254,7,0,0
254,8,0,0
254,9,0,0
254,10,0,0
254,11,0,0
254,12,0,0
254,13,0,0
254,14,0,0
254,15,0,0
254,16,0,0
254,17,0,0
254,18,0,0
254,19,0,0
254,20,0,0
254,21,0,0
254,22,0,0
254,23,0,0
254,24,0,0
254,25,4,0
254,26,0,0
254,27,0,0
254,28,0,0
254,29,0,0
254,30,0,0
254,31,3,24
254,32,0,0
254,33,0,0
254,34,0,0
254,35,0,0
254,36,0,0
254,37,0,0
254,38,0,0
254,39,0,0
254,40,0,0
254,41,0,0
254,42,3,65
254,43,0,0
254,44,38,75
254,45,0,0
254,46,57,69
254,47,0,0
254,48,0,0
254,49,0,0
254,50,0,0
254,51,0,0
254,52,0,0
254,53,0,0
254,54,0,0
254,55,0,0
254,56,1,67
254,57,0,0
254,58,0,0
254,59,0,0
254,60,0,0
254,61,0,0
254,62,0,0
254,63,0,0
254,64,0,0
254,65,0,0
254,66,1,117
254,67,0,0
254,68,0,0
254,69,0,0
254,70,0,0
254,71,0,0
254,72,0,0
254,73,0,0
254,74,0,0
254,75,0,0
254,76,0,0
254,77,0,0
254,78,0,0
254,79,0,0
254,80,0,0
254,81,0,0
254,82,0,0
254,83,1,40
254,84,11,8
254,85,0,0
254,86,0,0
254,87,5,43
254,88,0,0
254,89,0,0
254,90,0,0
254,91,119,2
254,92,0,0
254,93,0,68
254,94,38,51
254,95,0,3
254,96,7,23
254,97,2,0
254,98,146,72
254,99,3,0
254,100,0,0
254,101,52,35
254,102,81,0
254,103,7,0
254,104,9,44
254,105,9,53
254,106,0,0
254,107,0,0
254,108,0,19
254,109,0,0
254,110,0,0
254,111,0,0
254,112,0,7
254,113,0,0
254,114,0,0
254,115,0,0
254,116,0,0
255,1,0,0
255,2,5,11
255,3,0,0
255,4,0,0
255,5,0,0
255,6,0,0
255,7,0,0
255,8,0,0
255,9,0,0
255,10,0,0
255,11,0,0
255,12,0,0
255,13,0,0
255,14,0,0
255,15,0,0
255,16,0,0
255,17,0,0
255,18,0,0
255,19,0,0
255,20,0,0
255,21,0,0
255,22,0,0
255,23,0,0
255,24,0,0
255,25,0,0
255,26,0,0
255,27,0,0
255,28,0,0
255,29,0,0
255,30,0,0
255,31,0,0
255,32,0,0
255,33,0,0
255,34,75,115
255,35,0,0
255,36,0,0
255,37,1,64
255,38,0,0
255,39,76,99
255,40,0,0
255,41,0,0
255,42,0,8
255,43,0,0
255,44,0,0
255,45,0,0
255,46,0,0
255,47,0,0
255,48,240,30
255,49,0,0
255,50,0,0
255,51,0,0
255,52,0,0
255,53,0,0
255,54,0,0
255,55,0,0
255,56,0,0
255,57,0,0
255,58,0,0
255,59,0,0
255,60,0,0
255,61,1,113
255,62,0,0
255,63,0,0
255,64,0,0
255,65,0,0
255,66,0,0
255,67,0,0
255,68,0,0
255,69,0,0
255,70,0,0
255,71,0,0
255,72,0,0
255,73,0,0
255,74,0,0
255,75,0,0
255,76,0,0
255,77,1,5
255,78,8,6
255,79,0,0
255,80,0,0
255,81,0,0
255,82,0,0
255,83,0,0
255,84,34,0
255,85,93,0
255,86,0,0
255,87,0,0
255,88,2,24
255,89,1,63
255,90,79,68
255,91,1,0
255,92,7,1
255,93,2,0
255,94,1,0
255,95,3,2
255,96,92,5
255,97,12,42
255,98,0,12
255,99,0,0
255,100,0,4
255,101,0,0
255,102,0,16
255,103,0,0
255,104,0,0
255,105,0,0
255,106,0,0
255,107,0,0
256,1,0,0
256,2,5,4
256,3,0,0
256,4,0,0
256,5,0,0
256,6,0,0
256,7,0,0
256,8,0,0
256,9,0,0
256,10,0,0
256,11,0,0
256,12,1,35
256,13,0,0
256,14,0,0
256,15,3,0
256,16,0,0
256,17,41,39
256,18,35,56
256,19,0,0
256,20,67,56
256,21,0,0
256,22,0,0
256,23,0,0
256,24,0,0
256,25,4,0
256,26,0,0
256,27,41,62
256,28,0,0
256,29,185,63
256,30,3,37
256,31,107,52
256,32,0,0
256,33,0,0
256,34,0,0
256,35,0,0
256,36,0,0
256,37,0,0
256,38,0,0
256,39,0,0
256,40,0,0
256,41,0,0
256,42,0,0
256,43,0,0
256,44,0,0
256,45,9,56
256,46,96,120
256,47,0,0
256,48,0,0
256,49,1,19
256,50,0,0
256,51,1,11
256,52,0,0
256,53,0,0
256,54,0,0
256,55,0,0
256,56,0,0
256,57,0,0
256,58,0,0
256,59,0,0
256,60,0,0
256,61,0,0
256,62,0,0
256,63,0,0
256,64,0,0
256,65,0,0
256,66,0,0
256,67,0,0
256,68,0,115
256,69,0,0
256,70,0,0
256,71,0,0
256,72,0,0
256,73,0,0
256,74,0,0
256,75,0,0
256,76,0,0
256,77,0,0
256,78,0,0
256,79,0,0
256,80,0,0
256,81,0,0
256,82,0,0
256,83,0,0
256,84,0,0
256,85,0,0
256,86,3,79
256,87,0,0
256,88,0,0
256,89,0,0
256,90,9,5
256,91,0,0
256,92,0,0
256,93,2,41
256,94,0,0
256,95,0,0
256,96,0,0
256,97,55,19
256,98,36,0
256,99,0,0
256,100,97,0
256,101,0,0
256,102,0,0
256,103,76,38
256,104,2,71
256,105,1,12
256,106,32,54
256,107,112,38
256,108,8,0
256,109,5,0
256,110,65,8
256,111,41,4
256,112,0,19
256,113,0,0
256,114,0,0
256,115,0,0
256,116,0,0
256,117,0,17
256,118,0,0
256,119,0,0
257,1,0,0
257,2,4,4
257,3,15,7
257,4,0,0
257,5,0,0
257,6,0,0
257,7,0,0
257,8,0,0
257,9,0,0
257,10,0,0
257,11,0,0
257,12,0,0
257,13,0,0
257,14,0,0
257,15,0,0
257,16,1,28
257,17,0,0
257,18,2,0
257,19,0,0
257,20,0,0
257,21,0,0
257,22,56,48
257,23,40,53
257,24,4,35
257,25,0,0
257,26,0,0
257,27,0,0
257,28,0,0
257,29,0,0
257,30,0,0
257,31,1,0
257,32,0,0
257,33,0,0
257,34,3,0
257,35,0,0
257,36,0,0
257,37,2,19
257,38,0,0
257,39,0,0
257,40,91,35
257,41,0,0
257,42,1,21
257,43,0,0
257,44,1,21
257,45,115,47
257,46,0,0
257,47,107,43
257,48,0,0
257,49,0,0
257,50,0,0
257,51,0,0
257,52,0,0
257,53,0,0
257,54,0,0
257,55,0,0
257,56,0,0
257,57,0,0
257,58,0,0
257,59,0,0
257,60,0,0
257,61,0,0
257,62,36,61
257,63,0,0
257,64,0,0
257,65,55,59
257,66,8,57
257,67,0,0
257,68,0,0
257,69,0,0
257,70,0,0
257,71,0,34
257,72,0,0
257,73,0,0
257,74,0,0
257,75,0,0
257,76,0,0
257,77,0,0
257,78,3,27
257,79,0,0
257,80,0,0
257,81,0,0
257,82,0,121
257,83,0,0
257,84,0,0
257,85,0,0
257,86,0,0
257,87,0,0
257,88,0,0
257,89,0,0
257,90,0,0
257,91,2,48
257,92,0,0
257,93,0,0
257,94,0,0
257,95,35,11
257,96,58,53
257,97,140,0
257,98,67,22
257,99,39,38
257,100,2,59
257,101,3,11
257,102,44,47
257,103,5,0
257,104,1,0
257,105,88,103
257,106,6,0
257,107,16,49
257,108,58,11
257,109,42,6
257,110,0,0
257,111,0,0
257,112,0,0
257,113,0,0
257,114,0,2
257,115,0,14
258,1,4,4
258,2,0,0
258,3,19,9
258,4,8,8
258,5,0,0
258,6,0,0
258,7,0,0
258,8,0,0
258,9,0,0
258,10,0,0
258,11,0,0
258,12,0,0
258,13,0,0
258,14,0,0
258,15,0,0
258,16,47,49
258,17,0,0
258,18,0,0
258,19,3,44
258,20,0,0
258,21,34,45
258,22,0,0
258,23,1,70
258,24,0,0
258,25,0,0
258,26,0,0
258,27,1,0
258,28,0,0
258,29,6,0
258,30,3,12
258,31,0,0
258,32,0,0
258,33,0,0
258,34,0,0
258,35,0,0
258,36,0,0
258,37,0,0
258,38,0,0
258,39,0,0
258,40,0,0
258,41,0,0
258,42,9,74
258,43,0,0
258,44,8,51
258,45,0,0
258,46,0,0
258,47,1,41
258,48,0,0
258,49,0,0
258,50,0,0
258,51,0,0
258,52,0,0
258,53,0,0
258,54,0,0
258,55,0,0
258,56,1,20
258,57,3,49
258,58,0,0
258,59,0,0
258,60,0,0
258,61,87,54
258,62,0,0
258,63,0,0
258,64,0,0
258,65,150,0
258,66,46,3
258,67,80,1
258,68,133,5
258,69,90,36
258,70,2,8
258,71,1,54
258,72,76,71
258,73,4,0
258,74,3,0
258,75,99,105
258,76,3,0
258,77,9,51
258,78,38,47
258,79,21,0
258,80,0,0
258,81,14,0
258,82,12,0
258,83,37,7
258,84,0,19
258,85,0,28
258,86,0,41
258,87,0,0
258,88,0,0
258,89,0,0
258,90,0,0
259,1,0,0
259,2,0,0
259,3,0,0
259,4,0,0
259,5,0,0
259,6,11,10
259,7,0,0
259,8,0,0
259,9,0,0
259,10,0,0
259,11,0,0
259,12,0,0
259,13,0,0
259,14,0,0
259,15,0,0
259,16,0,0
259,17,0,0
259,18,0,0
259,19,0,0
259,20,0,0
259,21,0,0
259,22,0,0
259,23,0,0
259,24,0,0
259,25,0,0
259,26,9,21
259,27,0,0
259,28,0,0
259,29,5,0
259,30,0,0
259,31,0,0
259,32,0,0
259,33,0,0
259,34,0,0
259,35,0,0
259,36,0,0
259,37,0,0
259,38,0,0
259,39,7,66
259,40,0,0
259,41,1,39
259,42,0,0
259,43,0,0
259,44,0,0
259,45,0,0
259,46,0,0
259,47,0,0
259,48,0,0
259,49,0,0
259,50,0,0
259,51,0,125
259,52,0,0
259,53,0,0
259,54,0,0
259,55,1,14
259,56,73,130
259,57,2,56
259,58,0,0
259,59,0,0
259,60,0,0
259,61,0,0
259,62,0,0
259,63,0,0
259,64,13,4
259,65,26,1
259,66,15,21
259,67,105,37
259,68,0,7
259,69,0,0
259,70,1,44
259,71,79,68
259,72,94,26
259,73,2,0
259,74,4,0
259,75,63,92
259,76,4,0
259,77,25,46
259,78,36,0
259,79,12,0
259,80,3,0
259,81,2,0
259,82,4,1
259,83,40,3
259,84,0,66
259,85,0,86
259,86,0,0
259,87,0,0
260,1,0,0
260,2,0,0
260,3,0,0
260,4,0,0
260,5,13,11
260,6,0,0
260,7,0,0
260,8,0,0
260,9,0,0
260,10,0,0
260,11,0,0
260,12,0,0
260,13,0,0
260,14,0,0
260,15,1,31
260,16,2,0
260,17,0,0
260,18,0,0
260,19,0,0
260,20,0,0
260,21,0,0
260,22,0,0
260,23,0,0
260,24,2,0
260,25,0,0
260,26,0,0
260,27,0,0
260,28,0,0
260,29,0,0
260,30,0,0
260,31,0,0
260,32,0,0
260,33,0,0
260,34,0,0
260,35,1,51
260,36,0,0
260,37,4,27
260,38,0,0
260,39,0,0
260,40,0,0
260,41,0,0
260,42,0,0
260,43,0,0
260,44,0,0
260,45,0,0
260,46,0,0
260,47,0,0
260,48,0,0
260,49,0,0
260,50,0,0
260,51,0,0
260,52,0,0
260,53,0,0
260,54,0,0
260,55,0,0
260,56,1,80
260,57,0,0
260,58,0,0
260,59,0,0
260,60,0,0
260,61,0,0
260,62,0,0
260,63,0,0
260,64,0,0
260,65,2,9
260,66,144,62
260,67,0,7
260,68,1,38
260,69,70,50
260,70,1,0
260,71,128,92
260,72,3,0
260,73,13,35
260,74,20,56
260,75,4,0
260,76,32,0
260,77,23,0
260,78,41,8
260,79,0,61
260,80,0,55
260,81,0,0
260,82,0,29
260,83,0,0
260,84,0,0
261,1,0,0
261,2,6,0
261,3,0,0
261,4,0,0
261,5,0,0
261,6,0,0
261,7,0,0
261,8,0,0
261,9,0,0
261,10,0,0
261,11,0,0
261,12,0,0
261,13,0,0
261,14,0,0
261,15,0,0
261,16,0,0
261,17,0,0
261,18,0,0
261,19,0,0
261,20,0,0
261,21,0,0
261,22,1,0
261,23,0,0
261,24,0,0
261,25,3,0
261,26,0,0
261,27,0,0
261,28,0,0
261,29,0,0
261,30,0,0
261,31,0,0
261,32,0,0
261,33,0,0
261,34,0,0
261,35,0,0
261,36,0,0
261,37,0,0
261,38,0,0
261,39,0,0
261,40,0,0
261,41,0,0
261,42,0,0
261,43,0,0
261,44,0,0
261,45,5,15
261,46,5,69
261,47,0,0
261,48,0,0
261,49,0,0
261,50,0,0
261,51,0,0
261,52,0,0
261,53,0,0
261,54,0,0
261,55,0,0
261,56,0,0
261,57,0,0
261,58,0,0
261,59,0,0
261,60,0,0
261,61,0,0
261,62,0,0
261,63,0,0
261,64,0,0
261,65,22,101
261,66,0,0
261,67,0,0
261,68,0,0
261,69,0,26
261,70,0,0
261,71,0,0
261,72,0,0
261,73,7,3
261,74,0,0
261,75,0,0
261,76,0,0
261,77,0,0
261,78,0,0
261,79,93,45
261,80,0,0
261,81,0,0
261,82,208,4
261,83,0,0
261,84,4,9
261,85,180,75
261,86,0,6
261,87,1,36
261,88,2,0
261,89,3,0
261,90,146,103
261,91,339,1
261,92,3,0
261,93,7,0
261,94,39,0
261,95,10,24
261,96,49,2
261,97,4,8
261,98,0,92
261,99,0,70
261,100,0,0
261,101,0,6
261,102,0,0
261,103,0,0
262,1,0,0
262,2,0,0
262,3,0,0
262,4,0,0
262,5,0,0
262,6,0,0
262,7,0,0
262,8,0,0
262,9,0,0
262,10,0,0
262,11,0,0
262,12,0,0
262,13,0,0
262,14,0,0
262,15,0,0
262,16,0,0
262,17,0,0
262,18,0,0
262,19,0,0
262,20,0,0
262,21,0,0
262,22,0,0
262,23,0,0
262,24,0,0
262,25,0,0
262,26,0,0
262,27,1,0
262,28,0,64
262,29,0,0
262,30,0,0
262,31,0,0
262,32,3,0
262,33,0,0
262,34,0,0
262,35,0,0
262,36,0,0
262,37,0,0
262,38,0,0
262,39,0,0
262,40,0,0
262,41,0,0
262,42,0,0
262,43,0,0
262,44,1,0
262,45,0,0
262,46,0,0
262,47,0,0
262,48,0,0
262,49,0,0
262,50,0,0
262,51,0,0
262,52,3,0
262,53,21,45
262,54,0,0
262,55,7,27
262,56,1,43
262,57,0,0
262,58,0,0
262,59,1,53
262,60,0,0
262,61,85,61
262,62,0,0
262,63,0,0
262,64,0,0
262,65,0,0
262,66,0,0
262,67,93,95
262,68,2,0
262,69,0,0
262,70,0,0
262,71,1,50
262,72,0,0
262,73,0,0
262,74,0,0
262,75,0,0
262,76,0,0
262,77,0,0
262,78,0,0
262,79,0,0
262,80,19,109
262,81,0,23
262,82,0,0
262,83,0,0
262,84,1,22
262,85,0,0
262,86,0,0
262,87,0,0
262,88,14,1
262,89,0,0
262,90,0,0
262,91,0,0
262,92,0,0
262,93,0,0
262,94,0,0
262,95,0,0
262,96,0,0
262,97,20,1
262,98,10,15
262,99,6,9
262,100,45,24
262,101,42,20
262,102,0,8
262,103,47,21
262,104,2,37
262,105,12,38
262,106,9,16
262,107,3,0
262,108,135,77
262,109,2,0
262,110,16,46
262,111,5,0
262,112,16,0
262,113,3,0
262,114,59,5
262,115,0,104
262,116,0,0
262,117,0,0
262,118,0,0
262,119,0,0
262,120,0,0
263,1,0,0
263,2,0,0
263,3,0,0
263,4,0,0
263,5,0,0
263,6,0,0
263,7,0,0
263,8,0,4
263,9,0,0
263,10,0,0
263,11,0,0
263,12,0,0
263,13,0,0
263,14,0,0
263,15,0,0
263,16,0,0
263,17,0,0
263,18,0,0
263,19,0,0
263,20,0,0
263,21,0,0
263,22,0,0
263,23,0,0
263,24,0,0
263,25,0,15
263,26,0,0
263,27,0,0
263,28,0,21
263,29,0,0
263,30,0,0
263,31,0,0
263,32,0,0
263,33,0,0
263,34,0,0
263,35,0,0
263,36,0,0
263,37,0,0
263,38,0,0
263,39,0,0
263,40,0,0
263,41,0,0
263,42,0,0
263,43,1,0
263,44,0,0
263,45,0,0
263,46,0,0
263,47,1,0
263,48,0,0
263,49,0,0
263,50,0,0
263,51,0,0
263,52,0,0
263,53,0,0
263,54,0,0
263,55,0,0
263,56,0,0
263,57,0,0
263,58,0,0
263,59,0,0
263,60,0,0
263,61,0,0
263,62,75,58
263,63,0,0
263,64,0,0
263,65,0,0
263,66,32,18
263,67,77,43
263,68,0,0
263,69,0,0
263,70,0,0
263,71,0,0
263,72,0,0
263,73,6,12
263,74,0,0
263,75,0,0
263,76,4,34
263,77,1,32
263,78,0,20
263,79,0,0
263,80,0,0
263,81,0,0
263,82,0,0
263,83,0,0
263,84,15,15
263,85,84,23
263,86,2,21
263,87,0,0
263,88,0,0
263,89,0,0
263,90,0,0
263,91,0,0
263,92,2,0
263,93,0,0
263,94,0,0
263,95,0,0
263,96,1,52
263,97,0,0
263,98,0,0
263,99,0,0
263,100,0,0
263,101,0,0
263,102,0,0
263,103,0,0
263,104,129,128
263,105,0,0
263,106,0,0
263,107,0,0
263,108,0,0
263,109,0,0
263,110,0,0
263,111,0,0
263,112,0,0
263,113,0,0
263,114,0,0
263,115,0,0
263,116,0,0
263,117,18,0
263,118,0,0
263,119,0,0
263,120,0,0
263,121,0,0
263,122,0,0
263,123,0,0
263,124,0,0
263,125,0,0
263,126,7,12
263,127,0,5
263,128,0,47
263,129,48,63
263,130,2,0
263,131,3,0
263,132,16,52
263,133,122,81
263,134,0,0
263,135,4,0
263,136,2,0
263,137,68,18
263,138,0,0
263,139,0,105
263,140,0,72
263,141,0,0
263,142,0,0
263,143,0,0
263,144,0,0
264,1,0,0
264,2,0,0
264,3,0,0
264,4,0,5
264,5,0,0
264,6,0,0
264,7,0,0
264,8,0,0
264,9,0,0
264,10,0,0
264,11,0,0
264,12,0,0
264,13,0,0
264,14,0,0
264,15,0,0
264,16,0,0
264,17,0,12
264,18,0,0
264,19,0,0
264,20,0,0
264,21,0,25
264,22,0,0
264,23,0,0
264,24,0,0
264,25,0,0
264,26,0,0
264,27,0,0
264,28,0,0
264,29,0,0
264,30,0,0
264,31,0,0
264,32,0,0
264,33,0,0
264,34,0,0
264,35,0,0
264,36,0,0
264,37,0,0
264,38,0,0
264,39,0,0
264,40,0,0
264,41,0,0
264,42,0,0
264,43,0,0
264,44,1,0
264,45,0,0
264,46,0,0
264,47,0,0
264,48,1,0
264,49,0,0
264,50,0,0
264,51,0,0
264,52,0,0
264,53,0,0
264,54,0,0
264,55,0,0
264,56,0,0
264,57,0,0
264,58,0,0
264,59,0,0
264,60,0,0
264,61,0,0
264,62,0,0
264,63,6,12
264,64,0,0
264,65,0,0
264,66,0,36
264,67,0,0
264,68,0,0
264,69,0,0
264,70,0,0
264,71,0,0
264,72,0,0
264,73,0,0
264,74,0,0
264,75,0,0
264,76,0,20
264,77,103,39
264,78,3,21
264,79,0,0
264,80,0,0
264,81,0,0
264,82,4,0
264,83,0,0
264,84,0,0
264,85,0,0
264,86,0,0
264,87,0,0
264,88,0,0
264,89,0,0
264,90,0,0
264,91,0,0
264,92,0,0
264,93,0,0
264,94,0,0
264,95,0,0
264,96,0,0
264,97,0,0
264,98,0,0
264,99,0,0
264,100,0,0
264,101,0,0
264,102,0,0
264,103,0,0
264,104,0,0
264,105,25,6
264,106,20,0
264,107,0,0
264,108,0,0
264,109,0,0
264,110,0,0
264,111,0,0
264,112,0,0
264,113,7,12
264,114,2,0
264,115,2,5
264,116,1,0
264,117,1,38
264,118,47,69
264,119,0,0
264,120,110,97
264,121,0,0
264,122,0,0
264,123,2,0
264,124,53,12
264,125,9,35
264,126,4,19
264,127,23,41
264,128,0,93
264,129,0,0
264,130,0,70
264,131,0,0
264,132,0,0
265,1,0,0
265,2,0,0
265,3,0,0
265,4,0,0
265,5,0,0
265,6,0,0
265,7,0,0
265,8,0,0
265,9,0,0
265,10,0,0
265,11,0,0
265,12,0,0
265,13,0,0
265,14,0,0
265,15,0,0
265,16,0,0
265,17,0,0
265,18,0,0
265,19,0,0
265,20,0,0
265,21,0,0
265,22,0,0
265,23,0,0
265,24,0,0
265,25,0,0
265,26,0,0
265,27,0,0
265,28,0,0
265,29,0,0
265,30,0,0
265,31,0,0
265,32,0,0
265,33,0,0
265,34,0,0
265,35,0,0
265,36,0,0
265,37,0,0
265,38,0,0
265,39,0,0
265,40,0,0
265,41,0,0
265,42,0,0
265,43,0,0
265,44,0,0
265,45,0,0
265,46,0,0
265,47,0,0
265,48,2,0
265,49,0,0
265,50,0,0
265,51,0,0
265,52,66,8
265,53,0,0
265,54,0,0
265,55,7,68
265,56,0,0
265,57,0,0
265,58,3,0
265,59,0,0
265,60,0,0
265,61,0,0
265,62,24,26
265,63,0,0
265,64,25,42
265,65,0,0
265,66,0,38
265,67,0,0
265,68,24,30
265,69,0,0
265,70,0,0
265,71,3,24
265,72,0,0
265,73,1,0
265,74,0,0
265,75,91,38
265,76,0,0
265,77,0,0
265,78,0,0
265,79,0,0
265,80,41,28
265,81,0,0
265,82,1,25
265,83,0,0
265,84,0,0
265,85,3,1
265,86,0,0
265,87,162,35
265,88,0,0
265,89,0,0
265,90,0,0
265,91,0,0
265,92,1,7
265,93,0,0
265,94,0,0
265,95,0,0
265,96,0,0
265,97,0,0
265,98,0,0
265,99,0,0
265,100,0,0
265,101,0,0
265,102,0,0
265,103,0,0
265,104,0,0
265,105,0,0
265,106,0,0
265,107,4,3
265,108,0,0
265,109,0,0
265,110,0,0
265,111,23,5
265,112,23,0
265,113,0,0
265,114,0,0
265,115,0,0
265,116,0,0
265,117,0,0
265,118,0,0
265,119,0,0
265,120,0,0
265,121,12,6
265,122,0,1
265,123,2,6
265,124,1,0
265,125,1,29
265,126,1,15
265,127,15,21
265,128,65,76
265,129,101,90
265,130,21,41
265,131,1,0
265,132,1,0
265,133,1,0
265,134,26,4
265,135,19,63
265,136,18,3
265,137,33,8
265,138,0,110
265,139,0,0
265,140,0,85
265,141,0,0
265,142,0,0
265,143,0,0
266,1,0,0
266,2,0,0
266,3,0,0
266,4,0,0
266,5,0,5
266,6,0,0
266,7,0,0
266,8,0,0
266,9,0,0
266,10,0,0
266,11,0,0
266,12,0,0
266,13,0,0
266,14,0,0
266,15,0,0
266,16,0,0
266,17,0,0
266,18,0,0
266,19,0,0
266,20,0,0
266,21,0,0
266,22,0,0
266,23,0,0
266,24,0,0
266,25,0,0
266,26,0,0
266,27,0,0
266,28,0,0
266,29,0,0
266,30,0,0
266,31,0,0
266,32,0,0
266,33,0,0
266,34,0,0
266,35,0,0
266,36,0,0
266,37,0,0
266,38,0,0
266,39,0,0
266,40,0,0
266,41,0,0
266,42,0,0
266,43,0,0
266,44,0,0
266,45,0,0
266,46,0,0
266,47,0,0
266,48,0,0
266,49,0,0
266,50,0,0
266,51,0,0
266,52,0,0
266,53,0,0
266,54,0,0
266,55,0,0
266,56,0,0
266,57,0,0
266,58,0,0
266,59,0,0
266,60,0,0
266,61,0,0
266,62,0,0
266,63,0,0
266,64,0,0
266,65,0,0
266,66,1,0
266,67,0,0
266,68,87,20
266,69,0,0
266,70,6,63
266,71,0,0
266,72,0,0
266,73,0,0
266,74,45,23
266,75,2,0
266,76,5,0
266,77,0,0
266,78,0,0
266,79,23,27
266,80,0,0
266,81,0,0
266,82,0,0
266,83,2,25
266,84,0,0
266,85,0,0
266,86,0,0
266,87,0,0
266,88,0,0
266,89,0,0
266,90,1,16
266,91,2,9
266,92,0,0
266,93,0,0
266,94,0,0
266,95,0,0
266,96,3,1
266,97,0,0
266,98,41,10
266,99,143,25
266,100,0,0
266,101,0,0
266,102,0,0
266,103,0,0
266,104,0,0
266,105,0,0
266,106,1,7
266,107,0,0
266,108,0,0
266,109,0,0
266,110,0,0
266,111,0,0
266,112,0,0
266,113,0,0
266,114,0,3
266,115,0,0
266,116,0,0
266,117,0,0
266,118,0,0
266,119,0,0
266,120,0,0
266,121,0,0
266,122,0,0
266,123,0,0
266,124,0,0
266,125,0,0
266,126,0,0
266,127,0,0
266,128,10,0
266,129,0,0
266,130,0,0
266,131,0,0
266,132,0,0
266,133,0,0
266,134,0,0
266,135,0,0
266,136,0,0
266,137,0,0
266,138,0,0
266,139,0,0
266,140,19,12
266,141,1,2
266,142,2,4
266,143,0,0
266,144,1,30
266,145,65,63
266,146,8,0
266,147,0,0
266,148,0,0
266,149,95,118
266,150,0,0
266,151,22,50
266,152,3,0
266,153,3,0
266,154,0,0
266,155,3,0
266,156,31,21
266,157,40,5
266,158,0,107
266,159,0,0
266,160,0,0
266,161,0,0
266,162,0,0
267,1,0,0
267,2,0,0
267,3,0,0
267,4,0,0
267,5,0,0
267,6,0,0
267,7,0,3
267,8,0,0
267,9,0,0
267,10,0,0
267,11,0,0
267,12,0,0
267,13,18,6
267,14,0,0
267,15,0,0
267,16,0,0
267,17,0,0
267,18,0,0
267,19,0,0
267,20,0,0
267,21,0,0
267,22,0,0
267,23,0,0
267,24,0,0
267,25,0,0
267,26,0,0
267,27,0,0
267,28,0,0
267,29,0,0
267,30,0,0
267,31,0,0
267,32,0,0
267,33,0,0
267,34,0,0
267,35,0,0
267,36,0,0
267,37,0,0
267,38,0,0
267,39,0,0
267,40,0,0
267,41,0,0
267,42,0,0
267,43,0,0
267,44,0,0
267,45,0,0
267,46,0,0
267,47,0,0
267,48,0,0
267,49,0,0
267,50,0,0
267,51,0,0
267,52,0,0
267,53,0,0
267,54,0,0
267,55,1,0
267,56,0,0
267,57,0,0
267,58,0,0
267,59,0,0
267,60,0,0
267,61,0,0
267,62,0,0
267,63,0,0
267,64,0,0
267,65,2,38
267,66,0,0
267,67,0,0
267,68,0,0
267,69,0,0
267,70,103,25
267,71,0,0
267,72,3,61
267,73,0,0
267,74,0,0
267,75,67,14
267,76,2,0
267,77,2,0
267,78,0,0
267,79,0,0
267,80,2,0
267,81,0,0
267,82,2,0
267,83,0,0
267,84,2,0
267,85,44,18
267,86,0,0
267,87,0,0
267,88,0,0
267,89,8,16
267,90,0,0
267,91,0,0
267,92,7,8
267,93,31,84
267,94,0,0
267,95,0,0
267,96,1,10
267,97,5,6
267,98,0,42
267,99,0,0
267,100,0,0
267,101,10,35
267,102,0,0
267,103,0,0
267,104,0,0
267,105,2,2
267,106,8,105
267,107,34,9
267,108,127,23
267,109,0,0
267,110,0,0
267,111,0,0
267,112,0,0
267,113,0,0
267,114,0,0
267,115,0,0
267,116,1,7
267,117,0,0
267,118,0,0
267,119,0,0
267,120,0,0
267,121,0,0
267,122,0,3
267,123,0,0
267,124,0,0
267,125,0,0
267,126,1,3
267,127,0,0
267,128,0,0
267,129,0,0
267,130,0,0
267,131,0,0
267,132,0,0
267,133,0,0
267,134,17,0
267,135,0,0
267,136,0,0
267,137,0,0
267,138,0,0
267,139,0,0
267,140,0,0
267,141,0,0
267,142,0,0
267,143,0,0
267,144,0,0
267,145,0,0
267,146,0,0
267,147,0,0
267,148,0,0
267,149,21,7
267,150,2,3
267,151,0,0
267,152,2,17
267,153,54,62
267,154,0,0
267,155,6,0
267,156,0,0
267,157,0,0
267,158,0,0
267,159,68,128
267,160,0,0
267,161,31,61
267,162,8,0
267,163,2,0
267,164,26,0
267,165,0,0
267,166,0,0
267,167,0,0
267,168,0,0
267,169,0,0
268,1,0,0
268,2,0,0
268,3,0,0
268,4,0,0
268,5,0,0
268,6,0,0
268,7,0,0
268,8,0,0
268,9,0,0
268,10,0,0
268,11,0,0
268,12,0,4
268,13,0,0
268,14,0,0
268,15,0,0
268,16,0,0
268,17,0,0
268,18,0,0
268,19,0,0
268,20,0,0
268,21,0,0
268,22,0,0
268,23,0,0
268,24,0,0
268,25,0,0
268,26,0,0
268,27,0,0
268,28,0,0
268,29,0,0
268,30,0,0
268,31,0,0
268,32,0,0
268,33,0,0
268,34,0,0
268,35,0,0
268,36,0,0
268,37,0,0
268,38,0,0
268,39,0,0
268,40,0,0
268,41,0,0
268,42,0,0
268,43,0,0
268,44,0,0
268,45,0,0
268,46,0,0
268,47,0,0
268,48,0,0
268,49,0,0
268,50,0,0
268,51,0,0
268,52,0,0
268,53,111,28
268,54,0,0
268,55,0,0
268,56,0,0
268,57,0,0
268,58,0,0
268,59,0,0
268,60,0,0
268,61,0,0
268,62,0,0
268,63,0,0
268,64,0,0
268,65,0,0
268,66,0,0
268,67,0,0
268,68,0,0
268,69,129,70
268,70,0,0
268,71,0,0
268,72,4,0
268,73,0,0
268,74,0,0
268,75,0,0
268,76,0,0
268,77,0,0
268,78,0,0
268,79,0,0
268,80,0,0
268,81,0,0
268,82,0,0
268,83,0,0
268,84,0,0
268,85,0,0
268,86,0,0
268,87,0,0
268,88,0,0
268,89,2,0
268,90,0,0
268,91,0,0
268,92,0,0
268,93,63,5
268,94,5,0
268,95,0,0
268,96,0,0
268,97,3,0
268,98,34,6
268,99,0,0
268,100,0,0
268,101,0,0
268,102,43,88
268,103,0,0
268,104,0,0
268,105,0,0
268,106,0,0
268,107,0,0
268,108,0,0
268,109,0,0
268,110,9,47
268,111,0,0
268,112,0,0
268,113,4,0
268,114,1,55
268,115,140,28
268,116,15,69
268,117,0,19
268,118,0,0
268,119,0,0
268,120,0,0
268,121,0,0
268,122,0,0
268,123,0,0
268,124,146,88
268,125,0,0
268,126,0,0
268,127,0,0
268,128,0,6
268,129,0,0
268,130,0,0
268,131,0,0
268,132,0,0
268,133,22,0
268,134,0,0
268,135,0,0
268,136,0,0
268,137,0,0
268,138,0,0
268,139,0,0
268,140,0,0
268,141,0,0
268,142,0,0
268,143,0,0
268,144,67,0
268,145,0,0
268,146,0,0
268,147,101,13
268,148,0,0
268,149,25,7
268,150,1,4
268,151,0,17
268,152,11,15
268,153,0,0
268,154,3,0
268,155,72,151
268,156,23,36
268,157,0,0
268,158,0,0
268,159,61,5
268,160,3,1
268,161,22,27
268,162,8,0
268,163,10,19
268,164,44,22
268,165,0,24
268,166,0,0
268,167,0,0
268,168,0,0
268,169,0,0
268,170,0,101
268,171,0,0
268,172,0,0
268,173,0,0
268,174,0,0
269,1,0,0
269,2,0,0
269,3,0,0
269,4,0,0
269,5,0,0
269,6,0,0
269,7,0,0
269,8,0,0
269,9,0,0
269,10,0,0
269,11,0,0
269,12,0,0
269,13,0,0
269,14,0,0
269,15,0,0
269,16,0,0
269,17,0,0
269,18,0,0
269,19,0,0
269,20,0,0
269,21,0,0
269,22,0,0
269,23,0,0
269,24,0,0
269,25,0,0
269,26,0,0
269,27,0,0
269,28,0,0
269,29,0,0
269,30,0,0
269,31,0,0
269,32,0,0
269,33,0,0
269,34,0,0
269,35,0,0
269,36,0,0
269,37,0,0
269,38,0,0
269,39,0,0
269,40,0,0
269,41,0,0
269,42,0,0
269,43,0,0
269,44,0,0
269,45,0,0
269,46,0,0
269,47,0,0
269,48,0,0
269,49,0,0
269,50,0,0
269,51,0,0
269,52,0,0
269,53,0,0
269,54,0,0
269,55,0,0
269,56,0,0
269,57,0,0
269,58,0,0
269,59,0,0
269,60,0,0
269,61,0,0
269,62,0,0
269,63,0,0
269,64,0,0
269,65,0,0
269,66,0,0
269,67,0,0
269,68,0,0
269,69,0,0
269,70,0,0
269,71,0,0
269,72,0,0
269,73,0,0
269,74,0,0
269,75,0,0
269,76,0,0
269,77,0,0
269,78,0,0
269,79,0,0
269,80,0,0
269,81,0,61
269,82,6,0
269,83,0,0
269,84,0,0
269,85,0,0
269,86,0,0
269,87,0,0
269,88,0,0
269,89,0,0
269,90,3,0
269,91,0,0
269,92,0,0
269,93,0,0
269,94,0,0
269,95,0,0
269,96,0,0
269,97,9,0
269,98,66,8
269,99,0,0
269,100,0,0
269,101,3,0
269,102,0,0
269,103,32,6
269,104,0,0
269,105,90,47
269,106,0,0
269,107,0,0
269,108,0,0
269,109,0,0
269,110,0,0
269,111,13,22
269,112,0,0
269,113,0,0
269,114,0,0
269,115,15,65
269,116,0,0
269,117,1,67
269,118,0,0
269,119,0,0
269,120,0,0
269,121,0,0
269,122,3,0
269,123,1,31
269,124,1,18
269,125,22,63
269,126,0,0
269,127,0,0
269,128,180,86
269,129,0,0
269,130,0,0
269,131,0,0
269,132,0,0
269,133,0,0
269,134,38,75
269,135,0,0
269,136,0,0
269,137,0,0
269,138,0,0
269,139,0,0
269,140,0,5
269,141,0,0
269,142,0,0
269,143,1,36
269,144,0,0
269,145,0,0
269,146,0,0
269,147,0,0
269,148,0,0
269,149,12,0
269,150,21,0
269,151,0,0
269,152,0,0
269,153,0,0
269,154,0,0
269,155,0,0
269,156,0,0
269,157,0,0
269,158,0,0
269,159,0,0
269,160,0,0
269,161,0,0
269,162,68,0
269,163,0,0
269,164,17,0
269,165,0,0
269,166,16,1
269,167,0,0
269,168,0,0
269,169,105,20
269,170,0,0
269,171,36,8
269,172,0,0
269,173,1,19
269,174,14,20
269,175,0,0
269,176,0,0
269,177,28,14
269,178,0,0
269,179,9,2
269,180,18,41
269,181,5,0
269,182,0,0
269,183,0,0
269,184,27,18
269,185,0,78
269,186,0,0
269,187,0,0
269,188,0,0
269,189,0,0
269,190,0,62
269,191,0,55
269,192,0,0
269,193,0,0
269,194,0,0
269,195,0,0
269,196,0,119
269,197,0,0
269,198,0,0
270,1,1,0
270,2,0,0
270,3,0,0
270,4,0,0
270,5,0,0
270,6,0,0
270,7,0,0
270,8,0,0
270,9,0,0
270,10,0,0
270,11,0,0
270,12,0,0
270,13,0,0
270,14,0,0
270,15,0,0
270,16,0,0
270,17,0,0
270,18,0,0
270,19,0,0
270,20,0,0
270,21,0,0
270,22,0,0
270,23,0,0
270,24,0,0
270,25,0,0
270,26,0,0
270,27,0,0
270,28,0,0
270,29,0,0
270,30,0,0
270,31,0,0
270,32,0,0
270,33,0,0
270,34,0,0
270,35,0,0
270,36,0,0
270,37,0,0
270,38,0,0
270,39,0,0
270,40,0,0
270,41,0,0
270,42,0,0
270,43,0,0
270,44,0,0
270,45,0,0
270,46,0,0
270,47,0,0
270,48,0,0
270,49,0,0
270,50,0,0
270,51,0,0
270,52,0,0
270,53,0,0
270,54,0,0
270,55,0,0
270,56,0,0
270,57,0,0
270,58,0,0
270,59,0,0
270,60,0,0
270,61,0,0
270,62,0,0
270,63,0,0
270,64,0,0
270,65,0,0
270,66,0,0
270,67,0,0
270,68,0,0
270,69,0,0
270,70,0,0
270,71,0,0
270,72,0,0
270,73,0,0
270,74,0,20
270,75,0,0
270,76,0,0
270,77,0,0
270,78,0,0
270,79,57,0
270,80,0,0
270,81,0,0
270,82,0,0
270,83,0,0
270,84,0,0
270,85,0,0
270,86,1,61
270,87,0,0
270,88,0,0
270,89,0,0
270,90,0,0
270,91,0,0
270,92,0,0
270,93,0,0
270,94,6,0
270,95,0,0
270,96,0,0
270,97,0,0
270,98,0,0
270,99,20,0
270,100,0,0
270,101,0,0
270,102,0,0
270,103,0,0
270,104,0,0
270,105,3,0
270,106,0,0
270,107,0,0
270,108,0,0
270,109,0,0
270,110,13,28
270,111,0,0
270,112,19,61
270,113,2,80
270,114,0,0
270,115,0,0
270,116,0,0
270,117,0,0
270,118,2,0
270,119,0,0
270,120,3,25
270,121,0,0
270,122,0,0
270,123,0,0
270,124,33,34
270,125,0,0
270,126,161,87
270,127,0,0
270,128,0,0
270,129,0,0
270,130,47,81
270,131,0,0
270,132,0,0
270,133,0,0
270,134,16,47
270,135,0,0
270,136,1,5
270,137,0,0
270,138,0,0
270,139,0,0
270,140,0,0
270,141,0,0
270,142,23,0
270,143,23,0
270,144,0,0
270,145,0,0
270,146,0,0
270,147,0,0
270,148,0,0
270,149,0,0
270,150,0,0
270,151,0,0
270,152,0,0
270,153,0,0
270,154,0,0
270,155,58,1
270,156,0,0
270,157,36,1
270,158,0,0
270,159,103,22
270,160,35,11
270,161,0,0
270,162,4,1
270,163,0,0
270,164,0,0
270,165,0,0
270,166,6,0
270,167,0,1
270,168,0,99
270,169,0,0
270,170,0,0
270,171,0,0
270,172,0,0
271,1,0,0
271,2,0,0
271,3,0,0
271,4,0,0
271,5,0,0
271,6,0,0
271,7,0,0
271,8,0,0
271,9,0,0
271,10,0,0
271,11,0,0
271,12,0,0
271,13,0,0
271,14,0,0
271,15,0,0
271,16,0,0
271,17,0,0
271,18,0,0
271,19,0,0
271,20,0,0
271,21,0,0
271,22,0,0
271,23,0,0
271,24,0,0
271,25,0,0
271,26,0,0
271,27,0,0
271,28,0,0
271,29,0,0
271,30,0,0
271,31,0,0
271,32,0,0
271,33,0,0
271,34,0,0
271,35,0,0
271,36,0,0
271,37,0,0
271,38,0,0
271,39,0,0
271,40,0,0
271,41,0,0
271,42,0,0
271,43,0,0
271,44,0,0
271,45,0,0
271,46,0,0
271,47,0,0
271,48,0,0
271,49,0,0
271,50,0,0
271,51,0,0
271,52,0,0
271,53,0,0
271,54,0,0
271,55,0,0
271,56,0,0
271,57,0,0
271,58,0,0
271,59,0,0
271,60,0,0
271,61,0,0
271,62,0,0
271,63,0,0
271,64,0,0
271,65,0,0
271,66,1,44
271,67,0,0
271,68,0,18
271,69,0,0
271,70,0,0
271,71,0,0
271,72,0,0
271,73,0,0
271,74,0,0
271,75,4,0
271,76,0,0
271,77,0,0
271,78,1,57
271,79,0,0
271,80,0,0
271,81,0,0
271,82,0,0
271,83,0,0
271,84,158,16
271,85,0,0
271,86,1,0
271,87,0,0
271,88,0,0
271,89,0,0
271,90,0,0
271,91,22,0
271,92,0,0
271,93,0,0
271,94,0,0
271,95,0,0
271,96,0,0
271,97,0,0
271,98,0,0
271,99,0,0
271,100,0,0
271,101,8,105
271,102,0,0
271,103,0,0
271,104,0,0
271,105,0,0
271,106,7,20
271,107,15,59
271,108,0,0
271,109,0,0
271,110,0,0
271,111,0,0
271,112,0,0
271,113,0,0
271,114,0,0
271,115,24,51
271,116,0,0
271,117,0,0
271,118,1,16
271,119,0,0
271,120,35,41
271,121,9,45
271,122,0,23
271,123,2,4
271,124,0,0
271,125,0,0
271,126,0,0
271,127,0,0
271,128,0,0
271,129,51,0
271,130,0,0
271,131,0,0
271,132,0,0
271,133,0,0
271,134,0,0
271,135,0,0
271,136,224,55
271,137,0,0
271,138,0,0
271,139,0,0
271,140,0,0
271,141,0,0
271,142,80,6
271,143,0,0
271,144,106,27
271,145,28,14
271,146,0,0
271,147,0,0
271,148,0,0
271,149,1,10
271,150,2,0
271,151,36,127
271,152,0,0
271,153,0,0
271,154,0,97
271,155,0,41
271,156,0,0
271,157,0,0
271,158,0,0
272,1,0,0
272,2,0,0
272,3,0,0
272,4,0,0
272,5,0,0
272,6,0,0
272,7,0,0
272,8,0,0
272,9,0,0
272,10,0,0
272,11,0,0
272,12,0,0
272,13,0,0
272,14,0,0
272,15,0,0
272,16,0,0
272,17,0,0
272,18,0,0
272,19,0,0
272,20,0,0
272,21,0,0
272,22,0,0
272,23,0,0
272,24,0,0
272,25,0,0
272,26,0,0
272,27,0,0
272,28,0,0
272,29,0,0
272,30,0,0
272,31,0,0
272,32,0,0
272,33,0,0
272,34,0,0
272,35,0,0
272,36,0,0
272,37,0,0
272,38,0,0
272,39,0,0
272,40,0,0
272,41,0,0
272,42,0,0
272,43,0,0
272,44,0,0
272,45,0,0
272,46,0,0
272,47,0,0
272,48,0,0
272,49,0,0
272,50,0,0
272,51,0,0
272,52,0,0
272,53,0,0
272,54,0,0
272,55,0,0
272,56,0,0
272,57,0,0
272,58,0,0
272,59,0,0
272,60,0,0
272,61,0,0
272,62,0,0
272,63,0,0
272,64,0,0
272,65,0,0
272,66,0,0
272,67,0,0
272,68,0,1
272,69,0,0
272,70,0,0
272,71,0,0
272,72,0,0
272,73,1,50
272,74,0,16
272,75,0,0
272,76,0,0
272,77,0,0
272,78,0,0
272,79,2,0
272,80,0,0
272,81,0,0
272,82,0,0
272,83,0,0
272,84,0,0
272,85,0,0
272,86,128,18
272,87,0,0
272,88,0,0
272,89,0,0
272,90,20,0
272,91,0,0
272,92,0,0
272,93,0,0
272,94,0,0
272,95,0,0
272,96,0,0
272,97,4,0
272,98,0,0
272,99,0,0
272,100,0,0
272,101,0,21
272,102,0,0
272,103,0,0
272,104,0,0
272,105,0,0
272,106,0,0
272,107,0,0
272,108,0,0
272,109,0,0
272,110,0,0
272,111,0,0
272,112,0,0
272,113,0,0
272,114,0,0
272,115,9,24
272,116,0,0
272,117,0,0
272,118,0,0
272,119,0,0
272,120,0,0
272,121,0,0
272,122,0,0
272,123,0,0
272,124,0,0
272,125,0,0
272,126,0,0
272,127,0,0
272,128,1,18
272,129,38,65
272,130,10,17
272,131,0,23
272,132,1,2
272,133,4,36
272,134,0,0
272,135,5,7
272,136,0,0
272,137,65,0
272,138,0,0
272,139,0,0
272,140,0,0
272,141,0,0
272,142,0,0
272,143,24,0
272,144,0,0
272,145,0,0
272,146,17,0
272,147,5,5
272,148,0,0
272,149,55,3
272,150,0,0
272,151,121,26
272,152,2,0
272,153,22,16
272,154,5,1
272,155,0,0
272,156,0,0
272,157,2,11
272,158,32,82
272,159,0,0
272,160,0,0
272,161,0,106
272,162,0,0
272,163,0,123
272,164,0,11
272,165,0,0
272,166,0,0
272,167,0,24
272,168,0,0
272,169,0,0
273,1,0,0
273,2,0,0
273,3,0,0
273,4,0,0
273,5,0,0
273,6,0,0
273,7,0,0
273,8,0,0
273,9,0,0
273,10,0,0
273,11,0,0
273,12,0,0
273,13,0,0
273,14,0,0
273,15,0,0
273,16,0,0
273,17,0,0
273,18,0,0
273,19,0,0
273,20,0,0
273,21,0,0
273,22,0,0
273,23,0,0
273,24,0,0
273,25,0,0
273,26,0,0
273,27,0,0
273,28,0,0
273,29,0,0
273,30,0,0
273,31,0,0
273,32,0,0
273,33,0,0
273,34,0,0
273,35,0,0
273,36,0,0
273,37,0,0
273,38,0,0
273,39,0,0
273,40,0,0
273,41,0,0
273,42,0,0
273,43,0,0
273,44,0,0
273,45,0,0
273,46,0,0
273,47,0,0
273,48,0,0
273,49,0,0
273,50,0,0
273,51,0,0
273,52,0,0
273,53,0,0
273,54,0,0
273,55,0,0
273,56,0,0
273,57,0,0
273,58,0,1
273,59,0,0
273,60,0,0
273,61,0,0
273,62,0,0
273,63,0,18
273,64,0,0
273,65,0,0
273,66,0,0
273,67,0,0
273,68,1,0
273,69,0,0
273,70,0,0
273,71,0,0
273,72,0,0
273,73,0,0
273,74,0,0
273,75,0,0
273,76,0,0
273,77,135,18
273,78,1,0
273,79,0,0
273,80,0,0
273,81,23,0
273,82,0,0
273,83,0,0
273,84,0,0
273,85,1,0
273,86,0,0
273,87,0,0
273,88,0,0
273,89,0,0
273,90,0,0
273,91,0,0
273,92,0,0
273,93,3,0
273,94,0,0
273,95,0,0
273,96,0,0
273,97,0,0
273,98,0,0
273,99,0,22
273,100,0,0
273,101,0,0
273,102,35,95
273,103,0,0
273,104,0,0
273,105,0,0
273,106,80,114
273,107,0,0
273,108,0,0
273,109,11,26
273,110,0,0
273,111,0,0
273,112,0,0
273,113,0,0
273,114,0,0
273,115,0,0
273,116,0,0
273,117,0,0
273,118,0,0
273,119,0,0
273,120,60,87
273,121,0,0
273,122,11,53
273,123,0,0
273,124,17,0
273,125,3,6
273,126,0,0
273,127,61,0
273,128,44,0
273,129,0,0
273,130,0,0
273,131,0,0
273,132,0,0
273,133,0,0
273,134,226,72
273,135,0,0
273,136,0,0
273,137,0,0
273,138,0,0
273,139,25,6
273,140,0,0
273,141,63,4
273,142,0,0
273,143,117,23
273,144,14,10
273,145,273,5
273,146,1,20
273,147,69,67
273,148,0,0
273,149,2,8
273,150,28,97
273,151,7,63
273,152,0,0
273,153,0,0
273,154,0,0
273,155,0,0
273,156,0,0
273,157,0,0
273,158,0,0
273,159,0,0
273,160,0,102
273,161,0,0
273,162,0,125
273,163,0,0
274,1,0,0
274,2,5,0
274,3,0,0
274,4,0,0
274,5,0,0
274,6,0,0
274,7,0,0
274,8,0,0
274,9,0,15
274,10,0,0
274,11,0,0
274,12,0,0
274,13,0,0
274,14,0,0
274,15,0,0
274,16,0,0
274,17,0,0
274,18,0,0
274,19,0,0
274,20,0,0
274,21,0,0
274,22,0,0
274,23,0,0
274,24,0,0
274,25,0,0
274,26,0,0
274,27,26,20
274,28,0,0
274,29,0,0
274,30,0,0
274,31,0,0
274,32,0,0
274,33,0,0
274,34,0,0
274,35,0,0
274,36,0,0
274,37,0,0
274,38,0,0
274,39,0,0
274,40,0,0
274,41,0,0
274,42,0,0
274,43,0,0
274,44,0,0
274,45,0,0
274,46,0,0
274,47,0,0
274,48,0,0
274,49,0,0
274,50,0,0
274,51,0,0
274,52,0,0
274,53,0,0
274,54,0,1
274,55,0,0
274,56,0,0
274,57,0,0
274,58,0,0
274,59,0,0
274,60,0,17
274,61,0,0
274,62,0,0
274,63,0,0
274,64,0,0
274,65,0,0
274,66,0,0
274,67,0,0
274,68,0,0
274,69,1,0
274,70,0,0
274,71,0,0
274,72,0,0
274,73,0,0
274,74,0,0
274,75,1,0
274,76,0,0
274,77,0,0
274,78,0,0
274,79,0,0
274,80,0,0
274,81,0,0
274,82,1,45
274,83,29,0
274,84,0,0
274,85,8,0
274,86,0,0
274,87,0,0
274,88,212,82
274,89,0,0
274,90,0,0
274,91,0,0
274,92,0,0
274,93,0,0
274,94,0,0
274,95,0,0
274,96,0,0
274,97,81,94
274,98,0,0
274,99,0,0
274,100,0,0
274,101,0,0
274,102,0,0
274,103,0,0
274,104,0,0
274,105,70,87
274,106,78,78
274,107,11,34
274,108,0,0
274,109,163,71
274,110,0,0
274,111,0,0
274,112,0,0
274,113,0,0
274,114,0,0
274,115,0,0
274,116,76,93
274,117,0,0
274,118,0,0
274,119,14,55
274,120,0,0
274,121,88,57
274,122,69,37
274,123,30,0
274,124,5,6
274,125,0,0
274,126,60,0
274,127,59,1
274,128,0,0
274,129,0,0
274,130,0,0
274,131,236,88
274,132,25,0
274,133,0,0
274,134,0,0
274,135,0,0
274,136,25,5
274,137,24,0
274,138,98,12
274,139,0,0
274,140,0,0
274,141,0,0
274,142,0,0
274,143,49,31
274,144,5,8
274,145,0,0
274,146,24,122
274,147,0,0
274,148,0,0
274,149,0,0
274,150,0,0
274,151,0,0
274,152,0,95
274,153,0,0
274,154,0,0
274,155,0,134
274,156,0,0
274,157,0,0
275,1,0,0
275,2,0,0
275,3,0,0
275,4,0,0
275,5,0,0
275,6,0,0
275,7,0,13
275,8,0,0
275,9,0,0
275,10,0,0
275,11,0,0
275,12,0,0
275,13,0,0
275,14,0,0
275,15,0,0
275,16,0,0
275,17,0,0
275,18,0,0
275,19,0,0
275,20,0,0
275,21,0,0
275,22,0,0
275,23,82,5
275,24,0,0
275,25,0,0
275,26,0,0
275,27,0,0
275,28,0,0
275,29,0,0
275,30,0,0
275,31,0,0
275,32,0,0
275,33,0,0
275,34,0,0
275,35,0,0
275,36,0,0
275,37,0,1
275,38,0,0
275,39,0,0
275,40,0,0
275,41,0,18
275,42,0,0
275,43,0,0
275,44,0,0
275,45,0,0
275,46,0,0
275,47,0,0
275,48,0,0
275,49,0,0
275,50,0,0
275,51,0,0
275,52,0,0
275,53,4,0
275,54,0,0
275,55,0,0
275,56,0,0
275,57,0,0
275,58,0,0
275,59,0,0
275,60,0,0
275,61,0,0
275,62,0,0
275,63,0,0
275,64,0,0
275,65,56,0
275,66,109,47
275,67,0,0
275,68,8,0
275,69,0,0
275,70,0,0
275,71,0,0
275,72,0,0
275,73,0,0
275,74,0,0
275,75,0,0
275,76,0,0
275,77,162,41
275,78,0,0
275,79,0,0
275,80,0,0
275,81,1,2
275,82,146,87
275,83,0,0
275,84,0,0
275,85,0,0
275,86,0,0
275,87,0,0
275,88,80,89
275,89,79,65
275,90,2,10
275,91,0,6
275,92,18,18
275,93,0,0
275,94,0,0
275,95,0,0
275,96,80,40
275,97,64,44
275,98,0,0
275,99,79,65
275,100,0,0
275,101,20,50
275,102,88,34
275,103,28,15
275,104,53,0
275,105,95,36
275,106,6,7
275,107,68,0
275,108,49,1
275,109,19,0
275,110,252,37
275,111,0,0
275,112,0,0
275,113,0,0
275,114,0,0
275,115,0,0
275,116,11,5
275,117,0,0
275,118,0,0
275,119,0,0
275,120,10,0
275,121,22,6
275,122,0,0
275,123,20,0
275,124,70,18
275,125,0,0
275,126,0,0
275,127,0,0
275,128,0,0
275,129,0,0
275,130,40,6
275,131,167,5
275,132,13,116
275,133,31,107
275,134,0,14
275,135,0,0
275,136,0,0
275,137,0,0
275,138,0,0
275,139,0,0
275,140,0,0
275,141,0,0
275,142,0,2
275,143,0,149
275,144,0,0
275,145,0,0
276,1,0,0
276,2,0,0
276,3,0,0
276,4,0,0
276,5,0,0
276,6,0,0
276,7,0,13
276,8,0,0
276,9,0,0
276,10,0,0
276,11,0,0
276,12,0,0
276,13,0,0
276,14,0,0
276,15,0,0
276,16,0,0
276,17,0,0
276,18,0,0
276,19,0,0
276,20,0,0
276,21,0,0
276,22,0,0
276,23,0,0
276,24,0,0
276,25,0,0
276,26,0,0
276,27,0,0
276,28,0,0
276,29,0,0
276,30,0,0
276,31,0,0
276,32,0,0
276,33,0,0
276,34,0,0
276,35,0,0
276,36,0,0
276,37,0,0
276,38,0,0
276,39,0,0
276,40,0,0
276,41,0,0
276,42,0,0
276,43,0,0
276,44,0,0
276,45,0,0
276,46,0,0
276,47,0,0
276,48,0,0
276,49,0,0
276,50,0,0
276,51,0,0
276,52,0,0
276,53,0,0
276,54,0,0
276,55,0,0
276,56,0,0
276,57,0,0
276,58,0,0
276,59,200,88
276,60,0,0
276,61,0,0
276,62,0,0
276,63,0,0
276,64,0,0
276,65,0,0
276,66,0,0
276,67,67,0
276,68,146,53
276,69,0,0
276,70,6,0
276,71,0,0
276,72,0,0
276,73,0,0
276,74,0,0
276,75,0,0
276,76,0,0
276,77,0,0
276,78,177,56
276,79,0,0
276,80,64,23
276,81,0,0
276,82,0,0
276,83,86,34
276,84,177,62
276,85,0,0
276,86,0,0
276,87,0,0
276,88,76,66
276,89,0,0
276,90,0,0
276,91,0,0
276,92,39,38
276,93,97,53
276,94,0,0
276,95,73,43
276,96,1,9
276,97,0,0
276,98,0,0
276,99,24,7
276,100,0,0
276,101,38,31
276,102,87,17
276,103,0,0
276,104,3,44
276,105,0,0
276,106,126,83
276,107,0,0
276,108,0,0
276,109,83,0
276,110,229,83
276,111,83,0
276,112,59,1
276,113,0,0
276,114,240,46
276,115,0,0
276,116,0,0
276,117,0,0
276,118,0,0
276,119,0,0
276,120,11,6
276,121,0,0
276,122,0,0
276,123,0,0
276,124,0,0
276,125,0,0
276,126,0,0
276,127,23,5
276,128,0,0
276,129,57,19
276,130,0,0
276,131,0,0
276,132,5,16
276,133,191,11
276,134,28,96
276,135,26,117
276,136,11,71
276,137,0,0
276,138,6,142
276,139,0,0
276,140,0,0
276,141,0,0
276,142,0,0
276,143,0,99
276,144,0,0
276,145,0,5
276,146,0,46
276,147,0,0
277,1,0,0
277,2,0,0
277,3,0,0
277,4,0,0
277,5,0,0
277,6,0,0
277,7,0,0
277,8,0,0
277,9,0,0
277,10,0,0
277,11,0,0
277,12,0,0
277,13,0,0
277,14,0,0
277,15,0,0
277,16,0,0
277,17,0,0
277,18,0,0
277,19,0,0
277,20,0,0
277,21,0,0
277,22,0,0
277,23,0,0
277,24,0,0
277,25,0,0
277,26,0,0
277,27,0,0
277,28,0,0
277,29,0,0
277,30,0,0
277,31,0,0
277,32,0,0
277,33,0,0
277,34,0,0
277,35,0,0
277,36,0,0
277,37,0,0
277,38,0,0
277,39,0,0
277,40,0,0
277,41,0,0
277,42,0,0
277,43,0,0
277,44,0,0
277,45,0,0
277,46,0,0
277,47,0,0
277,48,0,0
277,49,0,0
277,50,0,0
277,51,0,0
277,52,0,0
277,53,0,0
277,54,0,0
277,55,0,0
277,56,0,0
277,57,0,0
277,58,0,0
277,59,0,0
277,60,0,0
277,61,0,0
277,62,0,0
277,63,0,0
277,64,0,0
277,65,0,0
277,66,0,0
277,67,0,0
277,68,0,0
277,69,0,0
277,70,0,0
277,71,0,0
277,72,0,0
277,73,67,0
277,74,149,61
277,75,0,0
277,76,0,0
277,77,0,0
277,78,0,0
277,79,0,0
277,80,0,0
277,81,193,74
277,82,0,0
277,83,0,0
277,84,171,37
277,85,0,0
277,86,0,0
277,87,50,15
277,88,178,30
277,89,1,7
277,90,0,0
277,91,177,52
277,92,0,0
277,93,0,0
277,94,0,0
277,95,228,91
277,96,131,65
277,97,0,0
277,98,0,10
277,99,0,0
277,100,0,0
277,101,21,9
277,102,0,0
277,103,0,0
277,104,64,73
277,105,235,99
277,106,0,0
277,107,123,0
277,108,47,7
277,109,0,0
277,110,0,0
277,111,78,0
277,112,0,0
277,113,0,0
277,114,0,0
277,115,0,0
277,116,0,0
277,117,0,0
277,118,27,12
277,119,0,0
277,120,0,0
277,121,9,10
277,122,0,0
277,123,0,0
277,124,0,0
277,125,0,0
277,126,0,0
277,127,58,25
277,128,0,0
277,129,0,0
277,130,0,0
277,131,18,93
277,132,2,11
277,133,7,24
277,134,4,57
277,135,0,0
277,136,0,0
277,137,0,0
277,138,0,0
277,139,0,40
277,140,0,0
277,141,0,6
277,142,0,4
277,143,0,20
277,144,0,33
277,145,0,145
277,146,0,0
278,1,0,0
278,2,0,0
278,3,0,0
278,4,0,0
278,5,0,0
278,6,0,0
278,7,0,0
278,8,0,0
278,9,0,0
278,10,0,0
278,11,0,0
278,12,0,0
278,13,0,0
278,14,0,0
278,15,0,0
278,16,0,0
278,17,0,0
278,18,0,0
278,19,0,0
278,20,0,0
278,21,0,0
278,22,0,0
278,23,0,0
278,24,0,0
278,25,0,0
278,26,0,0
278,27,0,0
278,28,0,0
278,29,0,0
278,30,0,0
278,31,0,0
278,32,0,0
278,33,0,0
278,34,0,0
278,35,0,0
278,36,0,0
278,37,0,0
278,38,0,0
278,39,0,0
278,40,0,0
278,41,0,0
278,42,0,0
278,43,0,0
278,44,0,0
278,45,0,52
278,46,0,0
278,47,0,0
278,48,0,0
278,49,0,0
278,50,0,0
278,51,0,0
278,52,0,0
278,53,0,0
278,54,0,0
278,55,0,0
278,56,0,0
278,57,87,48
278,58,0,0
278,59,0,0
278,60,0,0
278,61,0,0
278,62,0,0
278,63,0,0
278,64,0,0
278,65,0,0
278,66,0,0
278,67,0,0
278,68,0,0
278,69,0,0
278,70,0,0
278,71,0,0
278,72,0,0
278,73,0,0
278,74,0,0
278,75,67,0
278,76,106,44
278,77,0,0
278,78,0,0
278,79,0,0
278,80,0,0
278,81,80,29
278,82,0,0
278,83,0,0
278,84,0,0
278,85,0,0
278,86,193,73
278,87,0,0
278,88,0,0
278,89,250,34
278,90,3,0
278,91,178,31
278,92,0,8
278,93,0,0
278,94,1,11
278,95,217,56
278,96,0,0
278,97,290,56
278,98,0,0
278,99,0,0
278,100,109,44
278,101,3,9
278,102,0,0
278,103,24,38
278,104,173,59
278,105,0,0
278,106,0,0
278,107,0,0
278,108,297,91
278,109,333,57
278,110,119,16
278,111,0,0
278,112,0,0
278,113,4,34
278,114,137,0
278,115,0,0
278,116,4,44
278,117,0,0
278,118,0,0
278,119,0,0
278,120,0,0
278,121,9,9
278,122,0,0
278,123,0,0
278,124,0,0
278,125,18,4
278,126,173,88
278,127,0,0
278,128,0,0
278,129,0,0
278,130,0,0
278,131,0,0
278,132,4,2
278,133,0,0
278,134,41,9
278,135,0,0
278,136,33,124
278,137,0,0
278,138,14,126
278,139,0,0
278,140,12,130
278,141,0,0
278,142,0,0
278,143,0,6
278,144,0,32
278,145,0,20
278,146,0,144
278,147,0,22
278,148,0,0
279,1,0,0
279,2,0,0
279,3,0,0
279,4,0,0
279,5,0,0
279,6,0,0
279,7,0,0
279,8,0,0
279,9,0,0
279,10,0,0
279,11,0,0
279,12,0,0
279,13,0,0
279,14,0,0
279,15,0,0
279,16,0,0
279,17,0,0
279,18,0,0
279,19,0,0
279,20,0,0
279,21,0,0
279,22,0,0
279,23,0,0
279,24,0,0
279,25,0,0
279,26,0,0
279,27,0,0
279,28,0,0
279,29,0,0
279,30,0,0
279,31,0,0
279,32,0,0
279,33,0,0
279,34,0,0
279,35,0,0
279,36,0,0
279,37,0,0
279,38,0,0
279,39,0,0
279,40,0,0
279,41,0,0
279,42,0,0
279,43,0,0
279,44,0,0
279,45,0,0
279,46,0,0
279,47,0,0
279,48,0,0
279,49,0,0
279,50,0,0
279,51,0,0
279,52,0,0
279,53,0,0
279,54,0,0
279,55,0,0
279,56,0,0
279,57,0,0
279,58,107,49
279,59,0,0
279,60,0,0
279,61,0,0
279,62,0,0
279,63,0,0
279,64,0,0
279,65,0,0
279,66,0,0
279,67,0,0
279,68,1,87
279,69,0,0
279,70,0,0
279,71,0,0
279,72,0,0
279,73,0,0
279,74,0,0
279,75,0,0
279,76,0,0
279,77,75,0
279,78,0,0
279,79,0,0
279,80,0,0
279,81,0,0
279,82,0,0
279,83,0,0
279,84,4,36
279,85,0,0
279,86,0,0
279,87,0,0
279,88,215,80
279,89,0,0
279,90,283,38
279,91,331,57
279,92,2,0
279,93,0,0
279,94,0,0
279,95,0,0
279,96,0,0
279,97,3,10
279,98,33,44
279,99,411,117
279,100,0,0
279,101,0,0
279,102,0,0
279,103,0,0
279,104,356,49
279,105,113,21
279,106,0,0
279,107,11,31
279,108,0,0
279,109,0,0
279,110,171,0
279,111,7,36
279,112,0,0
279,113,0,0
279,114,0,0
279,115,0,0
279,116,0,0
279,117,5,6
279,118,2,115
279,119,0,4
279,120,0,0
279,121,14,2
279,122,157,75
279,123,0,0
279,124,0,0
279,125,0,0
279,126,0,0
279,127,0,0
279,128,0,0
279,129,81,85
279,130,42,12
279,131,0,0
279,132,31,123
279,133,31,51
279,134,0,0
279,135,12,144
279,136,0,0
279,137,10,110
279,138,0,94
279,139,0,0
279,140,0,48
279,141,0,150
279,142,0,26
279,143,0,0
279,144,0,0
280,1,0,0
280,2,0,0
280,3,0,0
280,4,0,0
280,5,0,0
280,6,0,0
280,7,0,0
280,8,0,0
280,9,0,0
280,10,0,0
280,11,0,0
280,12,0,0
280,13,0,0
280,14,0,0
280,15,0,0
280,16,0,0
280,17,0,0
280,18,0,0
280,19,0,0
280,20,0,0
280,21,0,0
280,22,0,0
280,23,0,0
280,24,0,0
280,25,0,0
280,26,0,0
280,27,0,0
280,28,0,0
280,29,0,0
280,30,0,0
280,31,0,0
280,32,0,0
280,33,0,0
280,34,0,0
280,35,0,0
280,36,0,0
280,37,0,0
280,38,0,0
280,39,0,0
280,40,0,0
280,41,0,0
280,42,0,0
280,43,0,0
280,44,0,0
280,45,0,0
280,46,0,0
280,47,0,0
280,48,0,0
280,49,35,0
280,50,0,32
280,51,0,0
280,52,0,0
280,53,0,0
280,54,0,0
280,55,0,0
280,56,0,0
280,57,24,0
280,58,0,0
280,59,0,0
280,60,0,0
280,61,0,0
280,62,0,0
280,63,108,43
280,64,0,0
280,65,0,0
280,66,0,0
280,67,0,0
280,68,0,0
280,69,0,0
280,70,0,0
280,71,0,0
280,72,0,0
280,73,1,91
280,74,0,0
280,75,0,0
280,76,0,0
280,77,0,0
280,78,0,0
280,79,0,0
280,80,0,0
280,81,0,0
280,82,0,0
280,83,0,0
280,84,0,0
280,85,0,0
280,86,0,0
280,87,0,0
280,88,0,0
280,89,195,76
280,90,0,0
280,91,93,35
280,92,0,0
280,93,407,67
280,94,0,0
280,95,0,0
280,96,0,0
280,97,0,0
280,98,0,0
280,99,248,65
280,100,31,53
280,101,233,71
280,102,0,0
280,103,0,0
280,104,0,0
280,105,0,0
280,106,0,0
280,107,101,27
280,108,0,0
280,109,222,0
280,110,0,0
280,111,0,0
280,112,0,0
280,113,0,0
280,114,6,113
280,115,4,16
280,116,0,0
280,117,0,0
280,118,1,4
280,119,145,77
280,120,9,5
280,121,14,0
280,122,0,0
280,123,0,0
280,124,8,3
280,125,0,0
280,126,0,0
280,127,0,0
280,128,35,79
280,129,33,10
280,130,0,0
280,131,41,43
280,132,30,138
280,133,44,78
280,134,0,0
280,135,0,43
280,136,0,0
280,137,0,0
280,138,0,0
280,139,0,0
280,140,0,47
280,141,0,162
280,142,0,29
281,1,0,0
281,2,0,0
281,3,0,0
281,4,0,0
281,5,0,0
281,6,0,0
281,7,0,0
281,8,0,0
281,9,0,0
281,10,0,0
281,11,0,0
281,12,0,0
281,13,0,0
281,14,0,0
281,15,0,0
281,16,0,0
281,17,0,0
281,18,0,0
281,19,0,0
281,20,0,0
281,21,0,0
281,22,0,0
281,23,0,0
281,24,0,0
281,25,0,0
281,26,0,0
281,27,0,0
281,28,38,15
281,29,0,0
281,30,0,0
281,31,0,0
281,32,0,0
281,33,0,0
281,34,0,26
281,35,0,0
281,36,0,0
281,37,0,0
281,38,0,0
281,39,0,0
281,40,0,0
281,41,0,0
281,42,0,0
281,43,0,0
281,44,0,0
281,45,0,0
281,46,0,21
281,47,0,0
281,48,0,0
281,49,0,0
281,50,0,0
281,51,0,0
281,52,0,0
281,53,0,0
281,54,0,71
281,55,0,0
281,56,0,0
281,57,0,0
281,58,0,0
281,59,26,0
281,60,0,0
281,61,0,0
281,62,0,0
281,63,0,0
281,64,0,0
281,65,0,0
281,66,0,0
281,67,0,0
281,68,0,0
281,69,0,0
281,70,0,0
281,71,0,0
281,72,0,0
281,73,0,0
281,74,0,0
281,75,0,0
281,76,0,0
281,77,0,0
281,78,0,0
281,79,0,0
281,80,3,16
281,81,0,0
281,82,0,0
281,83,0,0
281,84,0,0
281,85,402,79
281,86,1,0
281,87,0,0
281,88,0,0
281,89,0,0
281,90,0,0
281,91,0,0
281,92,0,0
281,93,0,0
281,94,0,0
281,95,0,0
281,96,270,56
281,97,0,0
281,98,0,0
281,99,0,0
281,100,0,0
281,101,0,0
281,102,298,2
281,103,65,44
281,104,0,0
281,105,0,0
281,106,0,0
281,107,19,114
281,108,0,0
281,109,0,0
281,110,0,0
281,111,1,4
281,112,2,1
281,113,0,0
281,114,0,0
281,115,0,0
281,116,0,0
281,117,2,0
281,118,0,0
281,119,4,93
281,120,34,16
281,121,45,40
281,122,0,0
281,123,6,65
281,124,0,0
281,125,0,71
281,126,0,0
281,127,0,0
281,128,0,0
281,129,0,56
281,130,0,169
281,131,0,35
281,132,0,0
281,133,0,0
282,1,0,0
282,2,0,0
282,3,0,0
282,4,0,0
282,5,0,0
282,6,0,0
282,7,0,0
282,8,0,0
282,9,0,0
282,10,0,0
282,11,0,0
282,12,0,0
282,13,0,0
282,14,0,0
282,15,0,0
282,16,0,0
282,17,0,0
282,18,0,0
282,19,0,0
282,20,0,0
282,21,0,0
282,22,0,0
282,23,0,0
282,24,0,0
282,25,0,0
282,26,0,0
282,27,0,0
282,28,0,0
282,29,0,0
282,30,0,0
282,31,0,0
282,32,0,0
282,33,0,0
282,34,0,40
282,35,0,0
282,36,0,0
282,37,0,0
282,38,0,0
282,39,0,0
282,40,0,0
282,41,0,28
282,42,0,0
282,43,0,0
282,44,0,0
282,45,0,0
282,46,0,0
282,47,0,0
282,48,0,0
282,49,60,0
282,50,0,0
282,51,0,0
282,52,0,0
282,53,0,0
282,54,0,0
282,55,0,0
282,56,0,0
282,57,0,0
282,58,0,0
282,59,0,0
282,60,0,0
282,61,0,0
282,62,0,0
282,63,0,0
282,64,0,0
282,65,0,0
282,66,0,0
282,67,0,0
282,68,0,0
282,69,0,0
282,70,11,59
282,71,0,0
282,72,0,0
282,73,170,51
282,74,0,0
282,75,0,0
282,76,0,0
282,77,0,0
282,78,0,0
282,79,0,0
282,80,0,0
282,81,0,0
282,82,0,0
282,83,0,0
282,84,0,0
282,85,0,0
282,86,0,0
282,87,0,0
282,88,0,0
282,89,129,26
282,90,157,40
282,91,0,0
282,92,0,0
282,93,0,0
282,94,395,82
282,95,0,0
282,96,0,0
282,97,374,67
282,98,0,0
282,99,0,0
282,100,354,2
282,101,72,51
282,102,0,0
282,103,0,0
282,104,29,5
282,105,2,29
282,106,38,108
282,107,0,0
282,108,0,0
282,109,0,0
282,110,223,9
282,111,0,0
282,112,0,0
282,113,2,0
282,114,0,0
282,115,14,0
282,116,26,22
282,117,0,0
282,118,2,82
282,119,23,14
282,120,19,68
282,121,26,191
282,122,0,0
282,123,0,2
282,124,0,62
282,125,0,175
282,126,0,0
283,1,0,0
283,2,0,0
283,3,0,0
283,4,0,0
283,5,0,0
283,6,0,0
283,7,0,0
283,8,0,0
283,9,0,0
283,10,0,0
283,11,0,0
283,12,0,0
283,13,0,0
283,14,0,0
283,15,0,0
283,16,0,0
283,17,0,0
283,18,0,0
283,19,0,0
283,20,0,0
283,21,0,0
283,22,0,0
283,23,0,0
283,24,0,0
283,25,0,0
283,26,0,0
283,27,0,0
283,28,0,0
283,29,0,0
283,30,0,0
283,31,0,0
283,32,0,0
283,33,0,0
283,34,0,0
283,35,0,0
283,36,0,0
283,37,0,0
283,38,0,0
283,39,0,0
283,40,1,45
283,41,0,0
283,42,0,0
283,43,0,0
283,44,0,0
283,45,0,0
283,46,0,0
283,47,0,0
283,48,0,0
283,49,0,0
283,50,0,0
283,51,0,0
283,52,0,0
283,53,0,0
283,54,0,0
283,55,0,0
283,56,0,17
283,57,0,0
283,58,0,0
283,59,0,0
283,60,0,0
283,61,0,0
283,62,0,0
283,63,0,0
283,64,6,82
283,65,0,0
283,66,3,64
283,67,0,0
283,68,0,0
283,69,0,0
283,70,0,0
283,71,0,0
283,72,0,0
283,73,0,0
283,74,0,0
283,75,0,0
283,76,0,0
283,77,0,0
283,78,0,0
283,79,0,0
283,80,0,0
283,81,0,0
283,82,0,0
283,83,0,0
283,84,0,0
283,85,0,0
283,86,0,0
283,87,0,0
283,88,0,0
283,89,0,0
283,90,0,0
283,91,0,0
283,92,0,0
283,93,0,0
283,94,0,0
283,95,0,0
283,96,0,0
283,97,0,0
283,98,0,0
283,99,0,0
283,100,249,55
283,101,0,0
283,102,332,54
283,103,209,55
283,104,0,0
283,105,0,0
283,106,0,0
283,107,0,0
283,108,178,65
283,109,0,0
283,110,0,0
283,111,180,69
283,112,0,0
283,113,0,0
283,114,66,8
283,115,2,38
283,116,77,99
283,117,0,0
283,118,0,0
283,119,215,14
283,120,0,0
283,121,0,0
283,122,0,0
283,123,0,0
283,124,3,0
283,125,0,0
283,126,29,0
283,127,26,64
283,128,0,0
283,129,3,83
283,130,19,16
283,131,21,33
283,132,26,96
283,133,12,91
283,134,0,0
283,135,0,154
283,136,0,0
283,137,0,61
283,138,0,98
283,139,0,58
283,140,0,166
283,141,0,13
283,142,0,17
283,143,0,0
283,144,0,0
284,1,0,0
284,2,0,0
284,3,0,0
284,4,0,0
284,5,0,0
284,6,0,0
284,7,0,0
284,8,0,0
284,9,0,0
284,10,0,0
284,11,0,0
284,12,0,0
284,13,0,0
284,14,0,0
284,15,0,0
284,16,0,0
284,17,0,0
284,18,0,0
284,19,0,0
284,20,0,0
284,21,0,0
284,22,0,0
284,23,0,0
284,24,0,0
284,25,0,0
284,26,0,0
284,27,0,0
284,28,0,0
284,29,0,0
284,30,0,0
284,31,0,0
284,32,0,0
284,33,0,0
284,34,0,0
284,35,0,0
284,36,0,0
284,37,0,0
284,38,0,0
284,39,0,0
284,40,0,0
284,41,0,0
284,42,0,0
284,43,0,0
284,44,0,0
284,45,0,0
284,46,0,0
284,47,0,0
284,48,0,0
284,49,0,0
284,50,0,0
284,51,0,0
284,52,0,0
284,53,0,0
284,54,0,0
284,55,0,0
284,56,0,0
284,57,0,0
284,58,0,0
284,59,0,0
284,60,0,0
284,61,0,0
284,62,0,0
284,63,0,0
284,64,0,0
284,65,0,0
284,66,0,0
284,67,0,0
284,68,0,17
284,69,0,0
284,70,0,0
284,71,0,0
284,72,0,60
284,73,0,0
284,74,0,0
284,75,0,0
284,76,0,0
284,77,0,0
284,78,0,0
284,79,0,0
284,80,0,0
284,81,0,0
284,82,10,81
284,83,0,0
284,84,0,0
284,85,0,0
284,86,1,65
284,87,0,0
284,88,0,0
284,89,0,0
284,90,0,0
284,91,0,0
284,92,0,0
284,93,0,0
284,94,0,0
284,95,0,0
284,96,0,0
284,97,0,0
284,98,0,0
284,99,0,0
284,100,0,0
284,101,0,0
284,102,0,0
284,103,0,0
284,104,0,0
284,105,0,0
284,106,0,0
284,107,0,0
284,108,0,0
284,109,0,0
284,110,0,0
284,111,0,0
284,112,0,0
284,113,345,107
284,114,0,0
284,115,0,0
284,116,0,0
284,117,0,0
284,118,0,0
284,119,0,0
284,120,0,0
284,121,426,85
284,122,0,0
284,123,0,0
284,124,252,44
284,125,0,0
284,126,149,74
284,127,0,0
284,128,0,0
284,129,272,74
284,130,0,0
284,131,0,0
284,132,4,56
284,133,0,0
284,134,227,76
284,135,0,0
284,136,0,0
284,137,0,0
284,138,0,0
284,139,0,0
284,140,0,0
284,141,0,0
284,142,18,12
284,143,25,38
284,144,0,0
284,145,29,44
284,146,12,66
284,147,32,85
284,148,0,0
284,149,7,25
284,150,0,91
284,151,0,59
284,152,0,30
284,153,0,0
284,154,0,18
284,155,0,0
284,156,0,0
284,157,0,0
285,1,0,0
285,2,0,0
285,3,0,0
285,4,0,0
285,5,0,0
285,6,0,0
285,7,0,0
285,8,0,0
285,9,0,0
285,10,0,0
285,11,0,0
285,12,0,0
285,13,0,0
285,14,0,0
285,15,0,0
285,16,0,0
285,17,0,0
285,18,0,0
285,19,0,0
285,20,0,0
285,21,0,0
285,22,0,0
285,23,0,0
285,24,0,0
285,25,0,0
285,26,0,0
285,27,0,0
285,28,0,0
285,29,0,0
285,30,0,0
285,31,0,0
285,32,0,0
285,33,0,0
285,34,0,0
285,35,0,0
285,36,0,0
285,37,0,0
285,38,0,0
285,39,0,0
285,40,0,0
285,41,0,0
285,42,0,0
285,43,0,0
285,44,0,0
285,45,0,0
285,46,0,0
285,47,0,0
285,48,0,0
285,49,0,0
285,50,0,0
285,51,0,0
285,52,0,0
285,53,0,0
285,54,0,0
285,55,0,0
285,56,0,0
285,57,0,0
285,58,48,0
285,59,0,0
285,60,0,0
285,61,0,0
285,62,0,0
285,63,0,0
285,64,0,0
285,65,0,0
285,66,0,0
285,67,0,0
285,68,0,0
285,69,26,0
285,70,0,0
285,71,0,0
285,72,0,0
285,73,0,0
285,74,0,0
285,75,0,0
285,76,0,0
285,77,0,0
285,78,0,0
285,79,0,0
285,80,11,78
285,81,0,0
285,82,0,0
285,83,0,0
285,84,0,0
285,85,2,61
285,86,0,0
285,87,0,0
285,88,222,51
285,89,0,0
285,90,0,0
285,91,0,0
285,92,0,0
285,93,0,0
285,94,0,0
285,95,0,0
285,96,0,0
285,97,0,0
285,98,0,0
285,99,0,0
285,100,0,0
285,101,0,0
285,102,0,0
285,103,0,0
285,104,0,0
285,105,0,0
285,106,0,0
285,107,0,21
285,108,0,0
285,109,0,0
285,110,0,0
285,111,59,51
285,112,0,0
285,113,0,0
285,114,234,68
285,115,14,24
285,116,225,48
285,117,0,0
285,118,150,26
285,119,0,0
285,120,0,0
285,121,0,0
285,122,11,5
285,123,0,0
285,124,0,0
285,125,0,0
285,126,0,0
285,127,0,0
285,128,236,72
285,129,0,0
285,130,0,0
285,131,0,0
285,132,0,0
285,133,0,0
285,134,0,0
285,135,0,0
285,136,18,39
285,137,3,120
285,138,21,92
285,139,7,65
285,140,20,44
285,141,40,48
285,142,0,49
285,143,0,47
285,144,0,112
285,145,0,0
285,146,0,0
285,147,0,62
285,148,0,137
285,149,0,43
285,150,0,19
285,151,0,0
285,152,0,0
285,153,0,0
286,1,0,0
286,2,0,0
286,3,0,0
286,4,0,0
286,5,0,0
286,6,0,0
286,7,0,0
286,8,0,0
286,9,0,0
286,10,0,0
286,11,0,0
286,12,0,0
286,13,0,0
286,14,0,0
286,15,0,0
286,16,0,0
286,17,0,0
286,18,0,0
286,19,0,0
286,20,0,0
286,21,0,0
286,22,0,0
286,23,0,0
286,24,0,0
286,25,0,0
286,26,0,0
286,27,0,0
286,28,0,0
286,29,0,0
286,30,0,0
286,31,0,0
286,32,0,0
286,33,0,0
286,34,0,0
286,35,0,0
286,36,0,0
286,37,0,0
286,38,0,0
286,39,0,0
286,40,0,0
286,41,0,0
286,42,0,0
286,43,0,0
286,44,0,0
286,45,0,0
286,46,0,0
286,47,0,0
286,48,0,0
286,49,0,0
286,50,0,0
286,51,0,0
286,52,0,0
286,53,0,0
286,54,0,0
286,55,0,0
286,56,0,0
286,57,0,0
286,58,0,0
286,59,0,0
286,60,0,0
286,61,0,0
286,62,0,0
286,63,0,0
286,64,15,79
286,65,0,0
286,66,0,0
286,67,0,0
286,68,0,0
286,69,0,0
286,70,0,0
286,71,0,0
286,72,2,63
286,73,0,0
286,74,68,21
286,75,0,0
286,76,0,0
286,77,37,20
286,78,0,0
286,79,77,28
286,80,108,14
286,81,0,0
286,82,0,0
286,83,0,0
286,84,0,0
286,85,0,0
286,86,0,0
286,87,0,0
286,88,0,0
286,89,0,0
286,90,0,0
286,91,0,9
286,92,0,0
286,93,187,56
286,94,301,84
286,95,251,64
286,96,0,0
286,97,0,0
286,98,69,50
286,99,330,79
286,100,0,0
286,101,0,0
286,102,303,45
286,103,146,4
286,104,0,0
286,105,383,64
286,106,0,0
286,107,0,0
286,108,0,0
286,109,0,0
286,110,0,0
286,111,256,71
286,112,207,17
286,113,0,0
286,114,0,0
286,115,9,15
286,116,0,0
286,117,11,61
286,118,27,32
286,119,34,71
286,120,0,0
286,121,0,31
286,122,0,30
286,123,0,107
286,124,0,36
286,125,0,71
286,126,0,62
286,127,0,20
286,128,0,0
287,1,0,0
287,2,0,0
287,3,0,0
287,4,0,0
287,5,0,0
287,6,0,0
287,7,0,0
287,8,0,0
287,9,0,0
287,10,0,0
287,11,0,0
287,12,0,0
287,13,0,0
287,14,0,0
287,15,0,0
287,16,0,0
287,17,0,0
287,18,0,0
287,19,0,0
287,20,0,0
287,21,0,0
287,22,0,0
287,23,0,0
287,24,0,0
287,25,0,0
287,26,0,0
287,27,0,0
287,28,0,0
287,29,0,0
287,30,0,0
287,31,0,0
287,32,0,0
287,33,0,0
287,34,0,0
287,35,0,0
287,36,0,0
287,37,0,0
287,38,0,0
287,39,0,0
287,40,0,0
287,41,0,0
287,42,0,0
287,43,0,0
287,44,0,0
287,45,0,0
287,46,0,0
287,47,0,0
287,48,0,0
287,49,0,0
287,50,0,0
287,51,0,0
287,52,0,0
287,53,0,0
287,54,0,0
287,55,0,0
287,56,0,0
287,57,0,0
287,58,0,0
287,59,0,0
287,60,0,0
287,61,0,0
287,62,0,0
287,63,2,0
287,64,0,0
287,65,0,0
287,66,19,91
287,67,0,0
287,68,0,0
287,69,0,0
287,70,0,0
287,71,0,0
287,72,0,0
287,73,0,0
287,74,0,0
287,75,0,0
287,76,0,0
287,77,0,0
287,78,0,0
287,79,0,0
287,80,0,0
287,81,0,0
287,82,0,0
287,83,0,0
287,84,0,0
287,85,240,68
287,86,0,0
287,87,144,32
287,88,179,58
287,89,0,0
287,90,2,0
287,91,0,0
287,92,7,28
287,93,125,0
287,94,333,46
287,95,0,0
287,96,0,0
287,97,298,39
287,98,0,0
287,99,0,0
287,100,276,82
287,101,0,0
287,102,0,0
287,103,0,0
287,104,14,1
287,105,0,0
287,106,0,0
287,107,175,53
287,108,0,0
287,109,0,0
287,110,21,83
287,111,2,88
287,112,15,16
287,113,31,1
287,114,15,57
287,115,0,77
287,116,0,115
287,117,0,0
287,118,0,86
287,119,0,54
287,120,0,0
287,121,0,36
287,122,0,30
287,123,0,146
287,124,0,38
287,125,0,21
287,126,0,14
287,127,0,1
287,128,0,0
287,129,0,28
287,130,0,18
287,131,0,0
288,1,0,0
288,2,0,0
288,3,0,0
288,4,0,0
288,5,0,0
288,6,0,0
288,7,0,0
288,8,0,0
288,9,0,0
288,10,0,0
288,11,0,0
288,12,0,0
288,13,0,0
288,14,0,0
288,15,0,0
288,16,0,0
288,17,0,0
288,18,0,0
288,19,0,0
288,20,0,0
288,21,0,0
288,22,0,0
288,23,0,0
288,24,0,0
288,25,0,0
288,26,0,0
288,27,0,0
288,28,0,0
288,29,0,0
288,30,33,0
288,31,0,0
288,32,0,0
288,33,0,0
288,34,0,0
288,35,0,0
288,36,0,0
288,37,0,0
288,38,0,0
288,39,0,0
288,40,0,0
288,41,0,0
288,42,0,0
288,43,0,0
288,44,0,0
288,45,0,0
288,46,0,0
288,47,0,0
288,48,0,0
288,49,0,0
288,50,0,0
288,51,0,0
288,52,0,0
288,53,0,0
288,54,0,0
288,55,0,0
288,56,0,0
288,57,0,0
288,58,0,0
288,59,0,0
288,60,0,0
288,61,0,0
288,62,0,0
288,63,0,0
288,64,0,0
288,65,0,0
288,66,0,0
288,67,0,0
288,68,0,0
288,69,0,0
288,70,0,0
288,71,0,0
288,72,0,0
288,73,0,0
288,74,0,0
288,75,23,81
288,76,0,0
288,77,0,0
288,78,0,0
288,79,0,0
288,80,0,0
288,81,0,0
288,82,0,0
288,83,0,0
288,84,0,0
288,85,1,0
288,86,0,0
288,87,0,0
288,88,0,0
288,89,0,0
288,90,0,0
288,91,0,0
288,92,5,21
288,93,0,0
288,94,0,0
288,95,0,0
288,96,0,0
288,97,0,0
288,98,0,0
288,99,0,0
288,100,0,0
288,101,0,0
288,102,0,0
288,103,0,0
288,104,0,0
288,105,170,36
288,106,238,79
288,107,0,0
288,108,5,0
288,109,0,0
288,110,0,0
288,111,111,0
288,112,0,0
288,113,134,38
288,114,0,0
288,115,0,0
288,116,0,0
288,117,0,0
288,118,149,15
288,119,130,50
288,120,1,23
288,121,3,3
288,122,0,0
288,123,0,0
288,124,8,28
288,125,107,20
288,126,8,139
288,127,0,70
288,128,0,0
288,129,0,44
288,130,0,0
288,131,0,32
288,132,0,49
288,133,0,0
288,134,0,51
288,135,0,116
288,136,0,51
288,137,0,64
288,138,0,25
288,139,0,27
288,140,0,11
289,1,0,0
289,2,0,0
289,3,0,0
289,4,0,0
289,5,0,0
289,6,0,0
289,7,0,0
289,8,0,0
289,9,0,0
289,10,0,0
289,11,0,0
289,12,0,0
289,13,0,0
289,14,0,0
289,15,0,0
289,16,0,0
289,17,0,0
289,18,0,0
289,19,0,0
289,20,0,0
289,21,0,0
289,22,0,0
289,23,0,0
289,24,0,0
289,25,0,0
289,26,0,0
289,27,0,0
289,28,0,0
289,29,0,0
289,30,0,0
289,31,0,0
289,32,0,0
289,33,0,0
289,34,0,0
289,35,0,0
289,36,0,0
289,37,0,0
289,38,0,0
289,39,0,0
289,40,0,0
289,41,0,0
289,42,0,0
289,43,0,0
289,44,0,0
289,45,0,0
289,46,0,0
289,47,0,0
289,48,0,0
289,49,0,0
289,50,0,0
289,51,0,0
289,52,0,0
289,53,0,0
289,54,0,0
289,55,0,0
289,56,0,0
289,57,0,0
289,58,0,0
289,59,0,0
289,60,0,0
289,61,0,0
289,62,0,0
289,63,0,0
289,64,68,0
289,65,0,0
289,66,0,0
289,67,0,0
289,68,0,0
289,69,0,0
289,70,0,0
289,71,0,0
289,72,0,0
289,73,0,0
289,74,0,0
289,75,0,13
289,76,0,0
289,77,0,0
289,78,21,76
289,79,0,0
289,80,0,0
289,81,0,0
289,82,0,0
289,83,0,0
289,84,0,0
289,85,0,0
289,86,0,0
289,87,0,0
289,88,0,0
289,89,0,0
289,90,0,0
289,91,0,0
289,92,4,23
289,93,0,0
289,94,0,0
289,95,0,0
289,96,0,0
289,97,0,0
289,98,0,0
289,99,0,0
289,100,264,61
289,101,0,0
289,102,0,0
289,103,0,0
289,104,0,0
289,105,0,0
289,106,0,0
289,107,0,0
289,108,0,0
289,109,300,45
289,110,0,0
289,111,157,34
289,112,0,0
289,113,187,23
289,114,144,13
289,115,187,43
289,116,0,0
289,117,0,0
289,118,0,0
289,119,0,0
289,120,147,98
289,121,218,60
289,122,0,0
289,123,2,2
289,124,0,0
289,125,0,0
289,126,116,20
289,127,22,42
289,128,18,21
289,129,23,35
289,130,0,57
289,131,0,0
289,132,0,0
289,133,0,0
289,134,0,101
289,135,0,91
289,136,0,38
289,137,0,50
289,138,0,6
289,139,0,0
289,140,0,5
289,141,0,41
289,142,0,5
289,143,0,5
289,144,0,3
289,145,0,3
289,146,0,5
289,147,0,23
289,148,0,0
289,149,0,13
289,150,0,0
289,151,0,0
289,152,0,0
290,1,0,0
290,2,0,0
290,3,0,0
290,4,0,0
290,5,0,0
290,6,0,0
290,7,0,0
290,8,0,0
290,9,0,0
290,10,0,0
290,11,0,0
290,12,0,0
290,13,0,0
290,14,0,0
290,15,33,0
290,16,0,0
290,17,0,16
290,18,0,0
290,19,0,0
290,20,0,0
290,21,0,0
290,22,0,0
290,23,0,0
290,24,0,0
290,25,0,0
290,26,0,0
290,27,0,0
290,28,0,0
290,29,0,0
290,30,0,0
290,31,0,0
290,32,0,0
290,33,0,0
290,34,0,0
290,35,0,0
290,36,0,0
290,37,0,0
290,38,0,0
290,39,0,0
290,40,0,0
290,41,0,0
290,42,0,0
290,43,0,0
290,44,0,0
290,45,0,8
290,46,0,0
290,47,1,32
290,48,0,0
290,49,0,0
290,50,0,0
290,51,0,0
290,52,0,0
290,53,0,0
290,54,0,0
290,55,0,0
290,56,0,0
290,57,0,0
290,58,0,0
290,59,0,20
290,60,0,0
290,61,0,0
290,62,0,0
290,63,237,62
290,64,0,0
290,65,1,14
290,66,0,0
290,67,0,0
290,68,0,0
290,69,0,0
290,70,0,0
290,71,0,0
290,72,0,0
290,73,0,0
290,74,0,0
290,75,0,0
290,76,0,0
290,77,151,33
290,78,0,0
290,79,209,33
290,80,76,9
290,81,54,2
290,82,111,33
290,83,248,56
290,84,0,0
290,85,228,49
290,86,51,7
290,87,3,2
290,88,0,0
290,89,0,0
290,90,0,0
290,91,0,0
290,92,64,12
290,93,9,85
290,94,65,14
290,95,22,39
290,96,34,41
290,97,5,134
290,98,0,0
290,99,0,56
290,100,0,98
290,101,0,0
290,102,0,54
290,103,0,0
290,104,0,0
290,105,0,109
290,106,0,24
290,107,0,28
290,108,0,69
290,109,0,60
290,110,0,23
290,111,0,145
290,112,0,4
290,113,0,4
290,114,0,12
290,115,0,0
290,116,0,15
290,117,0,0
290,118,0,41
290,119,0,0
290,120,0,0
290,121,0,12
290,122,0,0
290,123,0,0
290,124,0,0
290,125,0,0
291,1,0,0
291,2,0,0
291,3,0,0
291,4,0,0
291,5,0,0
291,6,0,0
291,7,0,0
291,8,0,0
291,9,0,0
291,10,0,0
291,11,0,0
291,12,0,0
291,13,0,0
291,14,0,0
291,15,0,0
291,16,0,0
291,17,0,0
291,18,0,0
291,19,0,0
291,20,0,17
291,21,0,0
291,22,0,0
291,23,0,0
291,24,0,0
291,25,0,0
291,26,0,23
291,27,0,0
291,28,0,38
291,29,0,0
291,30,0,0
291,31,0,0
291,32,0,0
291,33,0,0
291,34,0,0
291,35,0,0
291,36,0,0
291,37,0,0
291,38,0,0
291,39,0,0
291,40,0,0
291,41,0,0
291,42,0,0
291,43,0,0
291,44,0,0
291,45,0,0
291,46,0,0
291,47,0,0
291,48,0,0
291,49,0,0
291,50,0,0
291,51,0,0
291,52,0,0
291,53,0,0
291,54,0,0
291,55,6,0
291,56,0,0
291,57,0,0
291,58,0,0
291,59,0,0
291,60,0,43
291,61,0,0
291,62,0,0
291,63,0,0
291,64,0,0
291,65,0,0
291,66,0,0
291,67,0,0
291,68,0,0
291,69,0,0
291,70,0,0
291,71,0,0
291,72,0,0
291,73,0,0
291,74,0,22
291,75,0,0
291,76,0,0
291,77,0,0
291,78,0,0
291,79,0,0
291,80,0,0
291,81,0,0
291,82,2,19
291,83,0,0
291,84,0,0
291,85,0,0
291,86,0,0
291,87,0,0
291,88,0,0
291,89,0,0
291,90,0,0
291,91,0,0
291,92,0,0
291,93,152,34
291,94,0,0
291,95,329,31
291,96,301,51
291,97,0,0
291,98,0,0
291,99,0,0
291,100,9,5
291,101,0,0
291,102,0,0
291,103,0,0
291,104,0,0
291,105,0,0
291,106,5,80
291,107,0,0
291,108,29,39
291,109,6,131
291,110,31,39
291,111,8,97
291,112,0,0
291,113,13,50
291,114,0,45
291,115,0,97
291,116,0,0
291,117,0,58
291,118,0,0
291,119,0,0
291,120,0,110
291,121,0,7
291,122,0,21
291,123,0,33
291,124,0,93
291,125,0,76
291,126,0,33
291,127,0,91
291,128,0,42
291,129,0,9
291,130,0,29
291,131,0,82
291,132,0,15
291,133,0,13
291,134,0,20
291,135,0,24
291,136,0,5
291,137,0,0
292,1,0,0
292,2,0,0
292,3,0,0
292,4,0,0
292,5,0,0
292,6,0,0
292,7,0,0
292,8,0,0
292,9,0,0
292,10,0,0
292,11,0,0
292,12,0,0
292,13,0,0
292,14,0,0
292,15,0,0
292,16,0,0
292,17,0,0
292,18,0,0
292,19,0,0
292,20,0,0
292,21,0,26
292,22,0,0
292,23,0,0
292,24,0,0
292,25,0,1
292,26,0,0
292,27,0,0
292,28,0,0
292,29,0,0
292,30,0,0
292,31,0,0
292,32,0,0
292,33,0,46
292,34,0,0
292,35,0,0
292,36,0,0
292,37,0,0
292,38,0,0
292,39,0,0
292,40,0,0
292,41,0,0
292,42,0,0
292,43,0,0
292,44,0,0
292,45,0,0
292,46,0,0
292,47,0,0
292,48,0,0
292,49,0,0
292,50,0,0
292,51,0,0
292,52,0,0
292,53,0,0
292,54,0,0
292,55,0,0
292,56,0,0
292,57,0,0
292,58,0,0
292,59,0,0
292,60,0,0
292,61,0,0
292,62,0,0
292,63,0,0
292,64,0,0
292,65,0,0
292,66,0,0
292,67,0,0
292,68,0,0
292,69,0,0
292,70,0,0
292,71,0,0
292,72,0,0
292,73,0,0
292,74,0,0
292,75,7,0
292,76,0,0
292,77,0,0
292,78,0,0
292,79,0,0
292,80,77,77
292,81,1,0
292,82,0,0
292,83,0,0
292,84,0,0
292,85,0,0
292,86,0,0
292,87,0,0
292,88,0,0
292,89,0,0
292,90,0,0
292,91,0,0
292,92,0,0
292,93,0,0
292,94,0,0
292,95,0,22
292,96,0,0
292,97,0,0
292,98,0,0
292,99,0,0
292,100,0,0
292,101,320,81
292,102,0,0
292,103,0,0
292,104,0,0
292,105,3,21
292,106,0,0
292,107,379,109
292,108,0,0
292,109,0,0
292,110,0,0
292,111,0,0
292,112,0,0
292,113,0,0
292,114,0,0
292,115,0,0
292,116,0,0
292,117,92,36
292,118,374,42
292,119,203,0
292,120,426,50
292,121,0,0
292,122,0,44
292,123,0,25
292,124,0,35
292,125,0,0
292,126,0,0
292,127,0,0
292,128,0,0
292,129,0,0
292,130,0,0
292,131,0,0
292,132,0,72
292,133,29,43
292,134,33,20
292,135,9,84
292,136,0,0
292,137,11,106
292,138,0,31
292,139,0,35
292,140,0,0
292,141,0,64
292,142,0,0
292,143,0,100
292,144,0,18
292,145,0,19
292,146,0,65
292,147,0,67
292,148,0,8
292,149,0,18
292,150,0,72
292,151,0,31
292,152,0,35
292,153,0,22
292,154,0,74
292,155,0,16
292,156,0,18
292,157,0,4
292,158,0,17
292,159,0,23
292,160,0,3
292,161,0,0
293,1,0,0
293,2,0,0
293,3,0,0
293,4,0,0
293,5,0,0
293,6,0,0
293,7,0,0
293,8,0,0
293,9,0,0
293,10,0,0
293,11,0,0
293,12,0,0
293,13,0,0
293,14,0,0
293,15,0,0
293,16,0,0
293,17,0,0
293,18,0,0
293,19,0,0
293,20,1,24
293,21,0,0
293,22,0,0
293,23,0,0
293,24,0,0
293,25,0,0
293,26,0,0
293,27,0,0
293,28,0,0
293,29,0,0
293,30,0,0
293,31,0,0
293,32,0,0
293,33,0,0
293,34,0,0
293,35,0,0
293,36,0,0
293,37,0,0
293,38,0,0
293,39,0,0
293,40,0,0
293,41,0,0
293,42,0,0
293,43,0,0
293,44,0,0
293,45,0,0
293,46,0,0
293,47,0,0
293,48,0,0
293,49,0,0
293,50,0,0
293,51,0,0
293,52,0,0
293,53,0,0
293,54,0,0
293,55,0,0
293,56,0,0
293,57,0,0
293,58,0,0
293,59,0,0
293,60,0,0
293,61,0,0
293,62,0,0
293,63,0,0
293,64,0,0
293,65,0,0
293,66,0,0
293,67,0,0
293,68,0,0
293,69,0,0
293,70,0,0
293,71,0,0
293,72,0,0
293,73,0,0
293,74,0,0
293,75,0,0
293,76,0,0
293,77,0,0
293,78,0,0
293,79,0,0
293,80,0,0
293,81,0,0
293,82,0,0
293,83,0,0
293,84,0,0
293,85,189,46
293,86,0,0
293,87,0,0
293,88,0,0
293,89,196,41
293,90,0,0
293,91,0,0
293,92,0,0
293,93,4,17
293,94,0,0
293,95,0,0
293,96,0,0
293,97,0,0
293,98,0,0
293,99,0,0
293,100,0,0
293,101,167,23
293,102,145,29
293,103,0,0
293,104,0,0
293,105,0,0
293,106,451,49
293,107,0,0
293,108,0,0
293,109,0,0
293,110,0,0
293,111,0,0
293,112,143,68
293,113,0,0
293,114,0,0
293,115,16,99
293,116,0,0
293,117,0,0
293,118,13,52
293,119,0,0
293,120,19,113
293,121,0,83
293,122,0,0
293,123,0,0
293,124,0,0
293,125,0,24
293,126,0,0
293,127,0,46
293,128,0,63
293,129,0,42
293,130,0,12
293,131,0,58
293,132,0,7
293,133,0,27
293,134,0,32
293,135,0,26
293,136,0,76
293,137,0,112
293,138,0,47
293,139,0,22
293,140,0,24
293,141,0,20
293,142,0,44
293,143,0,3
293,144,0,0
294,1,0,0
294,2,0,0
294,3,0,0
294,4,0,0
294,5,0,0
294,6,0,0
294,7,0,0
294,8,0,0
294,9,0,0
294,10,0,0
294,11,0,0
294,12,0,0
294,13,0,0
294,14,0,0
294,15,0,0
294,16,0,23
294,17,0,0
294,18,0,0
294,19,0,0
294,20,0,0
294,21,0,0
294,22,0,0
294,23,0,0
294,24,0,0
294,25,0,0
294,26,0,0
294,27,0,0
294,28,0,0
294,29,0,0
294,30,0,0
294,31,0,0
294,32,0,0
294,33,0,0
294,34,0,0
294,35,0,0
294,36,0,0
294,37,0,0
294,38,0,0
294,39,0,0
294,40,0,0
294,41,0,0
294,42,0,0
294,43,0,0
294,44,0,0
294,45,0,0
294,46,133,26
294,47,0,0
294,48,0,0
294,49,0,0
294,50,0,0
294,51,0,0
294,52,0,0
294,53,0,0
294,54,0,0
294,55,0,0
294,56,0,0
294,57,0,0
294,58,9,0
294,59,11,74
294,60,0,0
294,61,0,0
294,62,0,0
294,63,0,0
294,64,0,0
294,65,0,0
294,66,0,0
294,67,0,0
294,68,0,0
294,69,145,11
294,70,0,0
294,71,0,0
294,72,0,0
294,73,0,0
294,74,0,0
294,75,0,0
294,76,0,0
294,77,0,0
294,78,0,0
294,79,0,0
294,80,0,0
294,81,0,0
294,82,0,0
294,83,0,0
294,84,0,0
294,85,4,14
294,86,0,0
294,87,0,0
294,88,0,0
294,89,0,0
294,90,336,38
294,91,0,0
294,92,330,36
294,93,0,81
294,94,0,10
294,95,0,0
294,96,0,0
294,97,414,63
294,98,0,0
294,99,2,19
294,100,0,0
294,101,257,10
294,102,0,0
294,103,0,0
294,104,213,26
294,105,11,59
294,106,63,45
294,107,0,0
294,108,0,0
294,109,0,0
294,110,0,0
294,111,5,103
294,112,0,0
294,113,9,71
294,114,9,74
294,115,15,98
294,116,0,0
294,117,0,32
294,118,0,29
294,119,0,35
294,120,0,0
294,121,0,0
294,122,0,32
294,123,0,49
294,124,0,61
294,125,0,24
294,126,0,34
294,127,0,30
294,128,0,121
294,129,0,34
294,130,0,15
294,131,0,23
294,132,0,15
294,133,0,0
294,134,0,18
294,135,0,1
295,1,0,0
295,2,0,0
295,3,0,0
295,4,0,0
295,5,0,0
295,6,0,0
295,7,0,0
295,8,0,0
295,9,0,0
295,10,0,0
295,11,0,0
295,12,0,0
295,13,0,0
295,14,0,0
295,15,0,0
295,16,0,0
295,17,38,9
295,18,0,0
295,19,0,0
295,20,0,0
295,21,0,0
295,22,0,0
295,23,0,0
295,24,0,0
295,25,0,0
295,26,0,0
295,27,0,0
295,28,0,0
295,29,0,0
295,30,0,27
295,31,0,0
295,32,0,0
295,33,0,0
295,34,0,0
295,35,0,0
295,36,0,0
295,37,0,0
295,38,0,0
295,39,0,0
295,40,0,0
295,41,0,0
295,42,0,0
295,43,0,0
295,44,0,0
295,45,0,0
295,46,0,0
295,47,0,0
295,48,0,0
295,49,0,0
295,50,0,0
295,51,109,0
295,52,0,0
295,53,133,27
295,54,0,0
295,55,0,0
295,56,0,0
295,57,0,14
295,58,0,0
295,59,0,0
295,60,0,0
295,61,0,0
295,62,0,0
295,63,0,0
295,64,0,0
295,65,0,0
295,66,0,0
295,67,0,0
295,68,0,0
295,69,0,0
295,70,6,41
295,71,1,20
295,72,0,0
295,73,0,0
295,74,0,0
295,75,0,0
295,76,0,0
295,77,0,0
295,78,0,0
295,79,0,0
295,80,0,0
295,81,0,0
295,82,0,0
295,83,0,0
295,84,148,6
295,85,1,0
295,86,0,0
295,87,0,0
295,88,0,0
295,89,0,0
295,90,0,0
295,91,0,0
295,92,0,0
295,93,0,0
295,94,0,0
295,95,0,0
295,96,0,0
295,97,0,0
295,98,0,0
295,99,0,0
295,100,0,0
295,101,0,0
295,102,0,0
295,103,0,0
295,104,0,0
295,105,0,0
295,106,0,0
295,107,0,0
295,108,0,0
295,109,0,0
295,110,361,20
295,111,0,0
295,112,0,0
295,113,306,31
295,114,0,73
295,115,0,0
295,116,396,41
295,117,0,0
295,118,0,21
295,119,0,0
295,120,2,11
295,121,0,0
295,122,0,0
295,123,0,0
295,124,0,0
295,125,5,93
295,126,0,0
295,127,21,40
295,128,47,15
295,129,19,105
295,130,3,29
295,131,10,83
295,132,10,73
295,133,0,0
295,134,0,0
295,135,0,0
295,136,0,33
295,137,0,12
295,138,0,14
295,139,0,25
295,140,0,0
295,141,0,0
295,142,0,0
295,143,0,24
295,144,0,24
295,145,0,0
295,146,0,67
295,147,0,66
295,148,0,13
295,149,0,148
295,150,0,0
295,151,0,40
295,152,0,18
295,153,0,5
295,154,0,0
295,155,0,40
295,156,0,4
295,157,0,0
296,1,0,0
296,2,0,0
296,3,0,0
296,4,0,0
296,5,0,0
296,6,0,0
296,7,0,0
296,8,0,0
296,9,0,0
296,10,0,0
296,11,0,0
296,12,0,0
296,13,0,0
296,14,0,0
296,15,0,0
296,16,0,0
296,17,0,0
296,18,0,0
296,19,0,0
296,20,0,0
296,21,0,0
296,22,0,0
296,23,0,0
296,24,0,0
296,25,0,0
296,26,0,0
296,27,0,0
296,28,0,0
296,29,0,0
296,30,0,0
296,31,0,23
296,32,0,0
296,33,0,0
296,34,0,0
296,35,0,0
296,36,0,0
296,37,0,0
296,38,0,0
296,39,0,0
296,40,0,0
296,41,0,0
296,42,0,0
296,43,0,0
296,44,0,0
296,45,0,0
296,46,0,0
296,47,0,0
296,48,1,42
296,49,0,0
296,50,0,0
296,51,0,0
296,52,0,0
296,53,0,0
296,54,0,0
296,55,0,0
296,56,0,0
296,57,0,0
296,58,122,0
296,59,0,0
296,60,1,0
296,61,0,0
296,62,0,0
296,63,1,0
296,64,0,13
296,65,0,0
296,66,0,0
296,67,0,0
296,68,0,0
296,69,0,0
296,70,0,0
296,71,0,0
296,72,5,0
296,73,0,0
296,74,0,0
296,75,0,0
296,76,0,0
296,77,0,0
296,78,0,0
296,79,3,0
296,80,0,0
296,81,0,0
296,82,0,0
296,83,0,0
296,84,0,0
296,85,0,0
296,86,0,0
296,87,0,0
296,88,0,0
296,89,0,0
296,90,0,0
296,91,0,0
296,92,0,0
296,93,0,0
296,94,29,0
296,95,0,0
296,96,0,0
296,97,0,0
296,98,0,0
296,99,0,0
296,100,0,0
296,101,0,0
296,102,75,33
296,103,82,3
296,104,0,0
296,105,0,0
296,106,0,0
296,107,0,0
296,108,0,0
296,109,446,53
296,110,0,0
296,111,0,0
296,112,2,19
296,113,0,0
296,114,0,0
296,115,0,0
296,116,0,0
296,117,0,0
296,118,0,0
296,119,8,16
296,120,29,23
296,121,0,0
296,122,0,0
296,123,3,76
296,124,20,68
296,125,15,111
296,126,4,73
296,127,0,0
296,128,0,31
296,129,0,0
296,130,0,42
296,131,0,26
296,132,0,0
296,133,0,15
296,134,0,101
296,135,0,95
296,136,0,3
296,137,0,12
296,138,0,45
296,139,0,0
296,140,0,21
296,141,0,22
296,142,0,26
296,143,0,42
296,144,0,4
297,1,0,0
297,2,0,0
297,3,0,0
297,4,0,0
297,5,0,0
297,6,0,0
297,7,0,0
297,8,0,0
297,9,0,0
297,10,0,0
297,11,0,0
297,12,0,0
297,13,0,0
297,14,0,0
297,15,0,0
297,16,0,0
297,17,0,0
297,18,0,0
297,19,0,0
297,20,0,0
297,21,0,0
297,22,0,0
297,23,0,0
297,24,0,0
297,25,0,0
297,26,0,0
297,27,0,0
297,28,0,0
297,29,0,0
297,30,0,0
297,31,0,0
297,32,0,0
297,33,0,0
297,34,0,0
297,35,0,0
297,36,0,0
297,37,0,0
297,38,0,0
297,39,0,0
297,40,0,0
297,41,0,0
297,42,0,0
297,43,0,0
297,44,0,0
297,45,0,0
297,46,0,0
297,47,0,0
297,48,0,0
297,49,0,0
297,50,0,0
297,51,0,0
297,52,0,0
297,53,0,0
297,54,0,0
297,55,0,0
297,56,0,0
297,57,0,6
297,58,0,0
297,59,0,0
297,60,0,0
297,61,0,0
297,62,0,0
297,63,0,0
297,64,13,59
297,65,0,0
297,66,18,0
297,67,0,0
297,68,0,0
297,69,0,0
297,70,0,0
297,71,6,0
297,72,0,0
297,73,0,0
297,74,0,0
297,75,0,0
297,76,0,0
297,77,0,0
297,78,0,0
297,79,0,0
297,80,0,0
297,81,0,0
297,82,0,31
297,83,0,0
297,84,0,0
297,85,0,0
297,86,0,0
297,87,0,0
297,88,3,0
297,89,0,0
297,90,0,0
297,91,0,0
297,92,0,0
297,93,0,0
297,94,0,0
297,95,0,0
297,96,0,0
297,97,7,12
297,98,0,0
297,99,0,0
297,100,0,0
297,101,0,0
297,102,0,0
297,103,0,0
297,104,0,0
297,105,0,0
297,106,0,0
297,107,313,68
297,108,0,0
297,109,0,0
297,110,0,0
297,111,0,0
297,112,0,0
297,113,0,0
297,114,0,0
297,115,0,0
297,116,0,0
297,117,0,0
297,118,0,0
297,119,72,40
297,120,0,0
297,121,0,0
297,122,0,0
297,123,0,0
297,124,0,0
297,125,288,49
297,126,155,11
297,127,179,32
297,128,0,0
297,129,0,0
297,130,425,36
297,131,0,0
297,132,0,0
297,133,0,0
297,134,58,25
297,135,1,67
297,136,0,0
297,137,29,41
297,138,51,5
297,139,31,7
297,140,12,98
297,141,0,44
297,142,0,55
297,143,0,0
297,144,0,26
297,145,0,0
297,146,0,114
297,147,0,98
297,148,0,39
297,149,0,0
297,150,0,26
297,151,0,0
297,152,0,36
297,153,0,25
297,154,0,0
297,155,0,0
297,156,0,0
297,157,0,0
298,1,0,0
298,2,0,0
298,3,0,0
298,4,0,0
298,5,0,0
298,6,0,0
298,7,0,0
298,8,0,0
298,9,0,0
298,10,0,0
298,11,0,0
298,12,0,0
298,13,0,0
298,14,0,0
298,15,0,0
298,16,0,0
298,17,0,0
298,18,0,0
298,19,0,0
298,20,0,0
298,21,0,0
298,22,0,0
298,23,0,0
298,24,0,0
298,25,0,0
298,26,0,0
298,27,0,0
298,28,0,0
298,29,0,0
298,30,0,0
298,31,0,0
298,32,0,0
298,33,0,0
298,34,0,0
298,35,0,0
298,36,0,0
298,37,0,0
298,38,0,0
298,39,0,0
298,40,0,0
298,41,0,0
298,42,0,0
298,43,0,0
298,44,0,0
298,45,0,0
298,46,0,0
298,47,0,0
298,48,0,0
298,49,0,0
298,50,0,0
298,51,0,0
298,52,0,0
298,53,0,0
298,54,2,38
298,55,0,0
298,56,0,0
298,57,0,4
298,58,0,0
298,59,0,0
298,60,0,0
298,61,0,0
298,62,0,0
298,63,0,0
298,64,0,0
298,65,11,61
298,66,0,0
298,67,0,0
298,68,0,0
298,69,18,0
298,70,0,0
298,71,0,0
298,72,0,26
298,73,4,0
298,74,0,0
298,75,0,12
298,76,0,0
298,77,0,0
298,78,0,0
298,79,0,0
298,80,0,0
298,81,0,0
298,82,0,0
298,83,0,0
298,84,0,0
298,85,18,0
298,86,0,0
298,87,0,0
298,88,0,0
298,89,0,0
298,90,0,0
298,91,0,0
298,92,0,0
298,93,2,0
298,94,0,0
298,95,2,0
298,96,0,0
298,97,0,0
298,98,0,0
298,99,6,15
298,100,0,0
298,101,0,0
298,102,0,0
298,103,0,0
298,104,0,0
298,105,0,0
298,106,0,0
298,107,317,68
298,108,0,0
298,109,0,0
298,110,0,0
298,111,0,0
298,112,0,0
298,113,0,0
298,114,66,35
298,115,86,2
298,116,0,0
298,117,0,0
298,118,0,0
298,119,0,0
298,120,0,0
298,121,108,36
298,122,0,0
298,123,0,0
298,124,0,0
298,125,0,0
298,126,414,41
298,127,0,0
298,128,241,18
298,129,0,0
298,130,291,18
298,131,0,0
298,132,0,0
298,133,0,0
298,134,0,0
298,135,0,0
298,136,183,15
298,137,1,65
298,138,0,0
298,139,23,76
298,140,4,27
298,141,0,29
298,142,0,50
298,143,0,59
298,144,0,10
298,145,0,24
298,146,0,0
298,147,0,16
298,148,0,19
298,149,0,105
298,150,0,0
298,151,0,31
298,152,0,30
298,153,0,0
298,154,0,37
298,155,0,4
299,1,0,0
299,2,0,0
299,3,0,0
299,4,0,0
299,5,0,0
299,6,0,0
299,7,0,0
299,8,0,0
299,9,0,0
299,10,0,0
299,11,0,0
299,12,0,0
299,13,0,0
299,14,0,0
299,15,0,0
299,16,0,0
299,17,0,0
299,18,0,0
299,19,0,0
299,20,0,0
299,21,0,0
299,22,0,0
299,23,0,0
299,24,0,0
299,25,0,0
299,26,0,0
299,27,0,0
299,28,0,0
299,29,0,0
299,30,0,0
299,31,0,0
299,32,0,0
299,33,0,0
299,34,0,0
299,35,0,0
299,36,0,0
299,37,0,0
299,38,1,23
299,39,0,0
299,40,0,0
299,41,0,0
299,42,0,0
299,43,0,0
299,44,0,0
299,45,0,0
299,46,0,0
299,47,0,0
299,48,0,0
299,49,0,0
299,50,0,0
299,51,0,0
299,52,3,41
299,53,0,0
299,54,0,0
299,55,0,0
299,56,0,0
299,57,0,0
299,58,0,0
299,59,0,5
299,60,0,0
299,61,0,0
299,62,0,0
299,63,0,0
299,64,0,0
299,65,85,0
299,66,0,0
299,67,0,0
299,68,0,0
299,69,0,0
299,70,3,0
299,71,0,0
299,72,0,0
299,73,0,0
299,74,1,31
299,75,6,0
299,76,0,11
299,77,0,0
299,78,0,0
299,79,0,0
299,80,0,0
299,81,0,0
299,82,0,0
299,83,0,0
299,84,0,0
299,85,0,0
299,86,0,0
299,87,0,0
299,88,0,0
299,89,0,0
299,90,0,0
299,91,0,0
299,92,0,0
299,93,0,0
299,94,0,0
299,95,0,0
299,96,0,0
299,97,0,0
299,98,0,0
299,99,0,0
299,100,0,0
299,101,3,13
299,102,0,0
299,103,0,0
299,104,0,0
299,105,0,0
299,106,0,0
299,107,70,0
299,108,0,0
299,109,0,0
299,110,0,0
299,111,0,0
299,112,0,0
299,113,0,0
299,114,0,0
299,115,92,22
299,116,355,9
299,117,0,0
299,118,81,2
299,119,0,0
299,120,330,69
299,121,0,0
299,122,0,0
299,123,0,0
299,124,0,0
299,125,0,0
299,126,0,0
299,127,0,0
299,128,273,26
299,129,192,9
299,130,0,0
299,131,166,12
299,132,0,0
299,133,0,0
299,134,0,0
299,135,0,0
299,136,0,0
299,137,0,0
299,138,23,85
299,139,0,65
299,140,0,41
299,141,0,31
299,142,0,0
299,143,0,13
299,144,0,132
299,145,0,76
299,146,0,93
299,147,0,44
299,148,0,96
299,149,0,35
299,150,0,0
299,151,0,46
299,152,0,4
299,153,0,0
300,1,0,0
300,2,0,0
300,3,0,0
300,4,0,0
300,5,0,0
300,6,0,0
300,7,0,0
300,8,0,0
300,9,0,0
300,10,0,0
300,11,0,0
300,12,0,0
300,13,0,0
300,14,0,0
300,15,0,0
300,16,0,0
300,17,0,0
300,18,0,0
300,19,0,0
300,20,0,0
300,21,0,0
300,22,0,0
300,23,0,0
300,24,0,0
300,25,0,0
300,26,0,0
300,27,0,0
300,28,0,0
300,29,0,0
300,30,0,0
300,31,0,0
300,32,0,0
300,33,0,0
300,34,0,0
300,35,0,0
300,36,0,0
300,37,0,0
300,38,0,0
300,39,0,0
300,40,1,22
300,41,0,0
300,42,0,0
300,43,0,0
300,44,0,0
300,45,0,0
300,46,0,0
300,47,0,0
300,48,0,0
300,49,0,0
300,50,0,0
300,51,0,0
300,52,0,0
300,53,0,0
300,54,0,0
300,55,0,0
300,56,4,40
300,57,0,0
300,58,0,0
300,59,0,0
300,60,0,0
300,61,0,0
300,62,0,0
300,63,1,48
300,64,0,0
300,65,23,0
300,66,0,0
300,67,0,0
300,68,0,0
300,69,0,0
300,70,8,0
300,71,0,0
300,72,0,0
300,73,0,0
300,74,0,0
300,75,0,0
300,76,0,0
300,77,0,0
300,78,0,0
300,79,0,0
300,80,0,0
300,81,0,0
300,82,0,0
300,83,223,45
300,84,0,0
300,85,0,0
300,86,0,0
300,87,0,0
300,88,0,0
300,89,0,0
300,90,0,0
300,91,0,0
300,92,0,0
300,93,0,0
300,94,0,0
300,95,0,0
300,96,0,0
300,97,0,0
300,98,0,0
300,99,0,0
300,100,0,0
300,101,0,0
300,102,0,0
300,103,0,0
300,104,0,0
300,105,4,15
300,106,32,0
300,107,0,0
300,108,0,0
300,109,0,0
300,110,0,0
300,111,0,0
300,112,0,0
300,113,0,0
300,114,0,0
300,115,0,0
300,116,0,0
300,117,0,0
300,118,0,0
300,119,0,0
300,120,0,0
300,121,0,0
300,122,0,0
300,123,41,0
300,124,45,1
300,125,425,34
300,126,27,31
300,127,48,63
300,128,0,0
300,129,0,0
300,130,340,42
300,131,0,0
300,132,2,41
300,133,4,45
300,134,359,31
300,135,0,0
300,136,0,0
300,137,295,86
300,138,292,24
300,139,0,0
300,140,272,18
300,141,0,0
300,142,26,58
300,143,0,0
300,144,0,0
300,145,0,0
300,146,92,23
300,147,0,0
300,148,6,21
300,149,0,0
300,150,0,141
300,151,0,99
300,152,0,68
300,153,0,41
300,154,0,0
300,155,0,22
300,156,0,7
300,157,0,39
300,158,0,44
301,1,0,0
301,2,0,0
301,3,0,0
301,4,0,0
301,5,0,0
301,6,0,0
301,7,0,0
301,8,0,0
301,9,0,0
301,10,0,0
301,11,0,0
301,12,0,0
301,13,0,0
301,14,0,0
301,15,0,0
301,16,0,0
301,17,0,0
301,18,0,0
301,19,0,0
301,20,0,0
301,21,0,0
301,22,0,0
301,23,0,0
301,24,0,0
301,25,0,0
301,26,0,0
301,27,0,0
301,28,0,0
301,29,0,0
301,30,0,0
301,31,0,0
301,32,0,0
301,33,0,0
301,34,0,0
301,35,0,0
301,36,0,0
301,37,0,0
301,38,0,0
301,39,0,0
301,40,0,0
301,41,0,0
301,42,0,0
301,43,0,0
301,44,0,25
301,45,0,0
301,46,0,0
301,47,0,0
301,48,0,0
301,49,0,0
301,50,0,0
301,51,0,0
301,52,0,0
301,53,3,26
301,54,0,0
301,55,0,0
301,56,0,0
301,57,0,15
301,58,0,0
301,59,0,0
301,60,28,0
301,61,0,0
301,62,0,0
301,63,0,0
301,64,0,0
301,65,0,0
301,66,0,0
301,67,0,0
301,68,0,0
301,69,0,0
301,70,0,0
301,71,11,0
301,72,0,0
301,73,0,0
301,74,1,26
301,75,0,0
301,76,0,0
301,77,0,0
301,78,0,0
301,79,0,0
301,80,0,0
301,81,0,0
301,82,0,0
301,83,0,0
301,84,0,0
301,85,0,0
301,86,0,0
301,87,0,0
301,88,0,0
301,89,0,0
301,90,0,0
301,91,0,0
301,92,0,0
301,93,0,0
301,94,0,0
301,95,0,0
301,96,6,0
301,97,0,0
301,98,0,0
301,99,0,0
301,100,0,0
301,101,22,0
301,102,0,0
301,103,0,0
301,104,0,0
301,105,0,0
301,106,0,0
301,107,44,0
301,108,0,0
301,109,0,0
301,110,0,0
301,111,0,0
301,112,0,0
301,113,3,16
301,114,0,0
301,115,0,0
301,116,0,0
301,117,0,0
301,118,58,0
301,119,0,0
301,120,0,0
301,121,0,0
301,122,4,41
301,123,5,44
301,124,432,51
301,125,0,0
301,126,0,0
301,127,0,0
301,128,273,26
301,129,0,0
301,130,262,22
301,131,0,0
301,132,0,0
301,133,0,0
301,134,19,64
301,135,14,75
301,136,5,24
301,137,0,58
301,138,0,68
301,139,0,0
301,140,0,0
301,141,0,27
301,142,0,88
301,143,0,104
301,144,0,108
301,145,0,69
301,146,0,53
301,147,0,37
301,148,0,0
302,1,0,0
302,2,0,0
302,3,0,0
302,4,0,0
302,5,0,0
302,6,0,0
302,7,0,0
302,8,0,0
302,9,0,0
302,10,0,0
302,11,0,0
302,12,0,0
302,13,0,0
302,14,0,0
302,15,0,0
302,16,19,0
302,17,0,0
302,18,0,0
302,19,0,0
302,20,0,0
302,21,0,0
302,22,0,0
302,23,0,0
302,24,0,0
302,25,0,0
302,26,0,0
302,27,0,0
302,28,0,0
302,29,0,0
302,30,0,0
302,31,0,0
302,32,0,0
302,33,0,0
302,34,0,0
302,35,0,0
302,36,0,0
302,37,0,0
302,38,0,0
302,39,0,0
302,40,0,0
302,41,0,0
302,42,0,0
302,43,0,20
302,44,0,0
302,45,0,0
302,46,0,0
302,47,0,0
302,48,0,0
302,49,0,0
302,50,0,0
302,51,0,0
302,52,1,25
302,53,0,0
302,54,0,0
302,55,0,0
302,56,0,0
302,57,0,0
302,58,0,0
302,59,0,0
302,60,0,0
302,61,0,0
302,62,0,0
302,63,0,0
302,64,0,0
302,65,2,20
302,66,0,0
302,67,0,0
302,68,0,18
302,69,0,0
302,70,0,0
302,71,0,0
302,72,0,0
302,73,0,0
302,74,0,0
302,75,0,0
302,76,0,0
302,77,0,0
302,78,0,0
302,79,0,0
302,80,0,0
302,81,0,0
302,82,0,0
302,83,0,0
302,84,0,0
302,85,23,0
302,86,0,0
302,87,0,0
302,88,0,0
302,89,0,0
302,90,0,0
302,91,0,0
302,92,0,0
302,93,0,0
302,94,0,0
302,95,0,0
302,96,0,0
302,97,0,0
302,98,0,0
302,99,0,0
302,100,0,0
302,101,0,0
302,102,0,0
302,103,0,0
302,104,5,0
302,105,0,0
302,106,0,0
302,107,0,0
302,108,0,0
302,109,0,0
302,110,0,0
302,111,0,0
302,112,0,0
302,113,0,0
302,114,0,0
302,115,0,0
302,116,0,0
302,117,0,0
302,118,0,0
302,119,0,0
302,120,0,0
302,121,1,6
302,122,2,8
302,123,0,0
302,124,0,0
302,125,0,0
302,126,0,0
302,127,0,0
302,128,0,0
302,129,484,23
302,130,0,0
302,131,0,0
302,132,0,0
302,133,0,0
302,134,0,0
302,135,0,0
302,136,3,46
302,137,0,0
302,138,0,0
302,139,401,52
302,140,5,49
302,141,0,0
302,142,0,0
302,143,242,22
302,144,264,21
302,145,0,0
302,146,0,0
302,147,0,0
302,148,0,0
302,149,23,63
302,150,0,71
302,151,1,51
302,152,0,0
302,153,0,0
302,154,0,0
302,155,0,31
302,156,0,87
302,157,0,0
302,158,0,111
302,159,0,109
302,160,0,132
302,161,0,21
302,162,0,38
302,163,0,0
302,164,0,0
303,1,0,0
303,2,0,0
303,3,0,0
303,4,0,0
303,5,0,0
303,6,0,0
303,7,0,0
303,8,0,0
303,9,0,0
303,10,0,0
303,11,19,0
303,12,0,0
303,13,0,0
303,14,0,0
303,15,0,0
303,16,0,0
303,17,0,0
303,18,0,0
303,19,0,0
303,20,0,0
303,21,0,0
303,22,0,0
303,23,0,0
303,24,0,0
303,25,0,0
303,26,0,0
303,27,0,0
303,28,0,0
303,29,0,0
303,30,0,0
303,31,0,0
303,32,0,0
303,33,0,0
303,34,0,0
303,35,0,0
303,36,0,0
303,37,0,0
303,38,0,0
303,39,0,0
303,40,0,0
303,41,1,28
303,42,0,0
303,43,0,0
303,44,0,0
303,45,22,0
303,46,0,0
303,47,0,0
303,48,0,0
303,49,0,0
303,50,0,0
303,51,0,0
303,52,0,0
303,53,0,0
303,54,0,0
303,55,0,0
303,56,0,0
303,57,0,0
303,58,0,0
303,59,0,0
303,60,0,0
303,61,0,0
303,62,0,0
303,63,0,0
303,64,0,0
303,65,0,0
303,66,3,36
303,67,0,0
303,68,0,0
303,69,0,0
303,70,0,0
303,71,0,0
303,72,0,0
303,73,0,0
303,74,0,0
303,75,0,0
303,76,0,0
303,77,0,0
303,78,0,0
303,79,2,0
303,80,0,0
303,81,0,0
303,82,0,0
303,83,0,0
303,84,0,0
303,85,0,0
303,86,0,0
303,87,0,0
303,88,227,0
303,89,0,0
303,90,0,0
303,91,0,0
303,92,0,0
303,93,2,12
303,94,0,0
303,95,0,0
303,96,0,0
303,97,0,0
303,98,0,0
303,99,0,0
303,100,0,0
303,101,0,0
303,102,0,0
303,103,0,0
303,104,0,0
303,105,0,0
303,106,0,0
303,107,349,16
303,108,0,0
303,109,385,18
303,110,0,0
303,111,0,0
303,112,0,0
303,113,24,92
303,114,2,19
303,115,0,0
303,116,0,0
303,117,2,39
303,118,0,0
303,119,306,82
303,120,0,0
303,121,0,0
303,122,0,0
303,123,0,0
303,124,0,0
303,125,0,0
303,126,2,46
303,127,1,1
303,128,18,27
303,129,188,20
303,130,0,99
303,131,0,0
303,132,0,0
303,133,0,0
303,134,1,105
303,135,0,0
303,136,0,0
303,137,0,111
303,138,0,90
303,139,0,0
303,140,0,109
303,141,0,0
303,142,0,55
303,143,0,69
303,144,0,44
303,145,0,16
303,146,0,21
303,147,0,39
303,148,0,0
304,1,0,0
304,2,0,0
304,3,0,0
304,4,0,0
304,5,0,0
304,6,0,0
304,7,0,0
304,8,0,0
304,9,0,0
304,10,0,0
304,11,0,0
304,12,0,0
304,13,0,0
304,14,0,0
304,15,0,0
304,16,0,0
304,17,0,0
304,18,0,0
304,19,0,0
304,20,0,0
304,21,0,0
304,22,0,0
304,23,0,0
304,24,0,0
304,25,0,0
304,26,0,0
304,27,0,0
304,28,0,0
304,29,0,0
304,30,0,0
304,31,0,0
304,32,0,0
304,33,0,0
304,34,0,0
304,35,0,0
304,36,0,0
304,37,0,32
304,38,0,0
304,39,0,0
304,40,0,0
304,41,0,0
304,42,0,0
304,43,0,0
304,44,0,0
304,45,0,0
304,46,0,0
304,47,0,0
304,48,0,0
304,49,0,0
304,50,0,0
304,51,0,0
304,52,0,0
304,53,0,0
304,54,44,0
304,55,0,0
304,56,0,0
304,57,0,0
304,58,0,0
304,59,0,0
304,60,0,0
304,61,0,0
304,62,0,0
304,63,0,0
304,64,0,0
304,65,0,0
304,66,0,0
304,67,0,0
304,68,0,0
304,69,0,0
304,70,0,0
304,71,0,0
304,72,0,0
304,73,147,0
304,74,0,0
304,75,0,0
304,76,0,0
304,77,6,9
304,78,0,0
304,79,0,0
304,80,0,0
304,81,0,0
304,82,126,0
304,83,0,0
304,84,48,0
304,85,0,0
304,86,0,0
304,87,0,0
304,88,0,0
304,89,44,0
304,90,0,0
304,91,38,0
304,92,0,0
304,93,0,0
304,94,255,26
304,95,3,2
304,96,0,0
304,97,254,21
304,98,1,5
304,99,34,6
304,100,0,0
304,101,2,48
304,102,0,0
304,103,3,57
304,104,0,0
304,105,0,0
304,106,0,0
304,107,0,0
304,108,20,30
304,109,215,17
304,110,3,118
304,111,0,0
304,112,0,0
304,113,0,0
304,114,0,0
304,115,0,0
304,116,0,68
304,117,5,41
304,118,0,0
304,119,0,0
304,120,0,83
304,121,0,113
304,122,0,0
304,123,0,0
304,124,0,64
304,125,0,116
304,126,0,35
305,1,0,0
305,2,0,0
305,3,0,0
305,4,0,0
305,5,0,0
305,6,0,0
305,7,0,0
305,8,0,0
305,9,0,0
305,10,0,0
305,11,0,0
305,12,0,0
305,13,0,0
305,14,0,0
305,15,0,0
305,16,0,0
305,17,0,0
305,18,0,0
305,19,0,0
305,20,0,0
305,21,0,0
305,22,0,0
305,23,6,26
305,24,0,0
305,25,0,0
305,26,0,0
305,27,0,0
305,28,0,0
305,29,0,0
305,30,0,0
305,31,0,0
305,32,0,0
305,33,0,0
305,34,0,34
305,35,0,0
305,36,0,0
305,37,0,0
305,38,0,0
305,39,0,0
305,40,0,0
305,41,0,0
305,42,1,15
305,43,0,0
305,44,0,0
305,45,0,0
305,46,0,0
305,47,0,0
305,48,0,0
305,49,0,0
305,50,0,0
305,51,26,0
305,52,0,0
305,53,0,0
305,54,0,0
305,55,0,0
305,56,0,0
305,57,0,0
305,58,0,0
305,59,0,0
305,60,0,0
305,61,0,0
305,62,0,9
305,63,0,0
305,64,0,0
305,65,0,0
305,66,0,0
305,67,0,0
305,68,0,0
305,69,1,0
305,70,0,0
305,71,0,0
305,72,0,0
305,73,0,0
305,74,0,0
305,75,0,0
305,76,0,0
305,77,0,0
305,78,139,0
305,79,2,0
305,80,82,28
305,81,0,0
305,82,0,0
305,83,0,0
305,84,9,6
305,85,0,0
305,86,0,0
305,87,0,0
305,88,0,0
305,89,0,0
305,90,0,0
305,91,0,0
305,92,58,0
305,93,0,0
305,94,0,0
305,95,0,0
305,96,0,0
305,97,0,0
305,98,0,0
305,99,0,0
305,100,51,0
305,101,0,0
305,102,0,0
305,103,0,0
305,104,0,0
305,105,1,55
305,106,372,38
305,107,2,56
305,108,410,19
305,109,0,0
305,110,5,38
305,111,14,19
305,112,3,105
305,113,0,0
305,114,22,137
305,115,0,0
305,116,0,0
305,117,7,99
305,118,0,0
305,119,0,0
305,120,0,152
305,121,0,0
305,122,0,0
305,123,0,79
305,124,0,38
305,125,0,64
305,126,0,50
305,127,0,0
305,128,0,104
305,129,0,0
305,130,0,0
305,131,0,0
306,1,0,0
306,2,0,0
306,3,0,0
306,4,0,0
306,5,0,0
306,6,0,0
306,7,0,0
306,8,0,0
306,9,0,0
306,10,0,0
306,11,15,0
306,12,0,0
306,13,0,0
306,14,0,0
306,15,0,0
306,16,0,0
306,17,0,0
306,18,0,0
306,19,0,0
306,20,0,0
306,21,0,8
306,22,0,0
306,23,0,0
306,24,0,0
306,25,0,0
306,26,0,0
306,27,0,0
306,28,0,0
306,29,0,0
306,30,0,0
306,31,0,0
306,32,1,27
306,33,0,0
306,34,0,0
306,35,0,0
306,36,0,0
306,37,0,0
306,38,0,0
306,39,0,0
306,40,2,19
306,41,0,0
306,42,0,0
306,43,0,0
306,44,0,0
306,45,0,0
306,46,0,0
306,47,0,0
306,48,0,0
306,49,0,0
306,50,0,0
306,51,0,0
306,52,38,0
306,53,0,0
306,54,0,0
306,55,0,0
306,56,0,0
306,57,0,0
306,58,2,0
306,59,0,0
306,60,0,0
306,61,2,31
306,62,0,0
306,63,0,0
306,64,0,0
306,65,0,0
306,66,0,0
306,67,0,7
306,68,0,0
306,69,0,0
306,70,0,0
306,71,0,0
306,72,0,0
306,73,0,0
306,74,0,0
306,75,0,0
306,76,0,0
306,77,0,0
306,78,69,28
306,79,0,0
306,80,0,0
306,81,73,21
306,82,0,0
306,83,0,0
306,84,0,0
306,85,0,0
306,86,0,0
306,87,0,0
306,88,0,0
306,89,0,0
306,90,0,0
306,91,0,0
306,92,65,0
306,93,0,0
306,94,0,0
306,95,0,0
306,96,0,0
306,97,0,0
306,98,0,0
306,99,0,0
306,100,3,52
306,101,3,67
306,102,0,0
306,103,423,14
306,104,0,0
306,105,0,0
306,106,0,0
306,107,25,22
306,108,13,50
306,109,0,0
306,110,20,36
306,111,17,56
306,112,23,116
306,113,0,0
306,114,0,0
306,115,0,40
306,116,0,0
306,117,0,0
306,118,0,0
306,119,0,0
306,120,0,163
306,121,0,75
306,122,0,10
306,123,0,42
306,124,0,55
306,125,0,0
306,126,0,65
306,127,0,106
306,128,0,0
306,129,0,0
307,1,0,0
307,2,0,0
307,3,0,0
307,4,0,0
307,5,0,0
307,6,0,0
307,7,0,0
307,8,0,0
307,9,0,0
307,10,0,0
307,11,0,0
307,12,0,0
307,13,0,0
307,14,0,0
307,15,0,0
307,16,0,0
307,17,0,0
307,18,0,0
307,19,0,0
307,20,0,0
307,21,0,0
307,22,0,0
307,23,0,0
307,24,0,0
307,25,0,0
307,26,1,18
307,27,0,0
307,28,0,0
307,29,0,0
307,30,0,0
307,31,0,0
307,32,0,0
307,33,0,0
307,34,0,0
307,35,0,0
307,36,0,0
307,37,0,0
307,38,0,0
307,39,0,0
307,40,0,0
307,41,0,0
307,42,0,0
307,43,0,3
307,44,0,0
307,45,0,0
307,46,0,0
307,47,0,4
307,48,0,0
307,49,0,0
307,50,0,0
307,51,0,13
307,52,0,0
307,53,0,0
307,54,0,0
307,55,0,0
307,56,0,0
307,57,0,0
307,58,46,0
307,59,0,0
307,60,0,0
307,61,0,0
307,62,0,0
307,63,0,0
307,64,0,0
307,65,10,0
307,66,0,0
307,67,0,0
307,68,0,0
307,69,0,0
307,70,0,2
307,71,0,0
307,72,0,0
307,73,0,7
307,74,0,0
307,75,0,0
307,76,0,0
307,77,0,0
307,78,0,0
307,79,0,0
307,80,0,0
307,81,0,0
307,82,0,0
307,83,0,0
307,84,0,0
307,85,0,0
307,86,0,0
307,87,0,0
307,88,0,0
307,89,0,0
307,90,0,0
307,91,0,0
307,92,0,0
307,93,0,0
307,94,0,0
307,95,0,0
307,96,0,0
307,97,0,0
307,98,0,0
307,99,0,0
307,100,48,0
307,101,0,0
307,102,0,0
307,103,0,0
307,104,5,49
307,105,1,72
307,106,0,0
307,107,0,0
307,108,393,15
307,109,0,0
307,110,0,0
307,111,0,0
307,112,149,112
307,113,422,11
307,114,203,36
307,115,0,0
307,116,14,11
307,117,12,34
307,118,11,21
307,119,5,81
307,120,13,33
307,121,0,0
307,122,56,62
307,123,20,117
307,124,4,57
307,125,0,0
307,126,0,60
307,127,0,43
307,128,0,0
307,129,0,0
307,130,0,76
307,131,0,102
307,132,0,0
307,133,0,71
307,134,0,81
307,135,0,61
307,136,0,0
308,1,0,0
308,2,0,0
308,3,0,0
308,4,0,0
308,5,0,0
308,6,0,0
308,7,0,0
308,8,0,0
308,9,0,0
308,10,0,0
308,11,0,0
308,12,0,0
308,13,0,0
308,14,0,0
308,15,0,0
308,16,0,0
308,17,0,0
308,18,0,0
308,19,0,0
308,20,1,19
308,21,0,0
308,22,0,0
308,23,0,0
308,24,0,0
308,25,0,0
308,26,0,0
308,27,0,0
308,28,0,0
308,29,0,0
308,30,0,0
308,31,0,0
308,32,0,0
308,33,0,0
308,34,0,0
308,35,0,0
308,36,0,0
308,37,0,0
308,38,0,36
308,39,0,0
308,40,0,0
308,41,0,0
308,42,0,0
308,43,0,0
308,44,0,0
308,45,0,0
308,46,0,0
308,47,0,0
308,48,0,0
308,49,46,0
308,50,0,0
308,51,0,0
308,52,0,0
308,53,0,0
308,54,0,0
308,55,0,0
308,56,0,0
308,57,0,0
308,58,0,0
308,59,0,0
308,60,0,0
308,61,0,0
308,62,0,0
308,63,0,0
308,64,0,0
308,65,0,0
308,66,0,0
308,67,0,0
308,68,0,0
308,69,0,0
308,70,0,0
308,71,0,0
308,72,0,0
308,73,0,0
308,74,0,0
308,75,0,0
308,76,0,0
308,77,0,0
308,78,0,0
308,79,40,0
308,80,0,0
308,81,0,0
308,82,0,0
308,83,0,0
308,84,0,0
308,85,0,0
308,86,0,0
308,87,0,0
308,88,0,0
308,89,0,0
308,90,0,0
308,91,0,0
308,92,0,0
308,93,0,0
308,94,73,0
308,95,0,0
308,96,21,0
308,97,0,0
308,98,0,0
308,99,0,0
308,100,44,0
308,101,0,0
308,102,245,47
308,103,209,36
308,104,4,45
308,105,0,72
308,106,0,0
308,107,456,18
308,108,0,0
308,109,0,0
308,110,315,97
308,111,0,0
308,112,23,22
308,113,20,60
308,114,0,0
308,115,10,67
308,116,334,19
308,117,21,83
308,118,0,0
308,119,0,0
308,120,0,0
308,121,0,0
308,122,0,0
308,123,0,0
308,124,0,0
308,125,0,0
308,126,0,125
308,127,0,131
308,128,0,144
308,129,0,0
308,130,0,0
309,1,0,0
309,2,0,0
309,3,0,0
309,4,0,0
309,5,0,0
309,6,0,0
309,7,0,0
309,8,0,0
309,9,0,0
309,10,0,0
309,11,0,0
309,12,0,0
309,13,0,0
309,14,0,0
309,15,0,0
309,16,0,0
309,17,0,0
309,18,0,0
309,19,0,0
309,20,0,0
309,21,0,0
309,22,0,16
309,23,0,0
309,24,0,0
309,25,0,0
309,26,0,0
309,27,0,0
309,28,0,0
309,29,0,0
309,30,0,0
309,31,0,0
309,32,0,0
309,33,0,0
309,34,0,0
309,35,0,0
309,36,7,23
309,37,0,0
309,38,0,0
309,39,0,0
309,40,0,0
309,41,0,0
309,42,0,0
309,43,0,0
309,44,0,28
309,45,0,0
309,46,0,0
309,47,3,33
309,48,0,0
309,49,0,0
309,50,0,0
309,51,0,0
309,52,0,0
309,53,0,0
309,54,0,0
309,55,0,0
309,56,0,0
309,57,0,0
309,58,0,0
309,59,43,0
309,60,0,0
309,61,0,0
309,62,0,0
309,63,0,0
309,64,0,0
309,65,0,0
309,66,0,0
309,67,0,0
309,68,0,0
309,69,0,0
309,70,0,0
309,71,0,0
309,72,0,0
309,73,0,0
309,74,0,0
309,75,0,0
309,76,0,0
309,77,0,0
309,78,0,0
309,79,0,0
309,80,0,0
309,81,0,0
309,82,0,0
309,83,0,0
309,84,0,0
309,85,0,0
309,86,0,0
309,87,0,0
309,88,0,0
309,89,0,0
309,90,0,0
309,91,0,0
309,92,0,0
309,93,0,0
309,94,0,0
309,95,0,0
309,96,0,0
309,97,0,0
309,98,0,0
309,99,0,0
309,100,0,0
309,101,0,0
309,102,0,0
309,103,0,0
309,104,0,0
309,105,0,0
309,106,0,0
309,107,0,0
309,108,0,0
309,109,0,0
309,110,0,0
309,111,34,0
309,112,0,0
309,113,0,0
309,114,0,0
309,115,0,0
309,116,0,0
309,117,0,0
309,118,67,0
309,119,0,0
309,120,0,0
309,121,0,0
309,122,0,0
309,123,0,0
309,124,0,0
309,125,0,0
309,126,7,102
309,127,0,0
309,128,0,0
309,129,0,0
309,130,512,21
309,131,0,0
309,132,0,0
309,133,0,0
309,134,356,92
309,135,0,0
309,136,29,26
309,137,0,0
309,138,0,0
309,139,215,8
309,140,248,10
309,141,21,106
309,142,47,55
309,143,15,87
309,144,39,41
309,145,0,0
309,146,0,68
309,147,0,0
309,148,0,0
309,149,0,142
309,150,0,161
309,151,0,168
309,152,0,0
310,1,0,0
310,2,0,0
310,3,0,0
310,4,0,0
310,5,0,0
310,6,0,0
310,7,0,0
310,8,0,0
310,9,0,0
310,10,0,0
310,11,0,0
310,12,0,0
310,13,0,0
310,14,0,0
310,15,0,0
310,16,0,0
310,17,0,0
310,18,0,0
310,19,0,0
310,20,0,0
310,21,0,0
310,22,0,0
310,23,0,0
310,24,0,0
310,25,0,0
310,26,0,0
310,27,0,0
310,28,0,0
310,29,0,0
310,30,0,0
310,31,0,0
310,32,0,0
310,33,0,0
310,34,0,0
310,35,2,20
310,36,0,0
310,37,0,0
310,38,0,0
310,39,0,0
310,40,0,0
310,41,0,0
310,42,0,0
310,43,0,0
310,44,0,0
310,45,0,0
310,46,0,0
310,47,0,0
310,48,0,0
310,49,0,32
310,50,0,0
310,51,0,0
310,52,0,0
310,53,0,0
310,54,0,0
310,55,0,0
310,56,0,0
310,57,0,0
310,58,0,0
310,59,0,0
310,60,0,0
310,61,0,0
310,62,0,0
310,63,0,0
310,64,0,0
310,65,0,0
310,66,43,0
310,67,0,0
310,68,0,0
310,69,0,0
310,70,0,0
310,71,0,0
310,72,0,0
310,73,0,0
310,74,0,0
310,75,0,0
310,76,0,0
310,77,0,0
310,78,325,54
310,79,0,0
310,80,0,0
310,81,0,0
310,82,0,0
310,83,0,0
310,84,0,0
310,85,0,0
310,86,0,0
310,87,0,0
310,88,0,0
310,89,0,0
310,90,0,0
310,91,0,0
310,92,0,0
310,93,21,0
310,94,0,0
310,95,0,0
310,96,0,0
310,97,0,0
310,98,103,0
310,99,0,0
310,100,0,0
310,101,0,0
310,102,0,0
310,103,0,0
310,104,0,0
310,105,0,0
310,106,0,0
310,107,0,0
310,108,0,0
310,109,0,0
310,110,0,0
310,111,0,0
310,112,0,0
310,113,0,0
310,114,0,0
310,115,0,0
310,116,0,0
310,117,0,0
310,118,97,0
310,119,0,0
310,120,0,0
310,121,0,0
310,122,0,0
310,123,0,0
310,124,0,0
310,125,0,0
310,126,0,0
310,127,5,100
310,128,0,0
310,129,0,0
310,130,0,0
310,131,0,0
310,132,397,55
310,133,44,11
310,134,0,0
310,135,0,0
310,136,0,0
310,137,442,17
310,138,0,0
310,139,23,77
310,140,0,0
310,141,0,0
310,142,41,43
310,143,0,0
310,144,0,81
310,145,0,0
310,146,0,69
310,147,0,0
310,148,0,0
310,149,0,0
310,150,0,140
310,151,0,0
310,152,0,185
310,153,0,217
310,154,0,0
310,155,0,13
311,1,0,0
311,2,0,0
311,3,0,0
311,4,0,0
311,5,0,0
311,6,0,0
311,7,0,0
311,8,0,0
311,9,0,0
311,10,0,0
311,11,0,0
311,12,0,0
311,13,0,0
311,14,0,0
311,15,0,0
311,16,0,0
311,17,0,0
311,18,0,0
311,19,0,0
311,20,0,0
311,21,0,0
311,22,0,0
311,23,0,0
311,24,0,0
311,25,0,0
311,26,0,0
311,27,0,0
311,28,0,0
311,29,0,0
311,30,0,0
311,31,0,18
311,32,0,0
311,33,0,0
311,34,0,0
311,35,63,0
311,36,0,0
311,37,0,0
311,38,70,0
311,39,0,5
311,40,0,0
311,41,0,0
311,42,0,0
311,43,0,0
311,44,0,0
311,45,0,0
311,46,0,0
311,47,0,0
311,48,0,0
311,49,0,0
311,50,0,0
311,51,0,0
311,52,107,1
311,53,0,0
311,54,0,0
311,55,0,0
311,56,228,22
311,57,0,0
311,58,0,0
311,59,0,0
311,60,0,0
311,61,0,0
311,62,0,0
311,63,0,0
311,64,0,0
311,65,42,0
311,66,0,0
311,67,0,0
311,68,0,0
311,69,302,52
311,70,0,0
311,71,0,0
311,72,0,0
311,73,0,0
311,74,0,0
311,75,0,0
311,76,0,0
311,77,0,0
311,78,0,0
311,79,0,0
311,80,0,0
311,81,8,0
311,82,0,0
311,83,0,0
311,84,0,0
311,85,0,0
311,86,0,0
311,87,0,0
311,88,0,0
311,89,0,0
311,90,0,0
311,91,128,0
311,92,0,0
311,93,0,0
311,94,0,0
311,95,0,0
311,96,0,0
311,97,0,0
311,98,0,0
311,99,0,0
311,100,0,0
311,101,0,0
311,102,0,0
311,103,0,0
311,104,0,0
311,105,0,0
311,106,0,0
311,107,0,0
311,108,96,0
311,109,0,0
311,110,0,0
311,111,0,0
311,112,0,0
311,113,0,0
311,114,0,0
311,115,0,0
311,116,0,0
311,117,0,0
311,118,0,0
311,119,6,100
311,120,0,0
311,121,0,0
311,122,0,0
311,123,0,0
311,124,0,0
311,125,41,32
311,126,0,0
311,127,0,0
311,128,0,0
311,129,530,40
311,130,0,0
311,131,23,123
311,132,0,0
311,133,0,0
311,134,0,0
311,135,0,94
311,136,0,76
311,137,0,0
311,138,0,0
311,139,0,0
311,140,0,0
311,141,0,0
311,142,0,126
311,143,0,190
311,144,0,205
311,145,0,26
312,1,0,0
312,2,0,0
312,3,0,0
312,4,0,0
312,5,0,0
312,6,0,0
312,7,0,0
312,8,0,0
312,9,0,0
312,10,0,0
312,11,0,0
312,12,0,0
312,13,0,0
312,14,0,0
312,15,0,0
312,16,0,0
312,17,0,0
312,18,0,0
312,19,0,0
312,20,0,0
312,21,0,0
312,22,0,0
312,23,0,0
312,24,0,0
312,25,0,0
312,26,0,0
312,27,0,0
312,28,0,0
312,29,0,0
312,30,0,0
312,31,0,0
312,32,0,0
312,33,0,0
312,34,0,0
312,35,0,0
312,36,0,0
312,37,0,0
312,38,0,0
312,39,0,0
312,40,0,0
312,41,83,0
312,42,0,0
312,43,0,0
312,44,0,0
312,45,0,0
312,46,0,0
312,47,0,0
312,48,0,0
312,49,0,0
312,50,0,0
312,51,0,0
312,52,273,22
312,53,0,0
312,54,0,0
312,55,0,0
312,56,0,0
312,57,0,0
312,58,0,0
312,59,0,0
312,60,0,0
312,61,5,28
312,62,5,30
312,63,347,63
312,64,0,0
312,65,0,0
312,66,0,0
312,67,0,0
312,68,0,0
312,69,0,0
312,70,0,0
312,71,0,0
312,72,0,0
312,73,0,0
312,74,0,0
312,75,0,0
312,76,0,0
312,77,0,0
312,78,0,0
312,79,0,0
312,80,0,0
312,81,0,0
312,82,0,0
312,83,0,0
312,84,7,0
312,85,0,0
312,86,6,0
312,87,0,0
312,88,0,0
312,89,0,0
312,90,0,0
312,91,0,0
312,92,0,0
312,93,0,0
312,94,0,0
312,95,0,0
312,96,0,0
312,97,0,0
312,98,0,0
312,99,0,0
312,100,0,0
312,101,0,0
312,102,0,0
312,103,0,0
312,104,0,0
312,105,0,0
312,106,0,0
312,107,0,0
312,108,0,0
312,109,0,0
312,110,0,0
312,111,0,0
312,112,0,0
312,113,104,0
312,114,0,0
312,115,0,0
312,116,0,0
312,117,0,0
312,118,0,0
312,119,0,0
312,120,0,0
312,121,0,0
312,122,609,43
312,123,0,0
312,124,0,0
312,125,0,0
312,126,0,0
312,127,0,0
312,128,0,0
312,129,5,85
312,130,0,0
312,131,347,76
312,132,0,0
312,133,0,0
312,134,0,0
312,135,0,0
312,136,0,0
312,137,36,44
312,138,0,0
312,139,564,26
312,140,0,0
312,141,373,110
312,142,0,0
312,143,19,90
312,144,18,102
312,145,0,0
312,146,0,0
312,147,29,67
312,148,0,0
312,149,0,0
312,150,0,0
312,151,81,106
312,152,0,0
312,153,0,0
312,154,0,0
312,155,0,0
312,156,0,0
312,157,0,81
312,158,0,0
312,159,0,0
312,160,0,0
312,161,0,125
312,162,0,0
312,163,0,0
312,164,0,134
312,165,0,0
312,166,0,19
312,167,0,168
312,168,0,187
312,169,0,20
312,170,0,10
312,171,0,36
312,172,0,0
313,1,0,0
313,2,0,0
313,3,0,0
313,4,0,0
313,5,0,0
313,6,0,0
313,7,0,0
313,8,0,0
313,9,0,0
313,10,0,0
313,11,0,0
313,12,0,0
313,13,0,0
313,14,0,0
313,15,0,0
313,16,0,0
313,17,0,0
313,18,0,0
313,19,0,0
313,20,0,0
313,21,0,0
313,22,0,0
313,23,0,0
313,24,0,0
313,25,0,0
313,26,0,0
313,27,0,0
313,28,0,0
313,29,0,0
313,30,0,0
313,31,0,0
313,32,0,0
313,33,0,0
313,34,0,0
313,35,0,0
313,36,0,0
313,37,0,0
313,38,0,0
313,39,0,0
313,40,0,0
313,41,0,0
313,42,0,0
313,43,0,0
313,44,0,0
313,45,0,0
313,46,0,0
313,47,0,0
313,48,0,0
313,49,0,0
313,50,0,0
313,51,0,0
313,52,0,0
313,53,0,0
313,54,0,0
313,55,0,0
313,56,0,0
313,57,0,0
313,58,0,0
313,59,0,0
313,60,0,0
313,61,0,0
313,62,0,0
313,63,0,0
313,64,0,0
313,65,0,0
313,66,0,0
313,67,0,0
313,68,0,0
313,69,0,0
313,70,0,0
313,71,0,0
313,72,0,0
313,73,0,0
313,74,0,0
313,75,0,0
313,76,0,0
313,77,0,0
313,78,0,0
313,79,0,0
313,80,0,0
313,81,0,0
313,82,0,0
313,83,0,0
313,84,0,0
313,85,0,0
313,86,0,0
313,87,0,0
313,88,0,0
313,89,0,0
313,90,0,0
313,91,0,0
313,92,0,0
313,93,0,0
313,94,0,0
313,95,0,0
313,96,0,0
313,97,0,0
313,98,0,0
313,99,0,0
313,100,0,0
313,101,0,0
313,102,0,0
313,103,0,0
313,104,0,0
313,105,0,0
313,106,0,0
313,107,0,0
313,108,0,0
313,109,0,0
313,110,0,0
313,111,372,27
313,112,0,0
313,113,0,0
313,114,0,0
313,115,0,0
313,116,0,0
313,117,0,0
313,118,0,0
313,119,0,0
313,120,0,0
313,121,0,0
313,122,0,0
313,123,0,0
313,124,18,100
313,125,0,0
313,126,0,0
313,127,0,0
313,128,0,0
313,129,49,2
313,130,36,128
313,131,0,0
313,132,562,20
313,133,0,0
313,134,239,73
313,135,0,0
313,136,203,58
313,137,22,89
313,138,11,102
313,139,3,25
313,140,0,0
313,141,475,26
313,142,75,84
313,143,0,0
313,144,0,0
313,145,74,106
313,146,0,0
313,147,0,0
313,148,0,0
313,149,0,0
313,150,0,76
313,151,0,0
313,152,0,0
313,153,0,0
313,154,0,171
313,155,0,0
313,156,0,14
313,157,0,0
313,158,0,22
313,159,0,11
313,160,0,32
313,161,0,0
313,162,0,0
313,163,0,0
313,164,0,0
314,1,0,0
314,2,0,0
314,3,0,0
314,4,0,0
314,5,0,0
314,6,0,0
314,7,0,0
314,8,0,0
314,9,0,0
314,10,0,0
314,11,0,0
314,12,0,0
314,13,0,0
314,14,0,0
314,15,0,0
314,16,0,0
314,17,0,0
314,18,0,0
314,19,0,0
314,20,0,0
314,21,0,0
314,22,0,0
314,23,0,0
314,24,0,0
314,25,0,0
314,26,0,0
314,27,0,0
314,28,0,0
314,29,0,0
314,30,151,0
314,31,0,0
314,32,0,0
314,33,0,0
314,34,0,0
314,35,0,0
314,36,0,0
314,37,0,0
314,38,0,0
314,39,0,0
314,40,0,0
314,41,1,56
314,42,0,0
314,43,0,0
314,44,0,0
314,45,0,0
314,46,0,0
314,47,0,0
314,48,0,0
314,49,0,0
314,50,0,0
314,51,0,0
314,52,0,0
314,53,0,0
314,54,0,0
314,55,0,1
314,56,0,0
314,57,0,0
314,58,0,0
314,59,0,0
314,60,0,0
314,61,0,0
314,62,0,0
314,63,0,0
314,64,0,0
314,65,0,0
314,66,0,0
314,67,0,0
314,68,0,0
314,69,0,0
314,70,0,0
314,71,0,0
314,72,0,0
314,73,1,0
314,74,10,0
314,75,0,0
314,76,0,0
314,77,0,0
314,78,0,0
314,79,0,0
314,80,0,0
314,81,0,0
314,82,0,0
314,83,0,0
314,84,0,0
314,85,0,0
314,86,0,0
314,87,0,0
314,88,0,0
314,89,0,0
314,90,0,0
314,91,0,0
314,92,0,0
314,93,0,0
314,94,0,0
314,95,0,0
314,96,0,0
314,97,0,0
314,98,0,0
314,99,0,0
314,100,0,0
314,101,0,0
314,102,0,0
314,103,0,0
314,104,0,0
314,105,0,0
314,106,0,0
314,107,0,0
314,108,0,0
314,109,0,0
314,110,0,0
314,111,0,0
314,112,0,0
314,113,0,0
314,114,0,0
314,115,64,0
314,116,0,0
314,117,0,0
314,118,0,0
314,119,0,0
314,120,0,0
314,121,0,0
314,122,0,0
314,123,0,0
314,124,0,0
314,125,0,0
314,126,0,0
314,127,34,99
314,128,0,0
314,129,0,0
314,130,0,0
314,131,0,0
314,132,41,70
314,133,0,0
314,134,22,84
314,135,8,75
314,136,0,0
314,137,0,0
314,138,530,26
314,139,53,86
314,140,0,0
314,141,78,105
314,142,0,0
314,143,0,0
314,144,0,0
314,145,0,128
314,146,0,0
314,147,0,0
314,148,0,21
314,149,0,25
314,150,0,46
314,151,0,29
314,152,0,0
314,153,0,0
315,1,0,0
315,2,0,0
315,3,0,0
315,4,0,0
315,5,0,0
315,6,0,0
315,7,0,0
315,8,0,0
315,9,0,0
315,10,0,0
315,11,0,0
315,12,0,0
315,13,0,0
315,14,0,0
315,15,0,0
315,16,0,0
315,17,0,0
315,18,0,0
315,19,0,0
315,20,0,0
315,21,0,0
315,22,0,0
315,23,0,0
315,24,0,0
315,25,0,0
315,26,0,0
315,27,0,0
315,28,0,0
315,29,0,0
315,30,0,0
315,31,0,0
315,32,0,0
315,33,0,0
315,34,0,0
315,35,0,0
315,36,0,0
315,37,0,0
315,38,0,0
315,39,0,0
315,40,1,34
315,41,0,0
315,42,0,0
315,43,0,0
315,44,0,36
315,45,0,0
315,46,0,0
315,47,0,0
315,48,0,0
315,49,0,0
315,50,0,0
315,51,0,0
315,52,0,0
315,53,0,0
315,54,0,0
315,55,0,0
315,56,0,0
315,57,0,0
315,58,0,0
315,59,0,0
315,60,0,0
315,61,0,0
315,62,0,0
315,63,0,0
315,64,0,0
315,65,0,0
315,66,0,0
315,67,0,0
315,68,0,0
315,69,2,0
315,70,0,0
315,71,8,12
315,72,11,0
315,73,0,0
315,74,0,0
315,75,0,0
315,76,0,0
315,77,0,0
315,78,0,0
315,79,0,0
315,80,0,0
315,81,0,0
315,82,0,0
315,83,0,0
315,84,0,0
315,85,0,0
315,86,0,0
315,87,0,0
315,88,0,0
315,89,0,0
315,90,0,0
315,91,0,0
315,92,0,0
315,93,0,0
315,94,0,0
315,95,0,0
315,96,0,0
315,97,0,0
315,98,0,0
315,99,0,0
315,100,0,0
315,101,0,0
315,102,0,0
315,103,362,41
315,104,22,0
315,105,0,0
315,106,0,0
315,107,0,0
315,108,0,0
315,109,0,0
315,110,401,76
315,111,0,0
315,112,0,0
315,113,0,0
315,114,0,0
315,115,3,97
315,116,0,0
315,117,0,0
315,118,0,0
315,119,45,48
315,120,0,0
315,121,0,0
315,122,13,97
315,123,372,15
315,124,188,89
315,125,76,12
315,126,85,2
315,127,183,5
315,128,113,30
315,129,0,0
315,130,0,0
315,131,289,15
315,132,64,114
315,133,198,27
315,134,0,0
315,135,0,0
315,136,0,0
315,137,0,106
315,138,0,0
315,139,0,105
315,140,0,93
315,141,0,0
315,142,0,63
315,143,0,17
315,144,0,25
315,145,0,36
315,146,0,36
315,147,0,31
315,148,0,0
315,149,0,0
316,1,0,0
316,2,0,0
316,3,0,0
316,4,0,0
316,5,0,0
316,6,0,0
316,7,0,0
316,8,0,0
316,9,0,0
316,10,0,0
316,11,0,0
316,12,0,0
316,13,0,0
316,14,0,0
316,15,0,0
316,16,0,0
316,17,0,0
316,18,0,0
316,19,0,0
316,20,0,0
316,21,0,0
316,22,0,0
316,23,0,0
316,24,0,0
316,25,0,0
316,26,0,0
316,27,0,0
316,28,2,68
316,29,0,0
316,30,0,0
316,31,0,0
316,32,0,0
316,33,0,0
316,34,0,0
316,35,0,0
316,36,0,0
316,37,0,0
316,38,0,0
316,39,0,0
316,40,0,0
316,41,0,0
316,42,0,0
316,43,0,0
316,44,0,0
316,45,0,0
316,46,0,0
316,47,0,0
316,48,0,0
316,49,0,0
316,50,0,0
316,51,0,0
316,52,0,0
316,53,0,0
316,54,0,0
316,55,0,0
316,56,0,0
316,57,11,0
316,58,0,0
316,59,3,13
316,60,0,0
316,61,0,0
316,62,2,19
316,63,0,0
316,64,0,0
316,65,0,0
316,66,0,0
316,67,0,0
316,68,0,0
316,69,0,0
316,70,0,0
316,71,0,0
316,72,0,0
316,73,0,0
316,74,0,0
316,75,0,0
316,76,0,0
316,77,0,0
316,78,0,0
316,79,0,0
316,80,0,0
316,81,0,0
316,82,411,35
316,83,0,0
316,84,0,0
316,85,0,0
316,86,0,0
316,87,0,0
316,88,0,0
316,89,0,0
316,90,363,76
316,91,0,0
316,92,0,0
316,93,0,0
316,94,0,0
316,95,0,0
316,96,0,0
316,97,0,0
316,98,0,0
316,99,323,10
316,100,265,80
316,101,89,6
316,102,161,5
316,103,114,49
316,104,0,0
316,105,304,17
316,106,0,0
316,107,154,23
316,108,141,16
316,109,0,0
316,110,0,0
316,111,0,0
316,112,0,58
316,113,0,0
316,114,0,0
316,115,0,48
316,116,0,0
316,117,0,0
316,118,0,0
316,119,0,0
316,120,0,58
316,121,0,18
316,122,0,8
316,123,0,7
316,124,0,21
316,125,0,37
316,126,0,14
316,127,0,28
316,128,0,0
316,129,0,15
316,130,0,69
316,131,0,0
316,132,0,0
317,1,0,0
317,2,0,0
317,3,0,0
317,4,0,0
317,5,0,0
317,6,0,0
317,7,0,0
317,8,0,0
317,9,0,0
317,10,0,0
317,11,0,0
317,12,0,0
317,13,0,0
317,14,0,0
317,15,0,0
317,16,0,0
317,17,0,0
317,18,0,0
317,19,0,0
317,20,0,0
317,21,0,0
317,22,0,0
317,23,0,0
317,24,0,0
317,25,0,0
317,26,0,0
317,27,0,0
317,28,0,0
317,29,0,0
317,30,0,0
317,31,0,0
317,32,0,0
317,33,0,0
317,34,0,0
317,35,0,0
317,36,0,0
317,37,0,0
317,38,0,0
317,39,0,0
317,40,0,0
317,41,0,0
317,42,0,0
317,43,0,0
317,44,0,0
317,45,0,0
317,46,0,0
317,47,0,0
317,48,3,19
317,49,0,0
317,50,0,0
317,51,0,0
317,52,0,0
317,53,5,0
317,54,0,0
317,55,2,10
317,56,0,0
317,57,0,0
317,58,3,18
317,59,0,0
317,60,0,0
317,61,0,0
317,62,86,0
317,63,0,0
317,64,0,0
317,65,0,0
317,66,0,0
317,67,0,0
317,68,0,0
317,69,0,0
317,70,0,0
317,71,0,0
317,72,0,0
317,73,0,0
317,74,0,0
317,75,0,0
317,76,0,0
317,77,0,0
317,78,0,0
317,79,0,0
317,80,98,6
317,81,0,0
317,82,0,0
317,83,0,0
317,84,362,69
317,85,0,0
317,86,2,60
317,87,0,0
317,88,0,0
317,89,0,0
317,90,0,0
317,91,0,0
317,92,15,79
317,93,312,36
317,94,191,5
317,95,155,9
317,96,0,0
317,97,72,6
317,98,0,0
317,99,194,13
317,100,104,36
317,101,66,8
317,102,170,13
317,103,0,0
317,104,0,62
317,105,0,0
317,106,0,72
317,107,0,0
317,108,0,0
317,109,0,43
317,110,0,0
317,111,0,0
317,112,0,64
317,113,0,0
317,114,0,171
317,115,0,0
317,116,0,22
317,117,0,201
317,118,0,9
317,119,0,21
317,120,0,15
317,121,0,34
317,122,0,41
317,123,0,11
317,124,0,0
318,1,0,0
318,2,0,0
318,3,0,0
318,4,0,0
318,5,0,0
318,6,0,0
318,7,0,0
318,8,0,0
318,9,0,0
318,10,0,0
318,11,0,0
318,12,0,0
318,13,0,0
318,14,0,0
318,15,0,0
318,16,0,0
318,17,0,0
318,18,0,0
318,19,0,0
318,20,0,0
318,21,0,0
318,22,0,0
318,23,0,0
318,24,0,0
318,25,0,0
318,26,0,0
318,27,0,0
318,28,0,0
318,29,0,0
318,30,0,0
318,31,0,0
318,32,0,0
318,33,0,0
318,34,0,0
318,35,0,0
318,36,35,0
318,37,0,0
318,38,0,0
318,39,0,0
318,40,0,0
318,41,0,0
318,42,0,0
318,43,0,0
318,44,0,0
318,45,0,0
318,46,0,0
318,47,0,0
318,48,0,0
318,49,0,0
318,50,0,0
318,51,0,0
318,52,0,0
318,53,0,0
318,54,0,0
318,55,0,0
318,56,0,0
318,57,1,16
318,58,0,0
318,59,0,0
318,60,302,51
318,61,0,0
318,62,0,0
318,63,0,0
318,64,0,0
318,65,0,0
318,66,0,0
318,67,0,0
318,68,0,0
318,69,0,0
318,70,0,0
318,71,0,0
318,72,0,0
318,73,0,0
318,74,3,62
318,75,0,0
318,76,0,0
318,77,0,0
318,78,0,0
318,79,0,0
318,80,18,73
318,81,325,24
318,82,0,0
318,83,148,4
318,84,86,7
318,85,313,22
318,86,22,135
318,87,0,32
318,88,0,51
318,89,0,0
318,90,0,0
318,91,0,0
318,92,0,0
318,93,0,0
318,94,0,59
318,95,0,21
318,96,0,30
318,97,0,21
318,98,0,12
318,99,0,0
318,100,0,21
318,101,0,60
318,102,0,0
318,103,0,0
318,104,0,0
319,1,0,0
319,2,0,0
319,3,0,0
319,4,0,0
319,5,0,0
319,6,0,0
319,7,0,0
319,8,0,0
319,9,0,0
319,10,0,0
319,11,0,0
319,12,0,0
319,13,0,0
319,14,0,0
319,15,0,0
319,16,0,0
319,17,0,0
319,18,0,0
319,19,0,0
319,20,0,0
319,21,0,0
319,22,0,0
319,23,0,0
319,24,133,42
319,25,0,0
319,26,0,0
319,27,0,0
319,28,0,0
319,29,0,0
319,30,0,0
319,31,0,0
319,32,0,0
319,33,0,0
319,34,0,0
319,35,0,0
319,36,0,0
319,37,0,0
319,38,0,0
319,39,0,0
319,40,0,0
319,41,0,0
319,42,0,0
319,43,0,0
319,44,0,0
319,45,0,0
319,46,18,0
319,47,0,0
319,48,0,0
319,49,0,0
319,50,0,0
319,51,5,0
319,52,0,0
319,53,2,0
319,54,0,0
319,55,0,0
319,56,0,0
319,57,0,0
319,58,0,0
319,59,0,0
319,60,0,0
319,61,0,0
319,62,0,0
319,63,0,0
319,64,1,0
319,65,0,0
319,66,1,12
319,67,0,0
319,68,0,0
319,69,0,0
319,70,0,0
319,71,0,0
319,72,0,0
319,73,0,0
319,74,0,0
319,75,0,0
319,76,27,0
319,77,0,0
319,78,223,46
319,79,0,0
319,80,0,0
319,81,0,0
319,82,0,0
319,83,0,0
319,84,0,0
319,85,0,0
319,86,0,0
319,87,0,0
319,88,8,45
319,89,0,0
319,90,108,9
319,91,0,0
319,92,14,74
319,93,378,62
319,94,0,0
319,95,0,0
319,96,343,18
319,97,330,24
319,98,0,24
319,99,0,52
319,100,0,0
319,101,0,0
319,102,0,0
319,103,0,70
319,104,0,5
319,105,0,36
319,106,0,38
319,107,0,34
319,108,0,0
319,109,0,18
319,110,0,0
320,1,0,0
320,2,0,0
320,3,0,0
320,4,0,0
320,5,0,0
320,6,0,0
320,7,0,0
320,8,0,0
320,9,0,0
320,10,0,0
320,11,0,8
320,12,0,0
320,13,0,0
320,14,0,0
320,15,0,0
320,16,0,0
320,17,0,0
320,18,0,0
320,19,0,0
320,20,0,0
320,21,44,12
320,22,0,0
320,23,0,0
320,24,0,0
320,25,0,0
320,26,153,36
320,27,0,0
320,28,0,0
320,29,0,0
320,30,0,0
320,31,0,0
320,32,0,0
320,33,0,0
320,34,0,0
320,35,0,0
320,36,0,0
320,37,0,0
320,38,0,0
320,39,0,0
320,40,0,0
320,41,0,0
320,42,0,0
320,43,1,32
320,44,0,0
320,45,0,0
320,46,0,0
320,47,1,23
320,48,0,0
320,49,0,23
320,50,0,0
320,51,0,0
320,52,0,17
320,53,0,0
320,54,0,0
320,55,0,0
320,56,0,0
320,57,0,0
320,58,0,0
320,59,0,0
320,60,0,0
320,61,0,0
320,62,0,0
320,63,0,0
320,64,0,0
320,65,0,15
320,66,0,0
320,67,0,0
320,68,0,0
320,69,0,0
320,70,0,0
320,71,0,0
320,72,0,0
320,73,0,0
320,74,20,0
320,75,0,0
320,76,176,47
320,77,0,0
320,78,0,0
320,79,0,0
320,80,325,57
320,81,218,43
320,82,0,0
320,83,0,0
320,84,0,0
320,85,0,0
320,86,0,0
320,87,373,65
320,88,1,0
320,89,8,48
320,90,0,0
320,91,15,0
320,92,0,0
320,93,15,80
320,94,310,52
320,95,0,0
320,96,0,0
320,97,284,63
320,98,0,0
320,99,212,11
320,100,47,6
320,101,173,17
320,102,217,14
320,103,0,29
320,104,0,47
320,105,0,119
320,106,0,0
320,107,0,0
320,108,0,61
320,109,0,0
320,110,0,114
320,111,0,132
320,112,0,3
320,113,0,152
320,114,0,170
320,115,0,40
320,116,0,37
320,117,0,0
320,118,0,28
321,1,0,0
321,2,0,0
321,3,0,0
321,4,0,0
321,5,0,0
321,6,0,0
321,7,0,0
321,8,0,0
321,9,0,0
321,10,0,0
321,11,0,0
321,12,0,0
321,13,0,0
321,14,0,0
321,15,0,0
321,16,0,0
321,17,0,0
321,18,0,0
321,19,0,0
321,20,0,0
321,21,0,0
321,22,0,0
321,23,0,0
321,24,0,0
321,25,0,0
321,26,0,0
321,27,0,0
321,28,0,0
321,29,0,0
321,30,0,0
321,31,156,34
321,32,0,0
321,33,0,0
321,34,0,0
321,35,0,0
321,36,0,0
321,37,0,42
321,38,0,0
321,39,0,0
321,40,0,0
321,41,0,0
321,42,0,0
321,43,0,0
321,44,0,0
321,45,0,0
321,46,0,33
321,47,1,26
321,48,0,0
321,49,0,0
321,50,0,0
321,51,0,0
321,52,0,0
321,53,0,0
321,54,0,0
321,55,0,0
321,56,0,0
321,57,0,0
321,58,0,0
321,59,0,0
321,60,0,0
321,61,0,0
321,62,0,0
321,63,0,0
321,64,0,0
321,65,2,0
321,66,0,0
321,67,0,13
321,68,0,0
321,69,0,0
321,70,0,0
321,71,0,0
321,72,0,0
321,73,0,0
321,74,0,0
321,75,0,0
321,76,0,0
321,77,0,0
321,78,0,0
321,79,0,0
321,80,6,0
321,81,0,0
321,82,0,0
321,83,0,0
321,84,0,0
321,85,0,0
321,86,0,0
321,87,0,0
321,88,0,0
321,89,0,0
321,90,0,0
321,91,0,0
321,92,8,6
321,93,0,0
321,94,309,67
321,95,11,50
321,96,0,0
321,97,0,0
321,98,0,0
321,99,0,0
321,100,0,0
321,101,0,0
321,102,0,0
321,103,0,0
321,104,158,106
321,105,193,56
321,106,248,11
321,107,0,0
321,108,331,54
321,109,0,0
321,110,0,0
321,111,46,58
321,112,0,72
321,113,0,25
321,114,0,53
321,115,0,93
321,116,0,94
321,117,0,0
321,118,0,137
321,119,0,62
321,120,0,0
321,121,0,189
321,122,0,171
321,123,0,215
321,124,0,55
321,125,0,0
321,126,0,26
321,127,0,0
322,1,0,0
322,2,0,0
322,3,0,0
322,4,0,0
322,5,0,0
322,6,0,0
322,7,0,0
322,8,0,0
322,9,0,0
322,10,0,0
322,11,0,0
322,12,0,0
322,13,0,0
322,14,0,0
322,15,0,0
322,16,0,0
322,17,0,0
322,18,0,0
322,19,0,0
322,20,0,0
322,21,0,0
322,22,0,0
322,23,0,0
322,24,0,0
322,25,0,0
322,26,0,0
322,27,0,0
322,28,0,0
322,29,0,0
322,30,0,0
322,31,0,0
322,32,0,0
322,33,0,0
322,34,0,0
322,35,0,0
322,36,0,0
322,37,0,0
322,38,0,0
322,39,185,35
322,40,0,0
322,41,0,0
322,42,0,0
322,43,0,0
322,44,0,0
322,45,0,0
322,46,0,0
322,47,0,0
322,48,0,0
322,49,0,0
322,50,0,0
322,51,0,0
322,52,0,33
322,53,1,23
322,54,0,0
322,55,0,0
322,56,0,0
322,57,0,0
322,58,0,0
322,59,0,0
322,60,0,0
322,61,0,0
322,62,0,0
322,63,0,0
322,64,0,0
322,65,0,0
322,66,0,0
322,67,0,0
322,68,0,0
322,69,0,0
322,70,0,0
322,71,0,0
322,72,0,0
322,73,1,0
322,74,0,0
322,75,0,0
322,76,0,0
322,77,0,0
322,78,0,0
322,79,0,0
322,80,0,0
322,81,2,0
322,82,0,0
322,83,225,54
322,84,0,0
322,85,0,0
322,86,2,0
322,87,0,0
322,88,4,0
322,89,0,0
322,90,0,0
322,91,0,0
322,92,0,0
322,93,0,0
322,94,0,0
322,95,0,0
322,96,0,0
322,97,0,0
322,98,5,12
322,99,0,0
322,100,0,0
322,101,0,0
322,102,0,0
322,103,0,0
322,104,0,0
322,105,1,0
322,106,18,45
322,107,0,0
322,108,0,0
322,109,0,0
322,110,0,0
322,111,0,0
322,112,0,0
322,113,0,0
322,114,63,113
322,115,186,49
322,116,258,25
322,117,0,0
322,118,0,0
322,119,17,156
322,120,0,0
322,121,0,0
322,122,0,0
322,123,0,0
322,124,0,0
322,125,0,104
322,126,0,0
322,127,0,123
322,128,0,0
322,129,0,0
322,130,0,171
322,131,0,154
322,132,0,49
322,133,0,125
322,134,0,0
323,1,0,0
323,2,0,0
323,3,0,0
323,4,0,0
323,5,0,0
323,6,0,0
323,7,0,0
323,8,0,0
323,9,0,0
323,10,0,0
323,11,0,0
323,12,0,0
323,13,0,0
323,14,0,0
323,15,0,0
323,16,0,0
323,17,0,0
323,18,0,0
323,19,0,0
323,20,0,0
323,21,0,0
323,22,0,0
323,23,0,0
323,24,0,0
323,25,0,0
323,26,0,0
323,27,0,0
323,28,0,0
323,29,217,41
323,30,0,0
323,31,0,0
323,32,0,0
323,33,0,0
323,34,0,0
323,35,0,0
323,36,0,0
323,37,0,0
323,38,0,0
323,39,0,0
323,40,0,0
323,41,0,0
323,42,0,0
323,43,0,0
323,44,0,0
323,45,0,0
323,46,0,0
323,47,0,0
323,48,0,0
323,49,0,5
323,50,0,0
323,51,0,0
323,52,0,0
323,53,0,0
323,54,0,0
323,55,0,0
323,56,0,0
323,57,1,0
323,58,1,14
323,59,0,0
323,60,0,0
323,61,0,0
323,62,0,0
323,63,0,0
323,64,0,0
323,65,0,0
323,66,2,0
323,67,0,0
323,68,0,0
323,69,8,0
323,70,0,0
323,71,0,0
323,72,0,0
323,73,0,0
323,74,0,0
323,75,0,0
323,76,0,0
323,77,0,0
323,78,0,0
323,79,0,0
323,80,0,0
323,81,0,0
323,82,2,9
323,83,0,0
323,84,0,0
323,85,0,0
323,86,0,0
323,87,0,0
323,88,0,0
323,89,2,0
323,90,20,43
323,91,0,0
323,92,0,0
323,93,0,0
323,94,0,0
323,95,39,56
323,96,9,48
323,97,51,70
323,98,8,47
323,99,0,0
323,100,266,62
323,101,0,0
323,102,0,0
323,103,266,67
323,104,16,147
323,105,136,7
323,106,0,0
323,107,65,18
323,108,0,0
323,109,50,64
323,110,0,0
323,111,22,12
323,112,1,134
323,113,0,0
323,114,0,0
323,115,0,0
323,116,0,102
323,117,0,0
323,118,0,166
323,119,0,118
323,120,0,48
323,121,0,121
323,122,0,160
323,123,0,0
324,1,0,0
324,2,0,0
324,3,0,0
324,4,0,0
324,5,0,0
324,6,0,0
324,7,0,0
324,8,0,0
324,9,0,0
324,10,0,0
324,11,0,0
324,12,0,0
324,13,0,0
324,14,0,0
324,15,0,0
324,16,0,0
324,17,0,0
324,18,0,0
324,19,0,0
324,20,0,0
324,21,0,0
324,22,0,0
324,23,0,0
324,24,238,50
324,25,0,0
324,26,0,0
324,27,0,0
324,28,0,0
324,29,0,0
324,30,0,0
324,31,2,56
324,32,0,0
324,33,0,0
324,34,0,0
324,35,0,0
324,36,0,0
324,37,0,0
324,38,0,0
324,39,0,0
324,40,0,0
324,41,0,0
324,42,0,0
324,43,0,0
324,44,0,0
324,45,0,5
324,46,0,0
324,47,0,0
324,48,0,0
324,49,198,41
324,50,0,0
324,51,0,0
324,52,0,0
324,53,1,0
324,54,0,0
324,55,90,0
324,56,0,0
324,57,0,0
324,58,3,0
324,59,0,0
324,60,0,0
324,61,0,0
324,62,0,0
324,63,0,0
324,64,0,0
324,65,0,0
324,66,0,0
324,67,0,0
324,68,0,0
324,69,0,0
324,70,0,0
324,71,0,0
324,72,0,0
324,73,2,6
324,74,0,0
324,75,0,0
324,76,0,0
324,77,0,0
324,78,0,0
324,79,3,0
324,80,28,37
324,81,0,0
324,82,48,92
324,83,2,45
324,84,13,31
324,85,0,0
324,86,174,40
324,87,156,76
324,88,0,0
324,89,0,0
324,90,0,0
324,91,0,0
324,92,98,14
324,93,54,1
324,94,0,0
324,95,14,5
324,96,42,13
324,97,69,10
324,98,41,60
324,99,7,41
324,100,0,0
324,101,1,142
324,102,0,0
324,103,0,0
324,104,0,0
324,105,0,0
324,106,0,89
324,107,0,0
324,108,0,0
324,109,0,0
324,110,0,191
324,111,0,115
324,112,0,122
324,113,0,43
324,114,0,63
324,115,0,97
324,116,0,128
324,117,0,0
324,118,0,0
325,1,0,0
325,2,0,0
325,3,0,0
325,4,0,0
325,5,0,0
325,6,0,0
325,7,0,0
325,8,0,0
325,9,0,0
325,10,0,0
325,11,0,0
325,12,0,0
325,13,0,0
325,14,0,0
325,15,0,0
325,16,0,0
325,17,0,0
325,18,0,0
325,19,0,0
325,20,0,0
325,21,0,0
325,22,0,0
325,23,0,0
325,24,0,0
325,25,0,0
325,26,0,0
325,27,1,60
325,28,0,0
325,29,286,49
325,30,0,25
325,31,0,0
325,32,0,0
325,33,2,50
325,34,0,0
325,35,0,0
325,36,0,0
325,37,0,0
325,38,8,0
325,39,0,0
325,40,0,0
325,41,0,0
325,42,0,0
325,43,0,0
325,44,0,0
325,45,0,0
325,46,1,0
325,47,0,0
325,48,0,0
325,49,0,0
325,50,0,0
325,51,0,0
325,52,54,39
325,53,0,0
325,54,0,0
325,55,0,0
325,56,0,0
325,57,0,0
325,58,0,0
325,59,0,0
325,60,0,0
325,61,0,0
325,62,0,0
325,63,0,0
325,64,0,0
325,65,0,0
325,66,0,0
325,67,0,0
325,68,0,0
325,69,0,0
325,70,1,0
325,71,7,0
325,72,0,0
325,73,0,13
325,74,0,0
325,75,0,0
325,76,0,0
325,77,0,0
325,78,0,0
325,79,0,0
325,80,0,0
325,81,0,0
325,82,0,0
325,83,0,0
325,84,0,0
325,85,0,0
325,86,0,0
325,87,0,0
325,88,0,0
325,89,0,0
325,90,0,0
325,91,0,0
325,92,0,0
325,93,34,34
325,94,0,0
325,95,0,0
325,96,45,78
325,97,0,0
325,98,5,42
325,99,5,24
325,100,0,0
325,101,25,73
325,102,8,0
325,103,0,0
325,104,85,52
325,105,152,30
325,106,120,51
325,107,0,0
325,108,48,77
325,109,131,44
325,110,0,0
325,111,16,144
325,112,106,8
325,113,30,15
325,114,73,11
325,115,55,92
325,116,20,50
325,117,0,0
325,118,0,0
325,119,0,28
325,120,0,0
325,121,0,67
325,122,0,0
325,123,0,0
325,124,0,81
325,125,0,0
325,126,0,0
325,127,0,67
325,128,0,39
325,129,0,65
325,130,0,182
325,131,0,131
325,132,0,133
325,133,0,0
325,134,0,0
325,135,0,0
325,136,0,0
325,137,0,0
325,138,0,0
326,1,0,0
326,2,0,0
326,3,0,0
326,4,0,0
326,5,0,0
326,6,0,0
326,7,0,0
326,8,0,0
326,9,0,0
326,10,0,0
326,11,0,0
326,12,0,0
326,13,0,0
326,14,0,0
326,15,0,0
326,16,0,0
326,17,0,0
326,18,0,0
326,19,0,0
326,20,0,0
326,21,0,38
326,22,0,33
326,23,337,64
326,24,0,0
326,25,0,0
326,26,0,0
326,27,0,0
326,28,0,0
326,29,0,0
326,30,0,0
326,31,0,0
326,32,0,0
326,33,0,0
326,34,0,0
326,35,0,0
326,36,0,0
326,37,172,8
326,38,0,0
326,39,0,0
326,40,0,0
326,41,0,0
326,42,170,34
326,43,0,0
326,44,0,0
326,45,0,0
326,46,0,0
326,47,258,40
326,48,0,0
326,49,0,0
326,50,0,0
326,51,0,0
326,52,0,0
326,53,0,0
326,54,0,0
326,55,0,0
326,56,0,0
326,57,0,0
326,58,0,0
326,59,0,0
326,60,1,0
326,61,0,0
326,62,1,0
326,63,0,0
326,64,1,13
326,65,0,5
326,66,0,0
326,67,0,0
326,68,0,0
326,69,0,0
326,70,0,8
326,71,0,0
326,72,0,6
326,73,0,0
326,74,0,0
326,75,0,0
326,76,0,0
326,77,0,0
326,78,0,0
326,79,0,0
326,80,0,0
326,81,0,0
326,82,31,39
326,83,0,0
326,84,0,0
326,85,0,0
326,86,0,0
326,87,1,0
326,88,50,84
326,89,0,0
326,90,11,47
326,91,0,0
326,92,21,46
326,93,3,5
326,94,79,52
326,95,136,32
326,96,13,45
326,97,95,38
326,98,0,0
326,99,0,0
326,100,246,20
326,101,0,0
326,102,10,9
326,103,76,40
326,104,18,39
326,105,66,22
326,106,25,41
326,107,0,0
326,108,12,144
326,109,112,9
326,110,23,12
326,111,65,13
326,112,0,0
326,113,52,103
326,114,0,0
326,115,0,0
326,116,0,0
326,117,0,0
326,118,0,0
326,119,0,0
326,120,0,92
326,121,0,0
326,122,0,0
326,123,0,0
326,124,0,47
326,125,0,202
326,126,0,0
326,127,0,0
326,128,0,0
326,129,0,0
326,130,0,0
327,1,0,0
327,2,0,0
327,3,0,0
327,4,0,0
327,5,0,0
327,6,0,0
327,7,0,0
327,8,0,0
327,9,0,0
327,10,0,0
327,11,0,0
327,12,0,0
327,13,0,0
327,14,0,0
327,15,0,0
327,16,0,0
327,17,0,0
327,18,0,0
327,19,0,0
327,20,0,0
327,21,0,0
327,22,0,0
327,23,1,40
327,24,0,0
327,25,0,0
327,26,0,0
327,27,0,0
327,28,0,0
327,29,0,0
327,30,0,0
327,31,0,0
327,32,0,0
327,33,0,0
327,34,0,0
327,35,0,0
327,36,0,0
327,37,0,0
327,38,0,0
327,39,0,0
327,40,0,0
327,41,0,0
327,42,0,0
327,43,416,63
327,44,0,0
327,45,0,0
327,46,0,0
327,47,0,0
327,48,0,0
327,49,0,0
327,50,0,0
327,51,0,0
327,52,0,0
327,53,0,0
327,54,0,0
327,55,0,0
327,56,0,0
327,57,2,0
327,58,0,0
327,59,0,0
327,60,0,0
327,61,0,0
327,62,0,0
327,63,0,0
327,64,0,0
327,65,0,0
327,66,0,0
327,67,0,0
327,68,1,11
327,69,0,0
327,70,0,5
327,71,0,0
327,72,0,0
327,73,0,0
327,74,0,0
327,75,0,0
327,76,0,0
327,77,0,0
327,78,0,0
327,79,0,0
327,80,21,37
327,81,0,0
327,82,0,0
327,83,0,0
327,84,0,0
327,85,0,0
327,86,0,0
327,87,0,0
327,88,0,0
327,89,172,79
327,90,13,76
327,91,68,43
327,92,19,45
327,93,73,35
327,94,104,12
327,95,53,4
327,96,57,18
327,97,49,98
327,98,0,0
327,99,0,0
327,100,0,0
327,101,0,29
327,102,0,0
327,103,0,0
327,104,0,0
327,105,0,0
327,106,0,98
327,107,0,0
327,108,0,0
327,109,0,57
327,110,0,55
327,111,0,177
327,112,0,191
327,113,0,0
327,114,0,0
327,115,0,0
327,116,0,0
327,117,0,0
328,1,0,0
328,2,0,0
328,3,42,0
328,4,0,0
328,5,0,0
328,6,0,0
328,7,0,0
328,8,0,0
328,9,0,0
328,10,0,0
328,11,0,0
328,12,0,0
328,13,0,0
328,14,0,0
328,15,0,0
328,16,0,0
328,17,0,0
328,18,0,0
328,19,0,0
328,20,0,0
328,21,0,0
328,22,1,40
328,23,0,0
328,24,0,0
328,25,0,0
328,26,0,0
328,27,0,16
328,28,0,0
328,29,0,0
328,30,0,0
328,31,0,0
328,32,0,0
328,33,0,0
328,34,0,0
328,35,0,0
328,36,0,0
328,37,0,0
328,38,0,0
328,39,0,0
328,40,0,0
328,41,0,0
328,42,0,0
328,43,0,0
328,44,0,0
328,45,0,0
328,46,0,0
328,47,0,0
328,48,461,67
328,49,0,0
328,50,0,0
328,51,0,0
328,52,0,0
328,53,0,0
328,54,23,25
328,55,0,0
328,56,0,0
328,57,0,0
328,58,0,0
328,59,1,0
328,60,0,0
328,61,0,0
328,62,57,0
328,63,0,0
328,64,0,0
328,65,0,0
328,66,0,0
328,67,0,0
328,68,0,0
328,69,0,0
328,70,0,0
328,71,0,0
328,72,0,0
328,73,0,0
328,74,0,0
328,75,0,0
328,76,0,0
328,77,0,0
328,78,31,42
328,79,0,0
328,80,0,0
328,81,0,0
328,82,0,0
328,83,0,0
328,84,94,34
328,85,43,36
328,86,33,4
328,87,109,51
328,88,13,15
328,89,25,43
328,90,6,10
328,91,67,43
328,92,0,0
328,93,155,26
328,94,3,114
328,95,2,116
328,96,0,0
328,97,0,0
328,98,0,0
328,99,0,0
328,100,0,64
328,101,0,82
328,102,0,0
328,103,0,146
328,104,0,164
328,105,0,66
328,106,0,86
328,107,0,92
328,108,0,156
328,109,0,156
328,110,0,0
328,111,0,0
329,1,0,0
329,2,0,0
329,3,0,0
329,4,0,0
329,5,0,0
329,6,0,0
329,7,0,0
329,8,0,0
329,9,0,0
329,10,175,25
329,11,0,0
329,12,0,0
329,13,0,0
329,14,0,0
329,15,0,0
329,16,0,0
329,17,0,0
329,18,0,0
329,19,1,34
329,20,0,0
329,21,0,0
329,22,0,0
329,23,0,0
329,24,0,0
329,25,0,0
329,26,0,56
329,27,0,0
329,28,0,0
329,29,1,64
329,30,0,17
329,31,0,0
329,32,0,0
329,33,0,34
329,34,0,0
329,35,0,0
329,36,0,0
329,37,0,0
329,38,0,0
329,39,0,0
329,40,0,0
329,41,0,40
329,42,0,0
329,43,0,0
329,44,452,70
329,45,0,0
329,46,0,0
329,47,0,0
329,48,0,0
329,49,0,0
329,50,0,0
329,51,0,0
329,52,0,0
329,53,0,0
329,54,3,0
329,55,0,0
329,56,0,0
329,57,0,0
329,58,0,0
329,59,0,0
329,60,0,0
329,61,17,0
329,62,0,0
329,63,0,0
329,64,0,0
329,65,0,0
329,66,0,0
329,67,0,0
329,68,0,0
329,69,0,0
329,70,209,65
329,71,38,36
329,72,0,0
329,73,0,0
329,74,106,51
329,75,97,55
329,76,33,23
329,77,13,52
329,78,8,18
329,79,0,0
329,80,6,1
329,81,1,0
329,82,20,21
329,83,11,15
329,84,9,11
329,85,38,37
329,86,11,78
329,87,9,90
329,88,138,21
329,89,0,0
329,90,0,0
329,91,0,0
329,92,0,0
329,93,11,72
329,94,0,145
329,95,0,0
329,96,0,0
329,97,0,55
329,98,0,0
329,99,0,69
329,100,0,133
329,101,0,34
329,102,0,45
329,103,0,168
329,104,0,0
329,105,0,148
329,106,0,30
329,107,0,0
329,108,0,0
329,109,0,0
330,1,0,0
330,2,0,0
330,3,0,0
330,4,0,0
330,5,0,0
330,6,0,0
330,7,0,0
330,8,0,0
330,9,0,0
330,10,0,0
330,11,0,0
330,12,95,26
330,13,127,1
330,14,0,0
330,15,0,0
330,16,0,0
330,17,0,0
330,18,0,0
330,19,0,0
330,20,0,0
330,21,0,55
330,22,0,0
330,23,0,58
330,24,0,19
330,25,0,0
330,26,0,0
330,27,0,0
330,28,0,0
330,29,0,0
330,30,0,0
330,31,0,0
330,32,0,0
330,33,0,0
330,34,0,0
330,35,0,0
330,36,0,0
330,37,0,0
330,38,0,0
330,39,0,0
330,40,0,0
330,41,0,0
330,42,0,0
330,43,0,0
330,44,0,0
330,45,0,0
330,46,0,0
330,47,0,0
330,48,0,0
330,49,0,0
330,50,0,0
330,51,0,0
330,52,0,0
330,53,0,0
330,54,0,0
330,55,0,0
330,56,0,0
330,57,0,0
330,58,0,0
330,59,0,0
330,60,55,44
330,61,0,0
330,62,0,0
330,63,0,0
330,64,0,0
330,65,0,0
330,66,0,0
330,67,126,18
330,68,66,48
330,69,38,91
330,70,0,0
330,71,0,0
330,72,0,0
330,73,0,17
330,74,0,0
330,75,0,52
330,76,0,0
330,77,0,0
330,78,0,79
330,79,0,0
330,80,0,82
330,81,0,120
330,82,0,34
330,83,0,33
330,84,0,160
330,85,0,83
330,86,0,0
330,87,0,0
330,88,0,146
330,89,0,37
330,90,0,0
330,91,0,0
331,1,0,0
331,2,0,0
331,3,0,0
331,4,0,0
331,5,0,0
331,6,0,0
331,7,0,0
331,8,0,0
331,9,0,0
331,10,163,23
331,11,0,0
331,12,0,0
331,13,0,0
331,14,0,0
331,15,0,0
331,16,0,0
331,17,0,0
331,18,0,0
331,19,0,0
331,20,0,0
331,21,0,0
331,22,0,0
331,23,0,0
331,24,0,0
331,25,0,0
331,26,0,0
331,27,0,0
331,28,0,73
331,29,0,0
331,30,5,0
331,31,0,0
331,32,0,0
331,33,0,0
331,34,0,0
331,35,0,0
331,36,0,0
331,37,0,0
331,38,0,0
331,39,0,0
331,40,0,0
331,41,0,0
331,42,0,0
331,43,0,0
331,44,0,0
331,45,2,0
331,46,0,0
331,47,0,0
331,48,471,67
331,49,0,0
331,50,0,0
331,51,0,0
331,52,0,0
331,53,0,0
331,54,0,0
331,55,0,0
331,56,0,0
331,57,0,0
331,58,0,0
331,59,202,52
331,60,0,0
331,61,0,0
331,62,0,0
331,63,0,0
331,64,0,0
331,65,379,56
331,66,59,43
331,67,0,0
331,68,0,0
331,69,0,0
331,70,0,0
331,71,77,44
331,72,0,0
331,73,0,0
331,74,0,0
331,75,0,0
331,76,56,53
331,77,41,64
331,78,4,85
331,79,2,129
331,80,0,0
331,81,69,30
331,82,1,82
331,83,0,0
331,84,0,0
331,85,0,0
331,86,0,0
331,87,0,42
331,88,0,52
331,89,0,0
331,90,0,27
331,91,0,173
331,92,0,17
331,93,0,40
331,94,0,68
331,95,0,0
331,96,0,40
332,1,0,0
332,2,0,0
332,3,0,0
332,4,0,0
332,5,0,0
332,6,0,0
332,7,0,0
332,8,0,0
332,9,0,0
332,10,0,0
332,11,0,0
332,12,0,0
332,13,0,0
332,14,98,30
332,15,0,0
332,16,0,0
332,17,101,1
332,18,0,0
332,19,0,0
332,20,0,0
332,21,0,0
332,22,0,0
332,23,0,0
332,24,0,0
332,25,0,0
332,26,0,0
332,27,0,0
332,28,0,0
332,29,0,0
332,30,0,0
332,31,0,0
332,32,0,0
332,33,0,0
332,34,0,0
332,35,0,0
332,36,0,0
332,37,0,0
332,38,0,0
332,39,0,0
332,40,0,0
332,41,0,0
332,42,0,0
332,43,0,0
332,44,0,0
332,45,0,0
332,46,0,0
332,47,0,0
332,48,0,0
332,49,0,0
332,50,0,0
332,51,0,0
332,52,237,50
332,53,0,0
332,54,175,34
332,55,0,0
332,56,0,0
332,57,0,0
332,58,0,0
332,59,0,0
332,60,0,0
332,61,0,0
332,62,0,0
332,63,11,0
332,64,439,73
332,65,0,0
332,66,0,0
332,67,0,0
332,68,0,0
332,69,0,0
332,70,0,0
332,71,25,0
332,72,0,0
332,73,0,0
332,74,50,27
332,75,237,39
332,76,0,0
332,77,0,0
332,78,0,0
332,79,0,0
332,80,0,0
332,81,0,0
332,82,0,0
332,83,434,68
332,84,0,0
332,85,0,0
332,86,76,42
332,87,0,0
332,88,0,0
332,89,0,0
332,90,47,70
332,91,39,48
332,92,23,14
332,93,40,41
332,94,0,0
332,95,69,29
332,96,0,0
332,97,0,0
332,98,0,0
332,99,0,0
332,100,0,42
332,101,0,54
332,102,0,0
332,103,0,0
332,104,0,32
332,105,0,0
332,106,0,23
332,107,0,12
332,108,0,33
332,109,0,76
332,110,0,47
332,111,0,0
332,112,0,0
332,113,0,0
332,114,0,0
333,1,0,0
333,2,0,0
333,3,0,0
333,4,0,0
333,5,0,0
333,6,0,0
333,7,0,0
333,8,0,0
333,9,0,0
333,10,0,0
333,11,0,0
333,12,0,0
333,13,0,0
333,14,110,25
333,15,0,0
333,16,0,0
333,17,103,1
333,18,0,0
333,19,0,0
333,20,0,0
333,21,0,0
333,22,0,0
333,23,0,0
333,24,0,0
333,25,0,0
333,26,26,45
333,27,0,0
333,28,0,0
333,29,0,0
333,30,0,0
333,31,0,0
333,32,0,0
333,33,0,0
333,34,0,0
333,35,0,0
333,36,0,0
333,37,0,0
333,38,0,0
333,39,0,0
333,40,0,0
333,41,0,0
333,42,0,0
333,43,0,0
333,44,0,0
333,45,0,0
333,46,0,0
333,47,0,0
333,48,0,0
333,49,256,54
333,50,0,1
333,51,0,0
333,52,180,30
333,53,0,0
333,54,0,0
333,55,0,0
333,56,0,0
333,57,0,0
333,58,0,0
333,59,13,0
333,60,393,68
333,61,0,0
333,62,0,0
333,63,0,0
333,64,0,0
333,65,0,0
333,66,0,0
333,67,0,0
333,68,0,0
333,69,0,0
333,70,0,0
333,71,0,0
333,72,0,0
333,73,0,0
333,74,0,0
333,75,0,0
333,76,131,37
333,77,0,0
333,78,0,0
333,79,0,0
333,80,0,0
333,81,0,0
333,82,0,0
333,83,0,0
333,84,77,41
333,85,0,0
333,86,29,29
333,87,0,0
333,88,0,0
333,89,0,0
333,90,86,9
333,91,0,0
333,92,5,19
333,93,0,0
333,94,0,139
333,95,0,0
333,96,0,0
333,97,0,56
333,98,0,35
333,99,0,0
333,100,0,0
333,101,0,0
333,102,0,55
333,103,0,36
333,104,0,24
333,105,0,22
333,106,0,196
333,107,0,48
333,108,0,59
333,109,0,45
333,110,0,0
333,111,0,0
334,1,0,0
334,2,0,0
334,3,0,0
334,4,0,0
334,5,0,0
334,6,0,50
334,7,0,0
334,8,0,0
334,9,0,0
334,10,0,0
334,11,0,0
334,12,0,0
334,13,0,0
334,14,0,0
334,15,0,0
334,16,116,4
334,17,0,0
334,18,0,0
334,19,0,0
334,20,74,18
334,21,82,0
334,22,0,0
334,23,0,0
334,24,0,0
334,25,0,0
334,26,0,0
334,27,0,0
334,28,0,0
334,29,0,0
334,30,0,0
334,31,0,0
334,32,0,0
334,33,0,0
334,34,0,0
334,35,0,0
334,36,0,0
334,37,0,0
334,38,0,0
334,39,0,0
334,40,0,0
334,41,0,0
334,42,0,0
334,43,0,0
334,44,0,0
334,45,254,48
334,46,0,1
334,47,0,0
334,48,0,0
334,49,187,33
334,50,0,0
334,51,0,0
334,52,0,0
334,53,0,0
334,54,0,0
334,55,2,20
334,56,0,0
334,57,47,0
334,58,0,0
334,59,0,0
334,60,0,0
334,61,1,0
334,62,0,0
334,63,0,0
334,64,0,0
334,65,0,0
334,66,0,0
334,67,0,0
334,68,24,0
334,69,0,0
334,70,0,0
334,71,0,0
334,72,0,0
334,73,0,0
334,74,0,0
334,75,0,0
334,76,0,0
334,77,65,24
334,78,107,30
334,79,0,0
334,80,0,0
334,81,0,0
334,82,0,0
334,83,0,0
334,84,0,13
334,85,0,0
334,86,0,0
334,87,0,0
334,88,0,0
334,89,12,0
334,90,1,0
334,91,0,0
334,92,0,0
334,93,63,55
334,94,16,72
334,95,0,0
334,96,41,137
334,97,0,0
334,98,0,53
334,99,0,58
334,100,0,0
334,101,0,73
334,102,0,187
334,103,0,48
334,104,0,17
334,105,0,19
334,106,0,203
334,107,0,97
334,108,0,53
334,109,0,46
334,110,0,0
334,111,0,0
334,112,0,0
334,113,0,0
335,1,0,0
335,2,0,0
335,3,0,0
335,4,0,0
335,5,0,0
335,6,0,0
335,7,0,51
335,8,0,0
335,9,0,0
335,10,0,0
335,11,0,0
335,12,0,0
335,13,0,0
335,14,0,0
335,15,0,0
335,16,0,0
335,17,0,0
335,18,0,0
335,19,0,0
335,20,0,0
335,21,0,0
335,22,0,0
335,23,0,0
335,24,239,89
335,25,0,0
335,26,0,0
335,27,77,2
335,28,0,0
335,29,104,0
335,30,0,0
335,31,0,0
335,32,0,0
335,33,0,0
335,34,0,0
335,35,0,0
335,36,0,0
335,37,0,0
335,38,0,0
335,39,0,0
335,40,0,0
335,41,0,0
335,42,0,0
335,43,308,80
335,44,18,52
335,45,0,0
335,46,0,0
335,47,0,0
335,48,0,0
335,49,0,0
335,50,0,0
335,51,0,0
335,52,0,0
335,53,0,0
335,54,0,0
335,55,0,0
335,56,0,0
335,57,0,0
335,58,0,24
335,59,0,0
335,60,0,0
335,61,0,0
335,62,0,0
335,63,0,0
335,64,0,0
335,65,0,0
335,66,0,0
335,67,0,0
335,68,24,0
335,69,0,0
335,70,0,0
335,71,0,0
335,72,18,0
335,73,0,0
335,74,0,0
335,75,0,0
335,76,0,0
335,77,476,71
335,78,0,0
335,79,0,0
335,80,0,0
335,81,0,0
335,82,0,0
335,83,0,0
335,84,0,0
335,85,0,0
335,86,0,0
335,87,0,0
335,88,0,0
335,89,0,0
335,90,0,0
335,91,0,0
335,92,0,0
335,93,0,0
335,94,0,0
335,95,11,0
335,96,3,0
335,97,4,0
335,98,0,0
335,99,0,0
335,100,0,0
335,101,44,94
335,102,0,0
335,103,0,0
335,104,0,0
335,105,10,112
335,106,41,141
335,107,68,23
335,108,0,19
335,109,0,0
335,110,0,150
335,111,0,0
335,112,0,51
335,113,0,0
335,114,0,51
335,115,0,28
335,116,0,34
335,117,0,0
335,118,0,0
335,119,0,165
335,120,0,0
335,121,0,54
335,122,0,40
335,123,0,222
335,124,0,86
335,125,0,135
335,126,0,54
335,127,0,156
335,128,0,7
335,129,0,0
335,130,0,0
335,131,0,0
335,132,0,0
336,1,0,0
336,2,0,0
336,3,0,0
336,4,0,0
336,5,0,0
336,6,0,0
336,7,0,0
336,8,0,0
336,9,0,0
336,10,0,0
336,11,0,0
336,12,0,0
336,13,0,0
336,14,0,0
336,15,0,0
336,16,0,0
336,17,242,86
336,18,0,0
336,19,0,0
336,20,0,0
336,21,0,0
336,22,141,0
336,23,0,0
336,24,0,0
336,25,0,0
336,26,0,0
336,27,0,0
336,28,0,0
336,29,0,0
336,30,0,0
336,31,0,0
336,32,0,0
336,33,0,0
336,34,0,0
336,35,0,0
336,36,0,0
336,37,0,0
336,38,0,0
336,39,0,0
336,40,0,0
336,41,0,0
336,42,0,0
336,43,0,0
336,44,0,0
336,45,0,0
336,46,0,26
336,47,0,0
336,48,0,0
336,49,224,62
336,50,0,0
336,51,0,0
336,52,0,0
336,53,0,0
336,54,3,0
336,55,24,0
336,56,0,0
336,57,0,0
336,58,22,0
336,59,0,0
336,60,0,0
336,61,0,0
336,62,0,0
336,63,0,0
336,64,0,0
336,65,0,0
336,66,0,0
336,67,0,0
336,68,0,0
336,69,0,0
336,70,0,0
336,71,0,0
336,72,0,0
336,73,0,0
336,74,0,0
336,75,0,0
336,76,6,0
336,77,0,0
336,78,10,0
336,79,0,0
336,80,51,23
336,81,27,22
336,82,37,43
336,83,0,0
336,84,0,0
336,85,0,0
336,86,21,122
336,87,45,123
336,88,25,11
336,89,0,64
336,90,0,0
336,91,0,26
336,92,0,142
336,93,0,0
336,94,0,97
336,95,0,35
336,96,0,48
336,97,0,49
336,98,0,46
336,99,0,0
336,100,0,89
336,101,0,168
336,102,0,47
336,103,0,0
336,104,0,35
336,105,0,0
336,106,0,233
336,107,0,37
336,108,0,42
336,109,0,71
336,110,0,170
336,111,0,0
336,112,0,0
336,113,0,0
337,1,0,0
337,2,0,0
337,3,0,0
337,4,0,0
337,5,0,0
337,6,0,0
337,7,0,0
337,8,0,0
337,9,0,0
337,10,0,0
337,11,0,0
337,12,0,0
337,13,0,0
337,14,0,0
337,15,0,0
337,16,0,0
337,17,0,0
337,18,0,0
337,19,0,0
337,20,0,0
337,21,0,0
337,22,0,0
337,23,0,0
337,24,0,0
337,25,194,0
337,26,0,0
337,27,0,0
337,28,0,0
337,29,0,0
337,30,0,0
337,31,0,0
337,32,0,0
337,33,226,86
337,34,0,0
337,35,0,0
337,36,0,0
337,37,122,0
337,38,0,0
337,39,0,0
337,40,0,0
337,41,0,0
337,42,0,0
337,43,0,0
337,44,0,0
337,45,0,0
337,46,0,0
337,47,0,0
337,48,0,0
337,49,0,0
337,50,0,0
337,51,0,0
337,52,3,83
337,53,0,0
337,54,295,36
337,55,0,0
337,56,0,0
337,57,0,0
337,58,0,0
337,59,0,0
337,60,0,0
337,61,0,0
337,62,0,0
337,63,2,0
337,64,0,0
337,65,0,0
337,66,203,68
337,67,44,0
337,68,0,0
337,69,0,0
337,70,0,0
337,71,0,0
337,72,0,0
337,73,0,0
337,74,0,0
337,75,0,0
337,76,0,0
337,77,0,0
337,78,0,0
337,79,0,0
337,80,0,0
337,81,0,0
337,82,0,0
337,83,0,0
337,84,0,0
337,85,0,0
337,86,0,0
337,87,12,0
337,88,2,0
337,89,12,0
337,90,58,29
337,91,30,43
337,92,48,82
337,93,0,0
337,94,0,0
337,95,0,0
337,96,0,0
337,97,51,71
337,98,13,102
337,99,47,108
337,100,23,6
337,101,0,166
337,102,0,30
337,103,0,0
337,104,0,78
337,105,0,64
337,106,0,70
337,107,0,53
337,108,0,71
337,109,0,97
337,110,0,180
337,111,0,43
337,112,0,39
337,113,0,0
337,114,0,234
337,115,0,45
337,116,0,61
337,117,0,55
337,118,0,116
337,119,0,105
337,120,0,0
338,1,0,0
338,2,0,0
338,3,0,0
338,4,0,0
338,5,0,0
338,6,0,0
338,7,0,0
338,8,0,0
338,9,0,0
338,10,0,0
338,11,0,0
338,12,0,0
338,13,0,0
338,14,0,0
338,15,0,0
338,16,0,0
338,17,0,0
338,18,0,0
338,19,0,0
338,20,0,0
338,21,0,0
338,22,0,0
338,23,0,0
338,24,0,0
338,25,0,0
338,26,0,0
338,27,0,0
338,28,0,0
338,29,158,3
338,30,0,0
338,31,0,0
338,32,0,0
338,33,0,0
338,34,0,0
338,35,0,0
338,36,0,0
338,37,0,0
338,38,0,0
338,39,3,74
338,40,0,0
338,41,0,0
338,42,0,0
338,43,0,0
338,44,0,0
338,45,270,34
338,46,0,0
338,47,0,0
338,48,0,0
338,49,0,0
338,50,0,0
338,51,0,0
338,52,0,0
338,53,3,0
338,54,0,0
338,55,0,0
338,56,0,0
338,57,0,0
338,58,137,52
338,59,215,53
338,60,0,0
338,61,0,0
338,62,0,0
338,63,0,0
338,64,43,0
338,65,0,0
338,66,0,0
338,67,0,0
338,68,0,0
338,69,0,0
338,70,0,0
338,71,0,0
338,72,0,0
338,73,0,0
338,74,0,0
338,75,0,0
338,76,0,0
338,77,0,0
338,78,2,0
338,79,0,0
338,80,7,0
338,81,2,0
338,82,0,0
338,83,3,0
338,84,71,77
338,85,0,0
338,86,0,0
338,87,0,0
338,88,0,0
338,89,0,0
338,90,0,0
338,91,21,103
338,92,40,41
338,93,11,42
338,94,0,53
338,95,0,101
338,96,0,165
338,97,0,0
338,98,0,59
338,99,0,26
338,100,0,56
338,101,0,0
338,102,0,108
338,103,0,115
338,104,0,231
338,105,0,65
338,106,0,59
338,107,0,53
338,108,0,142
338,109,0,44
338,110,0,0
339,1,0,0
339,2,0,0
339,3,0,0
339,4,0,0
339,5,0,0
339,6,1,43
339,7,0,0
339,8,0,0
339,9,0,0
339,10,0,0
339,11,0,0
339,12,0,0
339,13,0,0
339,14,0,0
339,15,0,0
339,16,0,0
339,17,0,0
339,18,0,0
339,19,0,0
339,20,0,0
339,21,0,0
339,22,0,0
339,23,2,82
339,24,0,0
339,25,0,0
339,26,0,0
339,27,0,0
339,28,0,0
339,29,0,0
339,30,265,36
339,31,0,0
339,32,0,0
339,33,0,0
339,34,0,0
339,35,0,0
339,36,0,0
339,37,0,0
339,38,0,0
339,39,0,0
339,40,0,0
339,41,0,0
339,42,1,0
339,43,0,0
339,44,0,0
339,45,0,0
339,46,269,87
339,47,0,0
339,48,0,0
339,49,0,0
339,50,0,0
339,51,0,0
339,52,0,0
339,53,0,0
339,54,0,0
339,55,0,0
339,56,0,0
339,57,0,0
339,58,0,0
339,59,0,0
339,60,0,0
339,61,0,0
339,62,0,0
339,63,0,0
339,64,0,0
339,65,0,0
339,66,2,0
339,67,0,0
339,68,0,0
339,69,53,57
339,70,0,0
339,71,0,0
339,72,0,0
339,73,35,83
339,74,0,0
339,75,0,0
339,76,0,0
339,77,0,0
339,78,42,98
339,79,0,0
339,80,0,0
339,81,21,106
339,82,31,112
339,83,0,0
339,84,0,179
339,85,0,67
339,86,0,47
339,87,0,67
339,88,0,94
339,89,0,65
339,90,0,53
339,91,0,72
339,92,0,69
339,93,0,118
339,94,0,145
339,95,0,43
339,96,0,0
339,97,0,0
340,1,0,0
340,2,0,0
340,3,0,0
340,4,0,0
340,5,0,0
340,6,1,41
340,7,0,0
340,8,0,0
340,9,0,0
340,10,0,0
340,11,0,0
340,12,0,0
340,13,0,0
340,14,0,0
340,15,102,23
340,16,86,0
340,17,0,0
340,18,0,30
340,19,0,0
340,20,0,0
340,21,0,0
340,22,0,0
340,23,0,0
340,24,0,0
340,25,0,0
340,26,0,0
340,27,0,0
340,28,0,0
340,29,0,0
340,30,0,0
340,31,0,0
340,32,0,0
340,33,1,92
340,34,0,0
340,35,0,0
340,36,0,0
340,37,0,0
340,38,0,0
340,39,0,0
340,40,0,0
340,41,0,0
340,42,0,0
340,43,0,0
340,44,0,0
340,45,284,32
340,46,0,0
340,47,0,0
340,48,0,22
340,49,0,0
340,50,0,0
340,51,0,0
340,52,0,0
340,53,0,0
340,54,0,0
340,55,0,0
340,56,0,0
340,57,2,0
340,58,0,0
340,59,0,0
340,60,0,0
340,61,0,0
340,62,0,0
340,63,0,0
340,64,0,0
340,65,0,0
340,66,0,0
340,67,0,0
340,68,0,0
340,69,0,0
340,70,0,0
340,71,0,0
340,72,0,0
340,73,0,0
340,74,0,0
340,75,0,0
340,76,70,32
340,77,0,0
340,78,53,62
340,79,0,0
340,80,0,0
340,81,0,0
340,82,0,0
340,83,0,0
340,84,21,104
340,85,62,22
340,86,0,0
340,87,0,168
340,88,0,154
340,89,0,25
340,90,0,173
340,91,0,40
340,92,0,19
340,93,0,44
340,94,0,12
340,95,0,70
340,96,0,161
340,97,0,0
340,98,0,77
340,99,0,112
340,100,0,0
340,101,0,42
340,102,0,26
340,103,0,87
340,104,0,50
340,105,0,83
340,106,0,130
340,107,0,81
340,108,0,46
340,109,0,0
340,110,0,0
340,111,0,0
340,112,0,0
340,113,0,0
341,1,0,0
341,2,0,0
341,3,0,10
341,4,0,33
341,5,0,0
341,6,0,0
341,7,0,0
341,8,0,0
341,9,1,38
341,10,0,0
341,11,0,0
341,12,0,0
341,13,0,0
341,14,0,0
341,15,0,0
341,16,118,19
341,17,95,0
341,18,0,0
341,19,0,0
341,20,0,0
341,21,0,0
341,22,0,0
341,23,0,0
341,24,1,87
341,25,0,0
341,26,0,0
341,27,0,0
341,28,0,0
341,29,0,0
341,30,262,42
341,31,0,0
341,32,0,0
341,33,0,0
341,34,0,0
341,35,0,0
341,36,0,0
341,37,0,0
341,38,0,17
341,39,0,0
341,40,0,0
341,41,0,0
341,42,0,0
341,43,0,0
341,44,0,0
341,45,0,0
341,46,0,0
341,47,0,0
341,48,89,0
341,49,0,0
341,50,0,0
341,51,0,0
341,52,0,0
341,53,0,0
341,54,0,0
341,55,0,0
341,56,86,11
341,57,0,0
341,58,0,0
341,59,0,0
341,60,0,0
341,61,0,0
341,62,0,0
341,63,0,0
341,64,0,0
341,65,0,0
341,66,0,0
341,67,0,0
341,68,2,0
341,69,131,101
341,70,0,0
341,71,0,0
341,72,0,0
341,73,0,0
341,74,59,110
341,75,0,0
341,76,0,0
341,77,0,0
341,78,75,94
341,79,0,0
341,80,15,118
341,81,22,118
341,82,55,27
341,83,0,175
341,84,0,177
341,85,0,60
341,86,0,0
341,87,0,0
341,88,0,37
341,89,0,88
341,90,0,56
341,91,0,46
341,92,0,0
341,93,0,42
341,94,0,36
341,95,0,84
341,96,0,127
341,97,0,139
341,98,0,41
341,99,0,0
341,100,0,0
341,101,0,0
341,102,0,0
341,103,0,0
342,1,0,0
342,2,0,0
342,3,0,0
342,4,0,0
342,5,0,0
342,6,0,31
342,7,0,0
342,8,0,0
342,9,0,0
342,10,0,0
342,11,0,0
342,12,0,0
342,13,0,0
342,14,0,0
342,15,0,0
342,16,0,0
342,17,1,52
342,18,0,0
342,19,0,0
342,20,0,0
342,21,0,0
342,22,0,0
342,23,0,0
342,24,0,0
342,25,0,0
342,26,135,18
342,27,93,0
342,28,0,0
342,29,0,0
342,30,0,0
342,31,0,0
342,32,0,0
342,33,0,0
342,34,0,0
342,35,0,0
342,36,0,0
342,37,0,0
342,38,0,0
342,39,242,43
342,40,0,0
342,41,0,0
342,42,0,0
342,43,0,0
342,44,0,0
342,45,0,0
342,46,0,0
342,47,0,0
342,48,0,0
342,49,0,0
342,50,1,24
342,51,0,0
342,52,0,0
342,53,0,0
342,54,0,0
342,55,0,0
342,56,0,0
342,57,0,0
342,58,0,0
342,59,0,0
342,60,0,21
342,61,0,12
342,62,0,0
342,63,0,0
342,64,0,0
342,65,0,0
342,66,0,0
342,67,0,0
342,68,266,88
342,69,0,0
342,70,0,0
342,71,0,0
342,72,0,0
342,73,0,0
342,74,0,0
342,75,0,0
342,76,0,0
342,77,0,0
342,78,0,0
342,79,0,0
342,80,0,0
342,81,0,15
342,82,2,0
342,83,139,96
342,84,0,0
342,85,0,0
342,86,0,0
342,87,0,0
342,88,0,0
342,89,58,103
342,90,0,0
342,91,0,0
342,92,0,0
342,93,164,43
342,94,0,0
342,95,21,84
342,96,0,139
342,97,0,169
342,98,0,0
342,99,0,177
342,100,0,64
342,101,0,0
342,102,0,21
342,103,0,0
342,104,0,0
342,105,0,105
342,106,0,46
342,107,0,31
342,108,0,0
342,109,0,0
342,110,0,0
342,111,0,0
342,112,0,0
342,113,0,26
342,114,0,0
342,115,0,207
342,116,0,0
342,117,0,60
342,118,0,137
342,119,0,132
342,120,0,40
342,121,0,0
342,122,0,0
343,1,0,0
343,2,0,0
343,3,0,0
343,4,0,0
343,5,0,0
343,6,0,0
343,7,0,0
343,8,0,0
343,9,0,0
343,10,0,0
343,11,0,0
343,12,0,0
343,13,0,0
343,14,0,56
343,15,0,0
343,16,0,0
343,17,0,0
343,18,0,0
343,19,0,0
343,20,0,0
343,21,0,0
343,22,0,0
343,23,0,0
343,24,0,0
343,25,0,0
343,26,0,0
343,27,126,20
343,28,120,0
343,29,0,0
343,30,0,0
343,31,0,0
343,32,0,0
343,33,0,0
343,34,0,0
343,35,230,44
343,36,0,0
343,37,0,0
343,38,0,0
343,39,0,0
343,40,1,25
343,41,0,0
343,42,234,81
343,43,0,0
343,44,14,0
343,45,0,0
343,46,0,0
343,47,0,0
343,48,0,0
343,49,0,0
343,50,0,34
343,51,0,0
343,52,0,0
343,53,0,0
343,54,0,0
343,55,0,0
343,56,0,0
343,57,0,0
343,58,0,0
343,59,0,0
343,60,0,0
343,61,0,0
343,62,0,0
343,63,0,0
343,64,0,0
343,65,0,0
343,66,0,0
343,67,0,0
343,68,0,0
343,69,2,0
343,70,2,0
343,71,0,0
343,72,0,0
343,73,0,0
343,74,0,0
343,75,0,0
343,76,0,0
343,77,0,0
343,78,0,0
343,79,0,0
343,80,0,0
343,81,0,0
343,82,0,0
343,83,0,0
343,84,166,50
343,85,0,0
343,86,26,84
343,87,8,48
343,88,0,140
343,89,1,39
343,90,0,166
343,91,0,0
343,92,0,118
343,93,0,28
343,94,0,0
343,95,0,46
343,96,0,20
343,97,0,40
343,98,0,48
343,99,0,0
343,100,0,152
343,101,0,0
343,102,0,99
343,103,0,50
343,104,0,0
343,105,0,0
343,106,0,0
343,107,0,0
343,108,0,0
343,109,0,0
343,110,0,55
343,111,0,106
343,112,0,0
343,113,0,164
343,114,0,123
343,115,0,119
343,116,0,124
343,117,0,37
343,118,0,0
343,119,0,0
343,120,0,0
343,121,0,0
344,1,0,0
344,2,0,0
344,3,0,0
344,4,0,0
344,5,0,0
344,6,0,0
344,7,0,0
344,8,0,0
344,9,0,0
344,10,0,0
344,11,0,0
344,12,0,8
344,13,0,0
344,14,0,0
344,15,0,0
344,16,0,0
344,17,0,46
344,18,0,0
344,19,0,0
344,20,0,0
344,21,0,0
344,22,0,0
344,23,0,0
344,24,0,0
344,25,0,0
344,26,0,0
344,27,187,0
344,28,87,0
344,29,119,18
344,30,63,0
344,31,0,0
344,32,0,0
344,33,0,0
344,34,0,0
344,35,0,0
344,36,0,0
344,37,0,0
344,38,0,0
344,39,0,0
344,40,0,0
344,41,0,0
344,42,0,0
344,43,0,0
344,44,0,56
344,45,0,0
344,46,0,0
344,47,0,0
344,48,0,0
344,49,0,0
344,50,0,0
344,51,0,0
344,52,0,23
344,53,0,0
344,54,0,0
344,55,9,0
344,56,229,86
344,57,0,0
344,58,0,0
344,59,0,0
344,60,0,0
344,61,0,0
344,62,0,0
344,63,1,34
344,64,0,0
344,65,0,0
344,66,0,0
344,67,0,0
344,68,0,0
344,69,0,0
344,70,0,0
344,71,0,0
344,72,0,0
344,73,6,0
344,74,0,0
344,75,320,63
344,76,0,0
344,77,0,0
344,78,0,0
344,79,0,0
344,80,0,0
344,81,0,0
344,82,0,0
344,83,0,0
344,84,0,0
344,85,6,0
344,86,4,0
344,87,305,114
344,88,0,0
344,89,0,0
344,90,0,0
344,91,376,39
344,92,0,0
344,93,0,0
344,94,18,14
344,95,0,0
344,96,0,0
344,97,0,0
344,98,1,0
344,99,0,0
344,100,0,0
344,101,34,88
344,102,0,0
344,103,0,0
344,104,1,140
344,105,16,115
344,106,1,33
344,107,0,136
344,108,0,0
344,109,0,0
344,110,0,115
344,111,0,42
344,112,0,54
344,113,0,42
344,114,0,56
344,115,0,141
344,116,0,0
344,117,0,0
344,118,0,0
344,119,0,0
344,120,0,0
344,121,0,0
344,122,0,72
344,123,0,0
344,124,0,193
344,125,0,105
344,126,0,0
344,127,0,166
344,128,0,118
344,129,0,136
344,130,0,0
344,131,0,0
344,132,0,0
344,133,0,0
344,134,0,0
345,1,0,0
345,2,0,0
345,3,0,0
345,4,0,0
345,5,0,0
345,6,0,0
345,7,0,0
345,8,0,0
345,9,0,0
345,10,0,0
345,11,0,0
345,12,0,0
345,13,0,0
345,14,0,0
345,15,0,0
345,16,0,0
345,17,0,0
345,18,0,0
345,19,0,0
345,20,0,0
345,21,0,0
345,22,0,0
345,23,0,0
345,24,0,0
345,25,0,0
345,26,0,0
345,27,0,0
345,28,126,19
345,29,108,0
345,30,0,0
345,31,0,0
345,32,0,0
345,33,0,0
345,34,0,0
345,35,0,0
345,36,0,0
345,37,0,0
345,38,0,0
345,39,0,0
345,40,0,0
345,41,0,0
345,42,0,0
345,43,0,0
345,44,0,67
345,45,0,0
345,46,0,0
345,47,0,0
345,48,0,0
345,49,0,0
345,50,0,0
345,51,0,0
345,52,0,0
345,53,0,0
345,54,0,0
345,55,0,0
345,56,0,22
345,57,0,0
345,58,0,0
345,59,0,0
345,60,238,80
345,61,0,0
345,62,0,0
345,63,0,0
345,64,0,0
345,65,0,0
345,66,0,0
345,67,0,0
345,68,0,0
345,69,0,0
345,70,0,0
345,71,0,0
345,72,0,0
345,73,0,0
345,74,0,0
345,75,0,0
345,76,0,0
345,77,326,64
345,78,0,0
345,79,326,62
345,80,0,0
345,81,225,97
345,82,0,0
345,83,0,0
345,84,0,0
345,85,0,0
345,86,0,0
345,87,0,0
345,88,7,0
345,89,0,0
345,90,8,0
345,91,286,113
345,92,0,0
345,93,0,0
345,94,0,0
345,95,0,0
345,96,0,0
345,97,0,0
345,98,182,21
345,99,75,3
345,100,223,35
345,101,12,9
345,102,181,19
345,103,42,70
345,104,0,0
345,105,0,0
345,106,0,0
345,107,0,0
345,108,1,0
345,109,0,0
345,110,0,0
345,111,38,81
345,112,0,0
345,113,0,0
345,114,11,100
345,115,7,72
345,116,1,44
345,117,0,153
345,118,0,0
345,119,0,0
345,120,0,51
345,121,0,131
345,122,0,151
345,123,0,0
345,124,0,151
345,125,0,0
345,126,0,0
345,127,0,0
345,128,0,0
345,129,0,0
345,130,0,116
345,131,0,99
345,132,0,0
345,133,0,35
345,134,0,140
345,135,0,81
345,136,0,132
345,137,0,137
345,138,0,97
345,139,0,133
345,140,0,5
345,141,0,0
345,142,0,0
345,143,0,0
345,144,0,0
345,145,0,0
345,146,0,0
346,1,0,0
346,2,0,0
346,3,0,0
346,4,0,0
346,5,0,0
346,6,0,0
346,7,0,0
346,8,0,0
346,9,0,0
346,10,0,0
346,11,0,0
346,12,0,0
346,13,0,0
346,14,0,0
346,15,0,0
346,16,0,0
346,17,0,0
346,18,0,0
346,19,0,0
346,20,0,0
346,21,0,0
346,22,0,0
346,23,0,0
346,24,0,0
346,25,0,0
346,26,0,0
346,27,0,0
346,28,0,0
346,29,0,0
346,30,0,0
346,31,0,62
346,32,0,0
346,33,0,0
346,34,0,0
346,35,0,0
346,36,0,0
346,37,0,0
346,38,0,0
346,39,0,0
346,40,0,0
346,41,0,0
346,42,0,0
346,43,1,26
346,44,0,0
346,45,0,0
346,46,0,0
346,47,0,0
346,48,0,0
346,49,0,0
346,50,0,0
346,51,7,0
346,52,0,0
346,53,1,20
346,54,2,0
346,55,0,0
346,56,0,0
346,57,0,0
346,58,1,19
346,59,0,0
346,60,0,0
346,61,0,0
346,62,0,0
346,63,0,0
346,64,0,0
346,65,0,0
346,66,0,0
346,67,0,0
346,68,0,0
346,69,343,63
346,70,0,0
346,71,0,0
346,72,0,0
346,73,0,0
346,74,0,0
346,75,0,0
346,76,0,0
346,77,0,0
346,78,0,0
346,79,15,0
346,80,0,0
346,81,265,115
346,82,0,0
346,83,0,0
346,84,0,0
346,85,0,0
346,86,0,0
346,87,11,8
346,88,247,22
346,89,0,0
346,90,0,0
346,91,0,0
346,92,0,0
346,93,0,0
346,94,0,0
346,95,0,0
346,96,39,75
346,97,0,0
346,98,0,0
346,99,0,0
346,100,10,104
346,101,0,0
346,102,7,66
346,103,1,63
346,104,0,123
346,105,0,130
346,106,0,60
346,107,0,0
346,108,0,102
346,109,0,0
346,110,0,0
346,111,0,156
346,112,0,133
346,113,0,0
346,114,0,0
346,115,0,0
346,116,0,0
346,117,0,0
346,118,0,0
346,119,0,0
346,120,0,47
346,121,0,218
346,122,0,51
346,123,0,141
346,124,0,107
346,125,0,20
346,126,0,115
346,127,0,76
346,128,0,45
346,129,0,118
346,130,0,68
346,131,0,123
346,132,0,114
346,133,0,125
346,134,0,0
346,135,0,0
346,136,0,0
346,137,0,0
347,1,0,0
347,2,0,0
347,3,0,0
347,4,0,0
347,5,0,0
347,6,0,7
347,7,0,0
347,8,0,0
347,9,0,0
347,10,0,0
347,11,0,0
347,12,0,0
347,13,0,0
347,14,0,0
347,15,0,0
347,16,0,0
347,17,0,0
347,18,0,0
347,19,0,0
347,20,0,0
347,21,0,0
347,22,0,0
347,23,0,0
347,24,0,0
347,25,0,0
347,26,0,0
347,27,0,0
347,28,0,0
347,29,0,0
347,30,0,0
347,31,0,77
347,32,0,0
347,33,0,0
347,34,0,0
347,35,0,0
347,36,0,0
347,37,0,0
347,38,0,0
347,39,0,0
347,40,0,0
347,41,0,0
347,42,0,0
347,43,0,0
347,44,0,0
347,45,0,0
347,46,0,0
347,47,82,53
347,48,101,38
347,49,0,46
347,50,0,0
347,51,0,0
347,52,0,0
347,53,0,0
347,54,0,0
347,55,0,29
347,56,0,0
347,57,0,0
347,58,0,0
347,59,0,0
347,60,0,0
347,61,8,0
347,62,0,0
347,63,0,0
347,64,0,0
347,65,0,0
347,66,0,0
347,67,0,0
347,68,0,0
347,69,0,0
347,70,0,0
347,71,0,0
347,72,0,0
347,73,11,0
347,74,0,0
347,75,0,0
347,76,0,0
347,77,0,0
347,78,0,0
347,79,0,0
347,80,0,0
347,81,0,0
347,82,0,0
347,83,329,70
347,84,0,0
347,85,0,0
347,86,0,0
347,87,0,0
347,88,0,0
347,89,0,0
347,90,0,0
347,91,0,0
347,92,0,0
347,93,0,0
347,94,0,0
347,95,2,0
347,96,15,0
347,97,0,0
347,98,261,107
347,99,0,0
347,100,0,0
347,101,0,12
347,102,0,0
347,103,0,0
347,104,0,0
347,105,0,0
347,106,0,0
347,107,0,0
347,108,0,0
347,109,0,0
347,110,37,84
347,111,0,0
347,112,0,0
347,113,1,0
347,114,0,0
347,115,0,0
347,116,0,0
347,117,42,73
347,118,0,0
347,119,0,0
347,120,24,125
347,121,0,0
347,122,0,0
347,123,0,0
347,124,0,0
347,125,0,111
347,126,0,131
347,127,0,73
347,128,0,103
347,129,0,0
347,130,0,93
347,131,0,76
347,132,0,127
347,133,0,0
347,134,0,0
347,135,0,131
347,136,0,0
347,137,0,76
347,138,0,0
347,139,0,67
347,140,0,57
347,141,0,170
347,142,0,45
347,143,0,0
347,144,0,149
347,145,0,102
347,146,0,0
347,147,0,36
347,148,0,136
347,149,0,151
347,150,0,0
347,151,0,13
347,152,0,5
347,153,0,0
347,154,0,0
347,155,0,0
347,156,0,0
347,157,0,0
347,158,0,0
348,1,0,0
348,2,0,0
348,3,0,0
348,4,0,0
348,5,0,0
348,6,0,8
348,7,0,0
348,8,0,0
348,9,0,0
348,10,0,0
348,11,0,0
348,12,0,0
348,13,0,0
348,14,0,0
348,15,0,0
348,16,0,0
348,17,0,0
348,18,0,0
348,19,0,0
348,20,0,0
348,21,0,0
348,22,0,0
348,23,0,0
348,24,0,0
348,25,0,0
348,26,0,0
348,27,0,0
348,28,0,0
348,29,0,0
348,30,0,0
348,31,0,0
348,32,0,0
348,33,0,0
348,34,0,0
348,35,0,0
348,36,0,0
348,37,0,0
348,38,0,0
348,39,0,0
348,40,0,0
348,41,0,0
348,42,0,0
348,43,0,0
348,44,0,0
348,45,0,0
348,46,0,0
348,47,0,0
348,48,0,0
348,49,0,0
348,50,0,0
348,51,0,0
348,52,0,0
348,53,0,0
348,54,0,0
348,55,0,0
348,56,0,0
348,57,0,0
348,58,0,0
348,59,0,0
348,60,0,0
348,61,0,0
348,62,0,0
348,63,0,51
348,64,0,0
348,65,0,0
348,66,0,0
348,67,0,0
348,68,0,0
348,69,100,78
348,70,0,0
348,71,0,0
348,72,0,0
348,73,7,0
348,74,0,0
348,75,0,0
348,76,0,0
348,77,0,0
348,78,0,0
348,79,0,0
348,80,0,0
348,81,0,0
348,82,0,0
348,83,6,0
348,84,0,0
348,85,0,0
348,86,0,0
348,87,0,0
348,88,0,0
348,89,0,0
348,90,0,0
348,91,0,0
348,92,0,0
348,93,0,0
348,94,0,0
348,95,0,0
348,96,0,0
348,97,0,0
348,98,0,0
348,99,0,0
348,100,0,0
348,101,0,0
348,102,0,0
348,103,0,0
348,104,0,0
348,105,0,0
348,106,193,79
348,107,0,0
348,108,0,0
348,109,0,0
348,110,0,0
348,111,0,0
348,112,86,14
348,113,207,23
348,114,0,0
348,115,1,0
348,116,0,0
348,117,0,0
348,118,0,0
348,119,0,0
348,120,19,37
348,121,1,25
348,122,9,53
348,123,4,47
348,124,0,0
348,125,1,13
348,126,0,0
348,127,0,191
348,128,0,72
348,129,0,54
348,130,0,0
348,131,0,26
348,132,0,30
348,133,0,131
348,134,0,0
348,135,0,131
348,136,0,0
348,137,0,71
348,138,0,0
348,139,0,0
348,140,0,59
348,141,0,225
348,142,0,30
348,143,0,62
348,144,0,139
348,145,0,90
348,146,0,136
348,147,0,76
348,148,0,124
348,149,0,152
348,150,0,0
348,151,0,24
348,152,0,2
348,153,0,0
348,154,0,0
348,155,0,0
348,156,0,0
349,1,0,0
349,2,0,0
349,3,0,4
349,4,0,0
349,5,0,0
349,6,0,0
349,7,0,0
349,8,0,9
349,9,0,0
349,10,0,0
349,11,0,0
349,12,0,0
349,13,0,0
349,14,0,0
349,15,0,0
349,16,0,0
349,17,0,0
349,18,0,0
349,19,0,0
349,20,0,0
349,21,0,0
349,22,0,0
349,23,0,0
349,24,0,0
349,25,0,0
349,26,0,0
349,27,0,0
349,28,0,0
349,29,0,0
349,30,0,0
349,31,0,0
349,32,0,0
349,33,0,0
349,34,0,0
349,35,0,0
349,36,0,0
349,37,0,0
349,38,0,0
349,39,0,0
349,40,0,0
349,41,0,0
349,42,0,0
349,43,0,0
349,44,0,0
349,45,0,0
349,46,0,0
349,47,0,0
349,48,0,0
349,49,209,93
349,50,0,0
349,51,0,0
349,52,0,0
349,53,0,0
349,54,0,0
349,55,0,67
349,56,0,0
349,57,0,0
349,58,0,0
349,59,0,0
349,60,0,0
349,61,0,0
349,62,0,0
349,63,0,0
349,64,0,0
349,65,0,0
349,66,0,47
349,67,0,0
349,68,0,0
349,69,0,0
349,70,0,0
349,71,0,0
349,72,0,0
349,73,0,0
349,74,0,0
349,75,0,0
349,76,0,0
349,77,0,0
349,78,9,0
349,79,0,0
349,80,0,0
349,81,0,0
349,82,0,0
349,83,0,0
349,84,8,0
349,85,0,0
349,86,0,0
349,87,0,0
349,88,0,0
349,89,0,0
349,90,0,0
349,91,0,0
349,92,0,0
349,93,85,47
349,94,0,0
349,95,0,0
349,96,0,0
349,97,0,0
349,98,0,0
349,99,0,0
349,100,0,0
349,101,0,0
349,102,0,0
349,103,0,0
349,104,0,0
349,105,0,0
349,106,0,0
349,107,0,0
349,108,0,0
349,109,0,0
349,110,0,0
349,111,0,0
349,112,337,45
349,113,0,0
349,114,2,0
349,115,0,0
349,116,0,0
349,117,0,0
349,118,0,0
349,119,26,83
349,120,9,82
349,121,0,0
349,122,1,20
349,123,0,0
349,124,0,0
349,125,0,204
349,126,0,82
349,127,0,19
349,128,0,3
349,129,0,0
349,130,0,28
349,131,0,32
349,132,0,0
349,133,0,122
349,134,0,0
349,135,0,0
349,136,0,0
349,137,0,0
349,138,0,43
349,139,0,80
349,140,0,37
349,141,0,91
349,142,0,152
349,143,0,83
349,144,0,143
349,145,0,154
349,146,0,10
349,147,0,0
349,148,0,13
349,149,0,0
349,150,0,0
350,1,0,0
350,2,0,0
350,3,0,0
350,4,0,0
350,5,0,0
350,6,0,0
350,7,0,0
350,8,0,0
350,9,0,0
350,10,0,5
350,11,0,0
350,12,0,0
350,13,0,0
350,14,0,0
350,15,0,0
350,16,0,0
350,17,0,0
350,18,0,0
350,19,0,0
350,20,0,0
350,21,0,0
350,22,0,0
350,23,0,0
350,24,0,0
350,25,0,0
350,26,0,0
350,27,0,0
350,28,0,0
350,29,0,0
350,30,0,0
350,31,0,0
350,32,0,0
350,33,0,0
350,34,0,0
350,35,0,0
350,36,0,0
350,37,0,0
350,38,0,0
350,39,0,0
350,40,0,0
350,41,0,0
350,42,0,0
350,43,0,0
350,44,0,0
350,45,0,0
350,46,0,0
350,47,0,0
350,48,0,0
350,49,0,0
350,50,0,0
350,51,0,0
350,52,0,0
350,53,0,0
350,54,0,0
350,55,0,0
350,56,0,0
350,57,0,35
350,58,0,20
350,59,0,0
350,60,0,2
350,61,0,0
350,62,0,36
350,63,0,0
350,64,0,0
350,65,0,0
350,66,0,0
350,67,0,0
350,68,0,0
350,69,0,0
350,70,0,0
350,71,0,0
350,72,0,0
350,73,0,0
350,74,1,67
350,75,0,0
350,76,0,0
350,77,0,0
350,78,0,0
350,79,0,0
350,80,0,0
350,81,0,0
350,82,0,0
350,83,0,0
350,84,0,0
350,85,0,0
350,86,0,0
350,87,0,0
350,88,0,0
350,89,0,0
350,90,0,0
350,91,0,0
350,92,0,0
350,93,0,0
350,94,0,0
350,95,0,0
350,96,0,0
350,97,0,0
350,98,0,0
350,99,0,0
350,100,0,0
350,101,0,0
350,102,0,0
350,103,0,0
350,104,5,0
350,105,0,0
350,106,0,0
350,107,0,0
350,108,0,0
350,109,0,0
350,110,0,0
350,111,0,0
350,112,0,0
350,113,0,0
350,114,0,0
350,115,193,24
350,116,0,0
350,117,3,0
350,118,18,84
350,119,32,51
350,120,4,21
350,121,0,0
350,122,0,0
350,123,19,56
350,124,6,25
350,125,21,60
350,126,2,63
350,127,0,0
350,128,0,0
350,129,0,0
350,130,0,68
350,131,0,37
350,132,0,191
350,133,0,0
350,134,0,64
350,135,0,24
350,136,0,3
350,137,0,31
350,138,0,34
350,139,0,127
350,140,0,0
350,141,0,145
350,142,0,0
350,143,0,88
350,144,0,0
350,145,0,147
350,146,0,176
350,147,0,212
350,148,0,140
350,149,0,0
350,150,0,0
350,151,0,15
350,152,0,0
350,153,0,3
350,154,0,0
350,155,0,6
350,156,0,0
351,1,0,0
351,2,0,0
351,3,0,0
351,4,0,0
351,5,0,0
351,6,0,0
351,7,0,0
351,8,0,0
351,9,0,0
351,10,0,0
351,11,0,0
351,12,0,0
351,13,0,0
351,14,0,0
351,15,0,0
351,16,0,21
351,17,0,0
351,18,0,0
351,19,0,0
351,20,0,0
351,21,0,0
351,22,0,0
351,23,0,0
351,24,0,0
351,25,0,0
351,26,0,0
351,27,0,0
351,28,0,0
351,29,0,0
351,30,0,0
351,31,0,0
351,32,0,0
351,33,0,0
351,34,0,0
351,35,0,0
351,36,0,0
351,37,0,0
351,38,0,0
351,39,0,0
351,40,0,0
351,41,0,0
351,42,0,0
351,43,0,0
351,44,0,0
351,45,0,0
351,46,0,0
351,47,0,0
351,48,0,0
351,49,0,71
351,50,0,56
351,51,0,0
351,52,0,0
351,53,0,0
351,54,0,0
351,55,0,0
351,56,0,0
351,57,0,0
351,58,0,0
351,59,0,0
351,60,0,0
351,61,0,0
351,62,0,0
351,63,0,0
351,64,0,0
351,65,0,0
351,66,0,0
351,67,1,61
351,68,0,0
351,69,0,0
351,70,0,0
351,71,0,0
351,72,0,0
351,73,0,0
351,74,0,0
351,75,0,0
351,76,0,0
351,77,0,0
351,78,0,0
351,79,0,0
351,80,0,0
351,81,0,0
351,82,0,0
351,83,0,0
351,84,0,0
351,85,334,106
351,86,5,0
351,87,0,0
351,88,0,0
351,89,0,0
351,90,0,0
351,91,0,0
351,92,0,0
351,93,0,0
351,94,0,0
351,95,0,0
351,96,0,0
351,97,0,0
351,98,0,0
351,99,0,0
351,100,0,0
351,101,0,0
351,102,0,0
351,103,1,0
351,104,0,0
351,105,0,0
351,106,0,0
351,107,0,0
351,108,6,0
351,109,0,0
351,110,0,0
351,111,0,0
351,112,0,0
351,113,0,0
351,114,0,0
351,115,0,0
351,116,0,0
351,117,0,0
351,118,121,18
351,119,97,11
351,120,0,0
351,121,259,28
351,122,0,0
351,123,0,0
351,124,17,91
351,125,24,49
351,126,11,24
351,127,0,0
351,128,0,0
351,129,0,0
351,130,13,57
351,131,17,56
351,132,3,82
351,133,0,0
351,134,0,0
351,135,0,128
351,136,0,0
351,137,0,57
351,138,0,28
351,139,0,22
351,140,0,100
351,141,0,141
351,142,0,0
351,143,0,68
351,144,0,161
351,145,0,73
351,146,0,0
351,147,0,0
351,148,0,43
351,149,0,117
351,150,0,174
351,151,0,179
351,152,0,122
351,153,0,0
351,154,0,0
351,155,0,22
351,156,0,0
351,157,0,0
351,158,0,3
351,159,0,0
351,160,0,0
351,161,0,9
351,162,0,0
351,163,0,0
351,164,0,0
351,165,0,0
352,1,0,0
352,2,0,0
352,3,0,0
352,4,0,0
352,5,0,0
352,6,0,0
352,7,0,0
352,8,0,0
352,9,0,0
352,10,0,0
352,11,0,0
352,12,0,0
352,13,0,0
352,14,0,0
352,15,0,0
352,16,0,0
352,17,0,0
352,18,0,23
352,19,0,0
352,20,0,0
352,21,0,0
352,22,0,0
352,23,0,0
352,24,0,0
352,25,0,0
352,26,0,0
352,27,0,0
352,28,0,0
352,29,0,0
352,30,0,0
352,31,0,0
352,32,0,0
352,33,0,0
352,34,0,0
352,35,0,0
352,36,0,0
352,37,0,0
352,38,0,0
352,39,0,0
352,40,0,0
352,41,0,68
352,42,0,0
352,43,0,0
352,44,0,0
352,45,0,0
352,46,0,0
352,47,0,0
352,48,0,0
352,49,0,0
352,50,0,0
352,51,0,70
352,52,0,0
352,53,0,0
352,54,0,0
352,55,0,0
352,56,0,0
352,57,0,0
352,58,0,0
352,59,0,0
352,60,0,0
352,61,0,0
352,62,0,0
352,63,0,0
352,64,0,0
352,65,0,86
352,66,0,0
352,67,0,0
352,68,0,0
352,69,0,0
352,70,0,0
352,71,1,55
352,72,0,0
352,73,0,0
352,74,0,0
352,75,0,0
352,76,0,0
352,77,0,0
352,78,0,0
352,79,331,94
352,80,0,0
352,81,324,88
352,82,0,0
352,83,0,0
352,84,0,0
352,85,0,0
352,86,0,0
352,87,0,0
352,88,0,0
352,89,0,0
352,90,0,0
352,91,0,0
352,92,0,0
352,93,0,0
352,94,0,0
352,95,0,0
352,96,0,0
352,97,303,53
352,98,0,0
352,99,0,0
352,100,0,0
352,101,0,0
352,102,0,0
352,103,0,0
352,104,0,0
352,105,146,70
352,106,0,0
352,107,0,0
352,108,0,0
352,109,0,0
352,110,121,20
352,111,92,16
352,112,12,26
352,113,272,37
352,114,0,0
352,115,0,0
352,116,26,82
352,117,29,50
352,118,16,20
352,119,0,0
352,120,0,0
352,121,0,0
352,122,18,72
352,123,11,94
352,124,0,0
352,125,0,62
352,126,0,94
352,127,0,92
352,128,0,77
352,129,0,73
352,130,0,39
352,131,0,42
352,132,0,136
352,133,0,127
352,134,0,0
352,135,0,42
352,136,0,0
352,137,0,176
352,138,0,76
352,139,0,0
352,140,0,69
352,141,0,0
352,142,0,93
352,143,0,105
352,144,0,125
352,145,0,16
352,146,0,0
352,147,0,0
352,148,0,0
352,149,0,0
352,150,0,0
352,151,0,0
352,152,0,0
353,1,0,0
353,2,0,0
353,3,0,0
353,4,0,0
353,5,0,0
353,6,0,0
353,7,0,0
353,8,0,0
353,9,0,0
353,10,0,0
353,11,0,0
353,12,0,0
353,13,0,0
353,14,0,0
353,15,0,0
353,16,0,20
353,17,0,0
353,18,0,0
353,19,0,0
353,20,0,0
353,21,0,0
353,22,0,0
353,23,0,0
353,24,0,0
353,25,0,0
353,26,0,0
353,27,0,0
353,28,0,0
353,29,0,0
353,30,0,0
353,31,0,0
353,32,0,0
353,33,0,0
353,34,0,0
353,35,0,68
353,36,0,0
353,37,0,0
353,38,0,0
353,39,0,0
353,40,0,0
353,41,0,0
353,42,0,0
353,43,0,0
353,44,0,0
353,45,0,0
353,46,0,69
353,47,0,0
353,48,0,0
353,49,0,0
353,50,0,0
353,51,0,0
353,52,0,86
353,53,3,58
353,54,0,0
353,55,0,0
353,56,0,0
353,57,0,0
353,58,0,0
353,59,0,0
353,60,0,0
353,61,0,0
353,62,0,0
353,63,0,0
353,64,0,0
353,65,0,0
353,66,333,105
353,67,0,0
353,68,0,0
353,69,0,0
353,70,336,105
353,71,0,0
353,72,0,0
353,73,0,0
353,74,0,0
353,75,0,0
353,76,0,0
353,77,0,0
353,78,0,0
353,79,0,0
353,80,0,0
353,81,0,0
353,82,0,0
353,83,0,0
353,84,0,0
353,85,0,0
353,86,0,0
353,87,0,0
353,88,0,0
353,89,0,0
353,90,0,0
353,91,0,0
353,92,160,66
353,93,9,1
353,94,0,0
353,95,0,0
353,96,0,0
353,97,0,0
353,98,52,10
353,99,113,22
353,100,0,0
353,101,12,23
353,102,243,38
353,103,0,0
353,104,0,0
353,105,19,83
353,106,30,47
353,107,15,25
353,108,0,0
353,109,0,0
353,110,0,0
353,111,4,73
353,112,0,0
353,113,2,0
353,114,0,0
353,115,10,56
353,116,24,54
353,117,3,57
353,118,0,0
353,119,0,0
353,120,0,87
353,121,0,71
353,122,0,25
353,123,0,67
353,124,0,35
353,125,0,43
353,126,0,45
353,127,0,104
353,128,0,38
353,129,0,161
353,130,0,81
353,131,0,41
353,132,0,68
353,133,0,38
353,134,0,72
353,135,0,88
353,136,0,99
353,137,0,208
353,138,0,0
353,139,0,16
353,140,0,0
353,141,0,0
353,142,0,0
353,143,0,0
353,144,0,0
353,145,0,0
354,1,0,0
354,2,0,0
354,3,0,0
354,4,0,0
354,5,0,0
354,6,0,0
354,7,0,0
354,8,0,0
354,9,0,0
354,10,0,0
354,11,0,0
354,12,0,0
354,13,0,0
354,14,0,0
354,15,0,0
354,16,0,0
354,17,0,0
354,18,0,0
354,19,0,0
354,20,0,17
354,21,0,0
354,22,0,0
354,23,0,0
354,24,0,0
354,25,0,0
354,26,0,0
354,27,0,0
354,28,0,0
354,29,0,0
354,30,0,0
354,31,0,0
354,32,0,0
354,33,0,0
354,34,0,0
354,35,0,0
354,36,0,0
354,37,0,0
354,38,0,0
354,39,0,0
354,40,0,0
354,41,0,0
354,42,0,0
354,43,0,0
354,44,0,0
354,45,0,0
354,46,0,0
354,47,0,0
354,48,0,0
354,49,0,0
354,50,0,0
354,51,0,0
354,52,0,0
354,53,0,0
354,54,0,0
354,55,0,0
354,56,0,76
354,57,1,29
354,58,0,0
354,59,0,0
354,60,0,35
354,61,0,0
354,62,0,0
354,63,0,0
354,64,0,0
354,65,0,0
354,66,0,0
354,67,0,0
354,68,0,71
354,69,0,0
354,70,0,0
354,71,0,0
354,72,0,0
354,73,0,0
354,74,0,0
354,75,0,0
354,76,0,0
354,77,0,0
354,78,5,60
354,79,0,0
354,80,0,0
354,81,0,0
354,82,0,0
354,83,0,0
354,84,0,0
354,85,0,0
354,86,0,0
354,87,0,0
354,88,0,0
354,89,0,0
354,90,0,0
354,91,0,0
354,92,0,0
354,93,0,0
354,94,0,0
354,95,0,0
354,96,0,0
354,97,0,0
354,98,0,0
354,99,0,0
354,100,0,0
354,101,0,0
354,102,0,0
354,103,0,0
354,104,0,0
354,105,0,13
354,106,0,0
354,107,0,0
354,108,0,0
354,109,0,0
354,110,0,0
354,111,0,0
354,112,0,0
354,113,0,0
354,114,0,0
354,115,0,0
354,116,0,0
354,117,319,51
354,118,0,0
354,119,0,0
354,120,0,0
354,121,128,59
354,122,0,0
354,123,0,0
354,124,0,0
354,125,0,0
354,126,107,26
354,127,0,0
354,128,11,23
354,129,176,37
354,130,299,79
354,131,7,62
354,132,38,77
354,133,0,0
354,134,3,78
354,135,1,0
354,136,35,98
354,137,0,0
354,138,9,100
354,139,0,0
354,140,0,137
354,141,0,179
354,142,0,56
354,143,0,27
354,144,0,0
354,145,0,15
354,146,0,78
354,147,0,28
354,148,0,12
354,149,0,68
354,150,0,0
354,151,0,133
354,152,0,0
354,153,0,184
354,154,0,20
354,155,0,0
354,156,0,0
354,157,0,0
354,158,0,0
354,159,0,0
354,160,0,0
354,161,0,0
354,162,0,0
354,163,0,0
355,1,0,0
355,2,0,0
355,3,0,0
355,4,0,0
355,5,0,0
355,6,0,0
355,7,0,0
355,8,0,0
355,9,0,0
355,10,0,0
355,11,0,0
355,12,0,0
355,13,0,0
355,14,0,0
355,15,0,0
355,16,0,0
355,17,0,0
355,18,0,0
355,19,0,0
355,20,0,0
355,21,0,0
355,22,0,0
355,23,0,27
355,24,0,0
355,25,0,0
355,26,0,0
355,27,0,0
355,28,0,0
355,29,0,0
355,30,0,0
355,31,0,0
355,32,0,0
355,33,0,0
355,34,0,0
355,35,0,0
355,36,0,0
355,37,0,0
355,38,0,0
355,39,0,0
355,40,0,0
355,41,0,0
355,42,0,0
355,43,0,0
355,44,0,0
355,45,0,0
355,46,0,0
355,47,0,0
355,48,0,0
355,49,0,0
355,50,0,0
355,51,0,0
355,52,0,0
355,53,0,0
355,54,0,0
355,55,0,0
355,56,0,0
355,57,0,0
355,58,0,0
355,59,0,0
355,60,0,0
355,61,0,0
355,62,3,85
355,63,0,0
355,64,0,0
355,65,0,0
355,66,0,0
355,67,0,0
355,68,0,0
355,69,0,0
355,70,0,0
355,71,0,0
355,72,0,0
355,73,0,0
355,74,0,0
355,75,0,0
355,76,0,0
355,77,0,0
355,78,0,0
355,79,0,44
355,80,3,49
355,81,0,0
355,82,0,0
355,83,0,0
355,84,0,0
355,85,0,0
355,86,0,0
355,87,0,0
355,88,0,0
355,89,0,0
355,90,0,0
355,91,0,0
355,92,0,0
355,93,0,0
355,94,0,0
355,95,1,21
355,96,0,0
355,97,0,0
355,98,0,0
355,99,12,0
355,100,0,0
355,101,0,0
355,102,0,0
355,103,0,0
355,104,0,0
355,105,0,0
355,106,0,0
355,107,0,0
355,108,0,13
355,109,0,0
355,110,0,0
355,111,0,0
355,112,0,0
355,113,0,0
355,114,0,0
355,115,0,0
355,116,0,0
355,117,0,0
355,118,5,0
355,119,352,74
355,120,0,0
355,121,0,0
355,122,0,0
355,123,0,0
355,124,0,0
355,125,0,0
355,126,0,0
355,127,73,40
355,128,28,71
355,129,10,16
355,130,186,39
355,131,0,0
355,132,309,78
355,133,0,0
355,134,0,0
355,135,9,62
355,136,0,0
355,137,0,0
355,138,4,78
355,139,0,0
355,140,7,155
355,141,0,0
355,142,0,0
355,143,0,164
355,144,0,0
355,145,0,92
355,146,0,0
355,147,0,105
355,148,0,125
355,149,0,90
355,150,0,48
355,151,0,54
355,152,0,0
355,153,0,77
355,154,0,39
355,155,0,0
355,156,0,55
355,157,0,64
355,158,0,99
355,159,0,0
355,160,0,134
355,161,0,0
355,162,0,177
355,163,0,39
355,164,0,22
355,165,0,0
355,166,0,0
355,167,0,0
355,168,0,0
355,169,0,0
355,170,0,0
355,171,0,0
355,172,0,0
355,173,0,0
356,1,0,0
356,2,0,0
356,3,0,0
356,4,0,0
356,5,0,0
356,6,0,0
356,7,0,0
356,8,0,0
356,9,0,0
356,10,0,0
356,11,0,0
356,12,0,0
356,13,0,0
356,14,0,0
356,15,0,0
356,16,0,0
356,17,0,0
356,18,0,0
356,19,0,9
356,20,0,0
356,21,0,0
356,22,0,0
356,23,0,0
356,24,0,0
356,25,0,0
356,26,0,0
356,27,0,0
356,28,0,0
356,29,0,0
356,30,0,0
356,31,0,0
356,32,0,0
356,33,0,0
356,34,0,0
356,35,0,0
356,36,0,0
356,37,0,0
356,38,0,0
356,39,0,0
356,40,0,0
356,41,0,0
356,42,0,0
356,43,0,0
356,44,0,0
356,45,0,0
356,46,0,0
356,47,0,0
356,48,0,0
356,49,0,0
356,50,0,0
356,51,0,57
356,52,3,97
356,53,0,0
356,54,0,0
356,55,0,0
356,56,0,54
356,57,0,0
356,58,0,0
356,59,0,0
356,60,0,0
356,61,0,0
356,62,0,0
356,63,0,70
356,64,0,0
356,65,0,0
356,66,0,0
356,67,0,0
356,68,0,0
356,69,0,0
356,70,0,0
356,71,0,58
356,72,0,0
356,73,0,0
356,74,0,0
356,75,0,0
356,76,0,0
356,77,0,0
356,78,0,0
356,79,0,0
356,80,0,0
356,81,0,0
356,82,0,0
356,83,0,0
356,84,0,0
356,85,0,0
356,86,0,0
356,87,1,18
356,88,0,0
356,89,0,0
356,90,11,0
356,91,0,0
356,92,0,0
356,93,0,0
356,94,0,0
356,95,0,0
356,96,0,0
356,97,0,0
356,98,0,0
356,99,0,0
356,100,0,0
356,101,1,13
356,102,0,0
356,103,0,0
356,104,0,0
356,105,0,0
356,106,0,0
356,107,0,0
356,108,0,0
356,109,0,0
356,110,0,0
356,111,0,0
356,112,8,0
356,113,0,0
356,114,0,0
356,115,0,0
356,116,0,0
356,117,0,0
356,118,0,0
356,119,0,0
356,120,0,0
356,121,0,0
356,122,0,0
356,123,0,0
356,124,12,18
356,125,337,62
356,126,312,74
356,127,0,0
356,128,0,0
356,129,11,81
356,130,0,0
356,131,0,0
356,132,0,0
356,133,0,0
356,134,0,0
356,135,0,0
356,136,0,0
356,137,0,0
356,138,0,0
356,139,0,0
356,140,0,67
356,141,0,60
356,142,0,0
356,143,0,159
356,144,0,83
356,145,0,41
356,146,0,0
356,147,0,48
356,148,0,58
356,149,0,0
356,150,0,76
356,151,0,0
356,152,0,0
356,153,0,50
356,154,0,135
356,155,0,187
356,156,0,135
356,157,0,164
356,158,0,67
356,159,0,23
356,160,0,0
356,161,0,0
356,162,0,0
356,163,0,1
356,164,0,0
357,1,0,0
357,2,0,0
357,3,0,0
357,4,0,0
357,5,0,0
357,6,0,0
357,7,0,0
357,8,0,0
357,9,0,0
357,10,0,0
357,11,0,0
357,12,0,0
357,13,0,13
357,14,0,0
357,15,0,0
357,16,0,0
357,17,0,0
357,18,0,0
357,19,0,0
357,20,0,0
357,21,0,0
357,22,0,0
357,23,0,0
357,24,0,0
357,25,0,0
357,26,0,0
357,27,0,0
357,28,0,0
357,29,0,0
357,30,0,0
357,31,0,0
357,32,0,0
357,33,0,0
357,34,0,0
357,35,1,58
357,36,0,0
357,37,0,0
357,38,0,0
357,39,0,0
357,40,0,15
357,41,0,40
357,42,0,0
357,43,0,0
357,44,0,34
357,45,0,0
357,46,0,0
357,47,0,17
357,48,0,59
357,49,0,0
357,50,0,0
357,51,0,0
357,52,0,0
357,53,0,0
357,54,0,0
357,55,0,0
357,56,0,0
357,57,0,88
357,58,0,0
357,59,0,0
357,60,0,0
357,61,0,0
357,62,0,49
357,63,0,0
357,64,0,0
357,65,0,0
357,66,0,0
357,67,0,0
357,68,0,0
357,69,0,0
357,70,0,0
357,71,0,0
357,72,0,0
357,73,0,0
357,74,0,0
357,75,0,0
357,76,0,0
357,77,0,0
357,78,0,0
357,79,0,0
357,80,0,0
357,81,0,0
357,82,0,0
357,83,0,0
357,84,0,0
357,85,0,0
357,86,0,0
357,87,0,0
357,88,0,0
357,89,0,0
357,90,0,0
357,91,0,0
357,92,1,15
357,93,0,0
357,94,0,0
357,95,0,0
357,96,0,0
357,97,0,0
357,98,0,0
357,99,0,0
357,100,0,0
357,101,0,0
357,102,0,0
357,103,0,0
357,104,4,0
357,105,0,0
357,106,0,0
357,107,0,0
357,108,0,0
357,109,110,41
357,110,0,0
357,111,0,0
357,112,313,59
357,113,312,64
357,114,0,0
357,115,0,0
357,116,12,159
357,117,0,0
357,118,0,0
357,119,0,0
357,120,0,0
357,121,0,10
357,122,0,0
357,123,0,37
357,124,0,92
357,125,0,60
357,126,0,0
357,127,0,0
357,128,0,81
357,129,0,48
357,130,0,80
357,131,0,75
357,132,0,193
357,133,0,135
357,134,0,0
357,135,0,128
357,136,0,102
357,137,0,1
357,138,0,0
357,139,0,1
357,140,0,0
357,141,0,0
357,142,0,0
357,143,0,0
357,144,0,0
357,145,0,0
358,1,0,0
358,2,0,0
358,3,0,0
358,4,0,0
358,5,0,0
358,6,0,0
358,7,0,0
358,8,0,0
358,9,0,0
358,10,0,0
358,11,0,0
358,12,0,0
358,13,0,0
358,14,0,0
358,15,0,0
358,16,0,0
358,17,0,0
358,18,0,0
358,19,0,0
358,20,0,0
358,21,0,0
358,22,0,0
358,23,0,0
358,24,0,0
358,25,0,0
358,26,0,0
358,27,0,0
358,28,0,0
358,29,0,0
358,30,0,0
358,31,0,0
358,32,0,0
358,33,0,0
358,34,0,0
358,35,0,0
358,36,0,0
358,37,1,72
358,38,0,0
358,39,0,0
358,40,0,49
358,41,0,0
358,42,0,0
358,43,0,0
358,44,0,0
358,45,0,37
358,46,0,0
358,47,0,41
358,48,0,0
358,49,0,0
358,50,0,0
358,51,0,0
358,52,0,0
358,53,0,0
358,54,0,0
358,55,0,0
358,56,0,0
358,57,0,0
358,58,0,0
358,59,0,0
358,60,0,0
358,61,0,0
358,62,0,0
358,63,0,0
358,64,0,0
358,65,0,0
358,66,129,75
358,67,0,0
358,68,0,0
358,69,0,0
358,70,0,0
358,71,0,0
358,72,0,0
358,73,0,0
358,74,0,0
358,75,0,0
358,76,0,0
358,77,0,0
358,78,0,0
358,79,0,0
358,80,0,0
358,81,3,0
358,82,0,0
358,83,0,0
358,84,0,0
358,85,0,0
358,86,0,0
358,87,0,0
358,88,0,0
358,89,0,0
358,90,0,0
358,91,0,0
358,92,0,0
358,93,0,0
358,94,0,0
358,95,0,0
358,96,0,0
358,97,0,0
358,98,0,0
358,99,0,0
358,100,0,0
358,101,0,0
358,102,0,0
358,103,0,0
358,104,0,0
358,105,0,0
358,106,2,0
358,107,0,0
358,108,0,0
358,109,0,0
358,110,0,0
358,111,0,0
358,112,0,0
358,113,0,0
358,114,61,112
358,115,299,63
358,116,0,0
358,117,0,0
358,118,0,0
358,119,56,102
358,120,0,0
358,121,0,0
358,122,0,0
358,123,0,0
358,124,0,0
358,125,14,152
358,126,0,133
358,127,0,0
358,128,0,0
358,129,0,21
358,130,0,26
358,131,0,125
358,132,0,36
358,133,0,0
358,134,0,0
358,135,0,201
358,136,0,0
358,137,0,0
358,138,0,144
358,139,0,0
358,140,0,126
358,141,0,0
358,142,0,136
358,143,0,43
358,144,0,62
358,145,0,28
358,146,0,8
358,147,0,3
358,148,0,0
358,149,0,0
358,150,0,0
359,1,0,0
359,2,0,0
359,3,0,0
359,4,0,0
359,5,0,0
359,6,0,0
359,7,0,0
359,8,0,0
359,9,0,0
359,10,0,0
359,11,0,0
359,12,0,0
359,13,0,0
359,14,0,0
359,15,0,0
359,16,0,0
359,17,0,0
359,18,0,0
359,19,0,0
359,20,0,0
359,21,0,0
359,22,0,0
359,23,0,0
359,24,0,0
359,25,0,0
359,26,0,0
359,27,0,0
359,28,0,0
359,29,0,0
359,30,0,0
359,31,0,0
359,32,0,0
359,33,0,0
359,34,0,0
359,35,0,0
359,36,0,0
359,37,0,0
359,38,0,0
359,39,0,0
359,40,0,0
359,41,0,0
359,42,0,0
359,43,0,0
359,44,0,72
359,45,0,0
359,46,0,0
359,47,0,0
359,48,0,75
359,49,0,0
359,50,0,0
359,51,0,0
359,52,0,0
359,53,0,0
359,54,0,0
359,55,1,59
359,56,0,0
359,57,0,0
359,58,0,0
359,59,0,0
359,60,0,0
359,61,0,0
359,62,0,0
359,63,111,82
359,64,0,0
359,65,0,0
359,66,0,0
359,67,0,0
359,68,154,130
359,69,0,0
359,70,0,0
359,71,0,0
359,72,0,0
359,73,0,0
359,74,0,0
359,75,0,0
359,76,0,0
359,77,0,0
359,78,0,0
359,79,0,0
359,80,0,0
359,81,0,0
359,82,0,0
359,83,0,0
359,84,0,0
359,85,0,0
359,86,0,0
359,87,0,0
359,88,72,68
359,89,123,43
359,90,0,0
359,91,0,0
359,92,0,0
359,93,0,0
359,94,0,0
359,95,0,0
359,96,0,0
359,97,0,0
359,98,4,0
359,99,6,0
359,100,0,0
359,101,0,0
359,102,0,0
359,103,0,0
359,104,66,99
359,105,0,0
359,106,284,68
359,107,0,0
359,108,0,0
359,109,0,0
359,110,0,0
359,111,0,0
359,112,0,0
359,113,0,0
359,114,0,0
359,115,0,12
359,116,0,21
359,117,0,0
359,118,0,5
359,119,0,37
359,120,0,18
359,121,0,0
359,122,0,76
359,123,0,0
359,124,0,0
359,125,0,0
359,126,0,198
359,127,0,0
359,128,0,20
359,129,0,0
359,130,0,0
359,131,0,138
359,132,0,0
359,133,0,144
359,134,0,64
359,135,0,60
359,136,0,4
359,137,0,2
359,138,0,0
359,139,0,0
359,140,0,0
360,1,0,0
360,2,0,0
360,3,0,0
360,4,0,0
360,5,0,0
360,6,0,0
360,7,0,0
360,8,0,56
360,9,0,0
360,10,0,0
360,11,0,0
360,12,0,0
360,13,0,0
360,14,0,0
360,15,0,0
360,16,0,0
360,17,0,0
360,18,0,0
360,19,1,74
360,20,0,0
360,21,0,0
360,22,0,0
360,23,0,0
360,24,0,0
360,25,0,0
360,26,0,0
360,27,0,0
360,28,0,0
360,29,0,0
360,30,0,0
360,31,0,0
360,32,0,0
360,33,0,0
360,34,0,0
360,35,0,0
360,36,0,0
360,37,0,0
360,38,0,0
360,39,0,0
360,40,0,0
360,41,96,83
360,42,0,0
360,43,0,0
360,44,132,122
360,45,0,0
360,46,0,0
360,47,0,0
360,48,0,0
360,49,0,0
360,50,0,0
360,51,0,0
360,52,0,0
360,53,0,0
360,54,21,0
360,55,0,0
360,56,0,0
360,57,0,0
360,58,0,0
360,59,0,0
360,60,0,0
360,61,0,0
360,62,0,0
360,63,0,0
360,64,0,0
360,65,0,0
360,66,0,0
360,67,1,0
360,68,0,0
360,69,0,0
360,70,0,0
360,71,0,0
360,72,0,0
360,73,7,0
360,74,0,0
360,75,0,0
360,76,0,0
360,77,0,0
360,78,0,0
360,79,305,70
360,80,235,59
360,81,0,0
360,82,15,48
360,83,289,53
360,84,1,0
360,85,0,0
360,86,21,113
360,87,0,0
360,88,9,111
360,89,0,0
360,90,0,158
360,91,0,169
360,92,0,21
360,93,0,0
360,94,0,0
360,95,0,42
360,96,0,0
360,97,0,0
360,98,0,16
360,99,0,0
360,100,0,67
360,101,0,0
360,102,0,0
360,103,0,0
360,104,0,180
360,105,0,0
360,106,0,35
360,107,0,12
360,108,0,0
360,109,0,139
360,110,0,71
360,111,0,0
360,112,0,131
360,113,0,223
360,114,0,109
360,115,0,103
360,116,0,0
360,117,0,66
360,118,0,69
360,119,0,1
360,120,0,0
360,121,0,0
361,1,0,0
361,2,0,0
361,3,0,0
361,4,0,0
361,5,0,0
361,6,0,0
361,7,0,0
361,8,0,0
361,9,0,0
361,10,0,0
361,11,0,0
361,12,0,0
361,13,0,0
361,14,0,0
361,15,0,0
361,16,0,0
361,17,0,0
361,18,0,0
361,19,1,92
361,20,0,0
361,21,0,74
361,22,0,0
361,23,0,0
361,24,0,0
361,25,0,0
361,26,0,0
361,27,0,0
361,28,0,0
361,29,0,0
361,30,0,0
361,31,0,0
361,32,0,0
361,33,0,0
361,34,0,0
361,35,0,0
361,36,0,0
361,37,0,0
361,38,0,0
361,39,0,0
361,40,0,0
361,41,0,0
361,42,0,0
361,43,0,0
361,44,0,0
361,45,0,0
361,46,0,0
361,47,0,0
361,48,0,0
361,49,0,0
361,50,0,0
361,51,0,0
361,52,0,0
361,53,0,0
361,54,0,0
361,55,0,0
361,56,0,0
361,57,0,0
361,58,0,0
361,59,0,0
361,60,0,0
361,61,0,0
361,62,0,0
361,63,4,0
361,64,0,0
361,65,0,0
361,66,0,0
361,67,0,0
361,68,0,0
361,69,0,0
361,70,0,0
361,71,0,0
361,72,276,74
361,73,15,0
361,74,237,57
361,75,0,0
361,76,20,56
361,77,0,0
361,78,268,46
361,79,0,0
361,80,0,0
361,81,7,26
361,82,0,0
361,83,10,106
361,84,0,0
361,85,0,0
361,86,0,0
361,87,0,0
361,88,0,0
361,89,0,0
361,90,0,36
361,91,0,34
361,92,0,37
361,93,0,102
361,94,0,73
361,95,0,28
361,96,0,0
361,97,0,165
361,98,0,0
361,99,0,71
361,100,0,0
361,101,0,36
361,102,0,0
361,103,0,63
361,104,0,0
361,105,0,94
361,106,0,126
361,107,0,0
361,108,0,112
361,109,0,0
361,110,0,0
361,111,0,0
361,112,0,150
361,113,0,3
361,114,0,62
361,115,0,76
361,116,0,0
361,117,0,92
361,118,0,227
361,119,0,181
361,120,0,0
361,121,0,0
361,122,0,0
362,1,0,0
362,2,0,0
362,3,0,0
362,4,0,0
362,5,0,0
362,6,0,0
362,7,0,0
362,8,0,0
362,9,0,0
362,10,0,0
362,11,0,0
362,12,0,0
362,13,0,0
362,14,0,0
362,15,0,0
362,16,0,0
362,17,0,0
362,18,0,0
362,19,0,0
362,20,69,54
362,21,0,0
362,22,0,0
362,23,0,0
362,24,0,0
362,25,0,78
362,26,0,0
362,27,0,0
362,28,0,0
362,29,0,0
362,30,0,50
362,31,0,0
362,32,1,72
362,33,0,0
362,34,0,0
362,35,0,0
362,36,0,0
362,37,0,0
362,38,0,0
362,39,0,0
362,40,0,0
362,41,0,0
362,42,0,0
362,43,0,0
362,44,0,0
362,45,0,0
362,46,0,0
362,47,0,0
362,48,0,0
362,49,0,0
362,50,0,0
362,51,0,0
362,52,0,0
362,53,0,0
362,54,0,0
362,55,0,0
362,56,0,0
362,57,1,0
362,58,0,0
362,59,0,0
362,60,0,0
362,61,0,0
362,62,0,0
362,63,0,0
362,64,0,0
362,65,264,64
362,66,0,0
362,67,14,8
362,68,20,45
362,69,0,0
362,70,285,59
362,71,0,0
362,72,24,121
362,73,0,0
362,74,0,0
362,75,0,0
362,76,0,0
362,77,0,0
362,78,0,0
362,79,0,0
362,80,0,0
362,81,44,131
362,82,0,0
362,83,0,99
362,84,0,72
362,85,0,35
362,86,0,143
362,87,0,0
362,88,0,0
362,89,0,58
362,90,0,66
362,91,0,0
362,92,0,0
362,93,0,128
362,94,0,0
362,95,0,0
362,96,0,0
362,97,0,0
362,98,0,0
362,99,0,0
362,100,0,129
362,101,0,0
362,102,0,2
362,103,0,75
362,104,0,69
362,105,0,0
362,106,0,188
362,107,0,112
362,108,0,0
362,109,0,0
362,110,0,0
363,1,0,0
363,2,0,0
363,3,0,0
363,4,0,0
363,5,0,0
363,6,0,0
363,7,0,0
363,8,1,34
363,9,0,0
363,10,0,0
363,11,0,0
363,12,0,0
363,13,0,0
363,14,0,0
363,15,0,0
363,16,0,0
363,17,0,0
363,18,0,0
363,19,0,0
363,20,0,0
363,21,0,0
363,22,0,89
363,23,0,0
363,24,85,21
363,25,0,0
363,26,0,0
363,27,0,0
363,28,0,0
363,29,0,0
363,30,0,0
363,31,0,0
363,32,0,0
363,33,0,0
363,34,0,0
363,35,0,0
363,36,0,0
363,37,0,53
363,38,6,86
363,39,1,56
363,40,0,0
363,41,0,0
363,42,0,0
363,43,0,0
363,44,0,0
363,45,0,0
363,46,0,0
363,47,0,0
363,48,0,0
363,49,0,0
363,50,0,0
363,51,0,0
363,52,0,0
363,53,360,89
363,54,0,0
363,55,0,0
363,56,0,0
363,57,0,0
363,58,0,0
363,59,0,0
363,60,3,0
363,61,0,0
363,62,0,0
363,63,26,0
363,64,237,42
363,65,0,0
363,66,0,0
363,67,0,0
363,68,0,0
363,69,276,60
363,70,26,13
363,71,0,0
363,72,0,0
363,73,25,128
363,74,0,0
363,75,0,0
363,76,0,0
363,77,0,0
363,78,3,58
363,79,0,18
363,80,10,64
363,81,0,0
363,82,0,0
363,83,0,0
363,84,0,0
363,85,0,0
363,86,0,0
363,87,0,0
363,88,0,0
363,89,0,147
363,90,0,129
363,91,0,5
363,92,0,0
363,93,0,0
363,94,0,53
363,95,0,55
363,96,0,49
363,97,0,0
363,98,0,77
363,99,0,65
363,100,0,0
363,101,0,53
363,102,0,0
363,103,0,132
363,104,0,0
363,105,0,1
363,106,0,3
363,107,0,81
363,108,0,69
363,109,0,0
363,110,0,0
363,111,0,141
363,112,0,0
363,113,0,81
363,114,0,0
363,115,0,0
363,116,0,0
363,117,0,0
364,1,0,0
364,2,0,0
364,3,0,0
364,4,0,0
364,5,0,0
364,6,0,0
364,7,0,0
364,8,0,0
364,9,0,0
364,10,0,0
364,11,0,0
364,12,0,0
364,13,4,53
364,14,0,0
364,15,0,0
364,16,0,0
364,17,0,0
364,18,0,0
364,19,0,0
364,20,0,0
364,21,0,0
364,22,0,0
364,23,0,0
364,24,0,0
364,25,0,0
364,26,0,0
364,27,0,0
364,28,0,0
364,29,0,0
364,30,0,0
364,31,0,0
364,32,0,0
364,33,0,0
364,34,0,0
364,35,0,0
364,36,0,0
364,37,0,57
364,38,0,0
364,39,0,0
364,40,0,0
364,41,0,0
364,42,6,90
364,43,0,44
364,44,0,0
364,45,0,0
364,46,0,0
364,47,0,0
364,48,0,0
364,49,0,0
364,50,0,0
364,51,0,0
364,52,0,0
364,53,0,0
364,54,0,0
364,55,0,0
364,56,0,0
364,57,0,0
364,58,0,0
364,59,0,0
364,60,0,0
364,61,0,0
364,62,0,0
364,63,0,0
364,64,0,0
364,65,0,0
364,66,0,0
364,67,0,0
364,68,0,0
364,69,0,0
364,70,0,0
364,71,0,0
364,72,0,0
364,73,1,0
364,74,25,0
364,75,1,0
364,76,2,0
364,77,0,0
364,78,0,0
364,79,152,45
364,80,244,42
364,81,11,0
364,82,26,12
364,83,0,0
364,84,0,0
364,85,0,0
364,86,0,0
364,87,41,80
364,88,0,0
364,89,0,0
364,90,0,0
364,91,12,128
364,92,0,0
364,93,0,0
364,94,0,0
364,95,0,0
364,96,0,116
364,97,0,0
364,98,0,116
364,99,0,0
364,100,0,137
364,101,0,0
364,102,0,13
364,103,0,65
364,104,0,0
364,105,0,61
364,106,0,0
364,107,0,165
364,108,0,0
364,109,0,0
364,110,0,130
364,111,0,40
364,112,0,52
364,113,0,67
364,114,0,0
364,115,0,132
364,116,0,0
364,117,0,0
364,118,0,0
364,119,0,0
365,1,0,0
365,2,0,0
365,3,0,0
365,4,0,0
365,5,0,0
365,6,0,0
365,7,0,0
365,8,0,0
365,9,0,0
365,10,0,0
365,11,0,0
365,12,0,0
365,13,0,0
365,14,0,0
365,15,0,0
365,16,0,0
365,17,0,0
365,18,0,0
365,19,0,0
365,20,0,0
365,21,0,0
365,22,1,62
365,23,0,0
365,24,0,0
365,25,0,0
365,26,0,0
365,27,0,0
365,28,0,0
365,29,0,0
365,30,0,0
365,31,0,0
365,32,0,0
365,33,0,0
365,34,0,0
365,35,0,0
365,36,43,94
365,37,0,0
365,38,0,0
365,39,0,0
365,40,0,0
365,41,0,0
365,42,3,45
365,43,0,0
365,44,0,0
365,45,1,38
365,46,0,0
365,47,0,0
365,48,0,0
365,49,0,0
365,50,0,0
365,51,0,0
365,52,0,0
365,53,0,0
365,54,0,0
365,55,0,0
365,56,1,0
365,57,0,0
365,58,0,0
365,59,0,0
365,60,0,0
365,61,0,0
365,62,0,0
365,63,0,0
365,64,0,0
365,65,4,0
365,66,3,0
365,67,0,0
365,68,0,0
365,69,0,0
365,70,0,0
365,71,0,0
365,72,29,24
365,73,5,0
365,74,15,0
365,75,33,14
365,76,0,0
365,77,0,0
365,78,14,75
365,79,0,0
365,80,0,0
365,81,43,78
365,82,0,0
365,83,0,0
365,84,0,0
365,85,0,0
365,86,0,97
365,87,0,33
365,88,0,0
365,89,0,26
365,90,0,28
365,91,0,112
365,92,0,14
365,93,0,0
365,94,0,0
365,95,0,69
365,96,0,60
365,97,0,0
365,98,0,0
365,99,0,72
365,100,0,11
365,101,0,0
365,102,0,6
365,103,0,7
365,104,0,0
365,105,0,0
365,106,0,131
365,107,0,45
365,108,0,0
365,109,0,103
365,110,0,67
365,111,0,185
365,112,0,188
365,113,0,0
365,114,0,0
365,115,0,0
366,1,0,0
366,2,0,0
366,3,0,0
366,4,0,0
366,5,0,0
366,6,0,0
366,7,0,0
366,8,0,0
366,9,0,0
366,10,0,0
366,11,0,0
366,12,0,0
366,13,0,0
366,14,0,0
366,15,0,0
366,16,0,0
366,17,0,15
366,18,0,0
366,19,0,0
366,20,0,0
366,21,0,0
366,22,0,0
366,23,0,56
366,24,0,0
366,25,0,0
366,26,0,0
366,27,0,0
366,28,0,0
366,29,0,0
366,30,1,80
366,31,36,99
366,32,0,0
366,33,0,0
366,34,0,0
366,35,0,0
366,36,0,0
366,37,0,0
366,38,0,0
366,39,2,71
366,40,0,0
366,41,1,35
366,42,164,83
366,43,0,0
366,44,0,33
366,45,0,0
366,46,0,0
366,47,0,0
366,48,0,0
366,49,0,0
366,50,0,0
366,51,0,0
366,52,0,0
366,53,91,123
366,54,0,0
366,55,0,0
366,56,0,0
366,57,0,0
366,58,0,0
366,59,76,0
366,60,0,0
366,61,0,0
366,62,0,0
366,63,0,0
366,64,71,10
366,65,28,4
366,66,99,9
366,67,6,1
366,68,0,0
366,69,0,0
366,70,90,29
366,71,185,15
366,72,0,0
366,73,0,0
366,74,0,0
366,75,0,0
366,76,0,0
366,77,0,0
366,78,3,0
366,79,19,0
366,80,0,0
366,81,0,0
366,82,0,0
366,83,31,24
366,84,0,0
366,85,0,0
366,86,60,34
366,87,13,66
366,88,0,0
366,89,7,136
366,90,0,0
366,91,0,0
366,92,49,96
366,93,0,0
366,94,0,106
366,95,0,50
366,96,0,99
366,97,0,0
366,98,0,20
366,99,0,0
366,100,0,0
366,101,0,0
366,102,0,0
366,103,0,0
366,104,0,38
366,105,0,0
366,106,0,43
366,107,0,8
366,108,0,172
366,109,0,0
366,110,0,39
366,111,0,119
366,112,0,52
366,113,0,82
366,114,0,42
366,115,0,85
366,116,0,38
366,117,0,89
366,118,0,79
366,119,0,121
366,120,0,60
366,121,0,184
366,122,0,0
366,123,0,62
366,124,0,2
366,125,0,0
367,1,0,0
367,2,0,0
367,3,0,0
367,4,0,0
367,5,0,0
367,6,0,0
367,7,0,0
367,8,0,0
367,9,0,0
367,10,0,0
367,11,0,0
367,12,0,0
367,13,0,0
367,14,0,0
367,15,0,0
367,16,0,0
367,17,0,0
367,18,0,0
367,19,0,0
367,20,0,0
367,21,0,0
367,22,0,0
367,23,0,0
367,24,0,0
367,25,0,0
367,26,0,0
367,27,2,99
367,28,37,90
367,29,0,0
367,30,0,0
367,31,133,0
367,32,0,0
367,33,0,0
367,34,90,0
367,35,101,0
367,36,0,0
367,37,0,0
367,38,0,0
367,39,0,0
367,40,0,84
367,41,0,0
367,42,0,0
367,43,0,0
367,44,0,0
367,45,0,0
367,46,0,0
367,47,0,0
367,48,2,52
367,49,0,0
367,50,1,33
367,51,0,0
367,52,0,0
367,53,0,0
367,54,0,0
367,55,0,0
367,56,0,0
367,57,0,0
367,58,0,0
367,59,260,59
367,60,86,127
367,61,0,0
367,62,0,0
367,63,0,0
367,64,0,0
367,65,0,0
367,66,0,0
367,67,0,0
367,68,0,0
367,69,0,0
367,70,0,0
367,71,6,0
367,72,0,0
367,73,0,0
367,74,4,0
367,75,3,0
367,76,19,0
367,77,3,0
367,78,0,0
367,79,0,0
367,80,38,23
367,81,0,0
367,82,0,0
367,83,0,0
367,84,19,117
367,85,50,76
367,86,0,0
367,87,14,139
367,88,0,0
367,89,0,0
367,90,0,0
367,91,0,0
367,92,0,0
367,93,0,74
367,94,0,66
367,95,0,7
367,96,0,52
367,97,0,70
367,98,0,0
367,99,0,24
367,100,0,0
367,101,0,0
367,102,0,0
367,103,0,0
367,104,0,68
367,105,0,0
367,106,0,155
367,107,0,0
367,108,0,189
367,109,0,0
367,110,0,69
367,111,0,0
367,112,0,0
367,113,0,102
367,114,0,84
367,115,0,111
367,116,0,21
367,117,0,126
367,118,0,124
367,119,0,0
367,120,0,49
367,121,0,28
367,122,0,0
367,123,0,0
367,124,0,0
367,125,0,0
368,1,0,0
368,2,0,0
368,3,0,0
368,4,0,0
368,5,0,0
368,6,0,0
368,7,0,0
368,8,0,0
368,9,0,0
368,10,0,0
368,11,0,0
368,12,0,0
368,13,0,0
368,14,0,0
368,15,0,0
368,16,0,0
368,17,0,10
368,18,0,0
368,19,0,0
368,20,0,0
368,21,0,101
368,22,34,89
368,23,0,0
368,24,0,0
368,25,0,0
368,26,0,0
368,27,0,0
368,28,0,0
368,29,0,0
368,30,0,51
368,31,0,0
368,32,0,0
368,33,0,0
368,34,0,0
368,35,0,32
368,36,0,0
368,37,0,0
368,38,0,0
368,39,3,72
368,40,0,0
368,41,0,0
368,42,0,0
368,43,0,0
368,44,0,0
368,45,0,0
368,46,0,0
368,47,0,0
368,48,0,0
368,49,0,0
368,50,17,76
368,51,0,0
368,52,0,0
368,53,226,60
368,54,272,9
368,55,0,0
368,56,0,0
368,57,3,0
368,58,0,0
368,59,1,0
368,60,0,0
368,61,0,0
368,62,0,0
368,63,0,0
368,64,0,0
368,65,0,0
368,66,0,0
368,67,0,0
368,68,0,0
368,69,2,0
368,70,0,0
368,71,2,0
368,72,0,0
368,73,0,0
368,74,2,0
368,75,0,0
368,76,0,0
368,77,0,0
368,78,7,7
368,79,0,0
368,80,13,0
368,81,34,10
368,82,25,123
368,83,0,0
368,84,33,71
368,85,0,0
368,86,0,0
368,87,40,97
368,88,0,0
368,89,0,0
368,90,0,62
368,91,0,62
368,92,0,0
368,93,0,45
368,94,0,7
368,95,0,49
368,96,0,60
368,97,0,0
368,98,0,0
368,99,0,0
368,100,0,0
368,101,0,53
368,102,0,39
368,103,0,162
368,104,0,0
368,105,0,0
368,106,0,195
368,107,0,64
368,108,0,0
368,109,0,0
368,110,0,93
368,111,0,0
368,112,0,123
368,113,0,82
368,114,0,28
368,115,0,11
368,116,0,68
368,117,0,76
368,118,0,92
368,119,0,86
368,120,0,38
368,121,0,46
368,122,0,3
368,123,0,16
368,124,0,0
368,125,0,0
368,126,0,0
368,127,0,0
369,1,0,0
369,2,0,0
369,3,0,0
369,4,0,0
369,5,0,0
369,6,0,0
369,7,0,0
369,8,0,0
369,9,0,0
369,10,0,13
369,11,0,0
369,12,0,95
369,13,0,0
369,14,0,0
369,15,31,129
369,16,30,76
369,17,0,0
369,18,0,5
369,19,0,0
369,20,0,0
369,21,0,0
369,22,0,0
369,23,0,0
369,24,0,0
369,25,0,0
369,26,0,4
369,27,0,0
369,28,0,0
369,29,0,0
369,30,0,0
369,31,0,0
369,32,0,0
369,33,0,0
369,34,0,0
369,35,0,0
369,36,0,0
369,37,0,34
369,38,0,0
369,39,0,0
369,40,0,0
369,41,0,0
369,42,0,0
369,43,0,0
369,44,0,0
369,45,0,0
369,46,0,0
369,47,0,0
369,48,0,0
369,49,0,0
369,50,356,85
369,51,0,0
369,52,0,0
369,53,1,0
369,54,0,0
369,55,0,0
369,56,0,0
369,57,1,18
369,58,0,0
369,59,0,0
369,60,0,0
369,61,0,0
369,62,0,0
369,63,0,0
369,64,0,0
369,65,0,0
369,66,1,8
369,67,32,0
369,68,0,0
369,69,0,0
369,70,3,0
369,71,1,0
369,72,0,0
369,73,0,0
369,74,0,0
369,75,0,0
369,76,6,7
369,77,0,0
369,78,0,0
369,79,37,15
369,80,0,0
369,81,39,83
369,82,0,0
369,83,0,0
369,84,68,97
369,85,0,0
369,86,0,0
369,87,0,82
369,88,0,0
369,89,0,69
369,90,0,99
369,91,0,0
369,92,0,0
369,93,0,0
369,94,0,88
369,95,0,0
369,96,0,0
369,97,0,0
369,98,0,0
369,99,0,104
369,100,0,0
369,101,0,135
369,102,0,124
369,103,0,20
369,104,0,43
369,105,0,82
369,106,0,85
369,107,0,87
369,108,0,51
369,109,0,44
369,110,0,6
369,111,0,0
369,112,0,0
370,1,0,0
370,2,0,0
370,3,0,0
370,4,0,0
370,5,0,0
370,6,0,0
370,7,0,0
370,8,0,0
370,9,0,0
370,10,0,0
370,11,0,0
370,12,0,0
370,13,0,0
370,14,0,0
370,15,0,0
370,16,0,0
370,17,0,0
370,18,0,0
370,19,0,0
370,20,0,0
370,21,0,0
370,22,30,135
370,23,0,0
370,24,0,0
370,25,0,0
370,26,0,0
370,27,0,0
370,28,0,0
370,29,0,0
370,30,0,0
370,31,0,0
370,32,0,0
370,33,0,0
370,34,0,5
370,35,0,0
370,36,0,0
370,37,0,0
370,38,0,0
370,39,0,0
370,40,0,0
370,41,0,0
370,42,0,0
370,43,0,0
370,44,0,0
370,45,0,0
370,46,0,0
370,47,0,0
370,48,12,59
370,49,0,0
370,50,0,0
370,51,0,0
370,52,1,42
370,53,0,0
370,54,0,0
370,55,3,0
370,56,0,0
370,57,0,0
370,58,0,0
370,59,0,0
370,60,0,0
370,61,0,0
370,62,0,0
370,63,0,0
370,64,0,0
370,65,0,0
370,66,0,0
370,67,1,8
370,68,0,0
370,69,0,0
370,70,0,0
370,71,7,0
370,72,0,0
370,73,0,0
370,74,0,0
370,75,0,0
370,76,0,0
370,77,41,13
370,78,0,0
370,79,18,7
370,80,0,0
370,81,0,0
370,82,0,0
370,83,82,96
370,84,0,0
370,85,0,0
370,86,0,0
370,87,0,112
370,88,0,56
370,89,0,17
370,90,0,73
370,91,0,0
370,92,0,0
370,93,0,0
370,94,0,86
370,95,0,0
370,96,0,0
370,97,0,0
370,98,0,0
370,99,0,0
370,100,0,0
370,101,0,157
370,102,0,0
370,103,0,21
370,104,0,147
370,105,0,89
370,106,0,102
370,107,0,0
370,108,0,42
370,109,0,35
370,110,0,50
370,111,0,109
370,112,0,29
370,113,0,0
370,114,0,125
370,115,0,36
370,116,0,25
370,117,0,0
370,118,0,0
371,1,0,0
371,2,0,0
371,3,0,0
371,4,0,0
371,5,0,0
371,6,0,0
371,7,0,0
371,8,0,0
371,9,0,0
371,10,0,0
371,11,9,31
371,12,0,0
371,13,0,0
371,14,0,0
371,15,0,0
371,16,0,0
371,17,0,0
371,18,0,0
371,19,0,0
371,20,0,0
371,21,1,36
371,22,0,0
371,23,0,0
371,24,0,0
371,25,0,0
371,26,0,0
371,27,0,0
371,28,0,0
371,29,0,0
371,30,0,0
371,31,0,0
371,32,0,0
371,33,0,0
371,34,0,0
371,35,34,129
371,36,0,65
371,37,0,0
371,38,0,0
371,39,0,0
371,40,0,0
371,41,0,0
371,42,0,0
371,43,0,0
371,44,0,0
371,45,0,0
371,46,0,0
371,47,0,0
371,48,243,0
371,49,0,0
371,50,0,0
371,51,0,0
371,52,0,0
371,53,0,0
371,54,0,0
371,55,0,0
371,56,0,0
371,57,1,36
371,58,0,0
371,59,323,87
371,60,0,0
371,61,0,0
371,62,1,0
371,63,0,0
371,64,0,0
371,65,0,0
371,66,0,0
371,67,0,0
371,68,100,26
371,69,0,0
371,70,0,0
371,71,111,49
371,72,0,0
371,73,0,0
371,74,0,0
371,75,0,0
371,76,0,0
371,77,0,0
371,78,0,0
371,79,3,6
371,80,44,0
371,81,0,0
371,82,0,0
371,83,0,0
371,84,0,0
371,85,3,0
371,86,18,0
371,87,0,0
371,88,0,0
371,89,0,0
371,90,0,0
371,91,23,5
371,92,0,0
371,93,0,0
371,94,162,47
371,95,0,0
371,96,0,0
371,97,0,0
371,98,0,0
371,99,0,77
371,100,0,0
371,101,0,0
371,102,0,43
371,103,0,50
371,104,0,0
371,105,0,0
371,106,0,0
371,107,0,0
371,108,0,0
371,109,0,149
371,110,0,0
371,111,0,136
371,112,0,0
371,113,0,44
371,114,0,119
371,115,0,0
371,116,0,39
371,117,0,0
371,118,0,0
372,1,0,0
372,2,0,0
372,3,0,0
372,4,0,0
372,5,0,0
372,6,0,0
372,7,0,0
372,8,0,0
372,9,1,56
372,10,0,0
372,11,0,0
372,12,0,0
372,13,0,0
372,14,0,0
372,15,0,0
372,16,0,0
372,17,0,0
372,18,0,0
372,19,0,0
372,20,0,0
372,21,0,0
372,22,170,0
372,23,0,0
372,24,0,0
372,25,0,0
372,26,0,0
372,27,0,0
372,28,95,0
372,29,0,0
372,30,0,0
372,31,0,0
372,32,131,0
372,33,0,0
372,34,0,0
372,35,0,0
372,36,0,0
372,37,0,0
372,38,0,0
372,39,0,0
372,40,0,0
372,41,11,87
372,42,0,0
372,43,0,0
372,44,0,0
372,45,0,0
372,46,0,0
372,47,0,0
372,48,0,0
372,49,0,0
372,50,0,0
372,51,0,0
372,52,0,0
372,53,0,0
372,54,18,0
372,55,46,0
372,56,0,0
372,57,5,0
372,58,0,0
372,59,138,43
372,60,18,0
372,61,155,32
372,62,12,0
372,63,0,0
372,64,0,0
372,65,0,0
372,66,0,0
372,67,41,0
372,68,0,0
372,69,0,0
372,70,0,0
372,71,12,125
372,72,0,0
372,73,35,102
372,74,187,56
372,75,0,0
372,76,0,0
372,77,0,0
372,78,0,0
372,79,0,0
372,80,0,78
372,81,0,0
372,82,0,0
372,83,0,84
372,84,0,0
372,85,0,0
372,86,0,0
372,87,0,0
372,88,0,0
372,89,0,0
372,90,0,60
372,91,0,2
372,92,0,0
372,93,0,0
372,94,0,0
372,95,0,148
372,96,0,0
372,97,0,103
372,98,0,161
372,99,0,129
372,100,0,0
372,101,0,0
372,102,0,0
372,103,0,0
372,104,0,0
372,105,0,0
372,106,0,0
373,1,0,0
373,2,0,0
373,3,0,0
373,4,0,0
373,5,0,0
373,6,0,0
373,7,0,0
373,8,0,0
373,9,0,0
373,10,0,0
373,11,0,0
373,12,0,0
373,13,0,0
373,14,0,0
373,15,0,0
373,16,0,61
373,17,0,0
373,18,0,0
373,19,0,0
373,20,0,0
373,21,0,0
373,22,0,0
373,23,0,0
373,24,0,0
373,25,0,0
373,26,0,0
373,27,0,0
373,28,0,0
373,29,0,0
373,30,224,0
373,31,0,0
373,32,0,0
373,33,0,0
373,34,0,0
373,35,0,0
373,36,0,0
373,37,0,0
373,38,0,0
373,39,6,43
373,40,8,40
373,41,0,0
373,42,0,0
373,43,2,0
373,44,0,0
373,45,0,0
373,46,0,0
373,47,19,0
373,48,0,0
373,49,0,0
373,50,0,0
373,51,0,0
373,52,0,0
373,53,0,0
373,54,0,0
373,55,0,0
373,56,23,0
373,57,237,55
373,58,0,0
373,59,0,0
373,60,0,0
373,61,0,0
373,62,0,0
373,63,0,0
373,64,0,0
373,65,241,48
373,66,0,0
373,67,0,0
373,68,109,49
373,69,0,0
373,70,0,0
373,71,0,0
373,72,0,0
373,73,0,0
373,74,0,0
373,75,0,0
373,76,0,93
373,77,0,0
373,78,0,0
373,79,0,144
373,80,0,0
373,81,0,0
373,82,0,0
373,83,0,160
373,84,0,0
373,85,0,0
373,86,0,0
373,87,0,0
373,88,0,0
373,89,0,0
373,90,0,212
373,91,0,0
373,92,0,0
373,93,0,0
373,94,0,0
373,95,0,0
373,96,0,0
373,97,0,0
373,98,0,0
374,1,0,0
374,2,0,0
374,3,0,0
374,4,0,0
374,5,0,0
374,6,0,0
374,7,0,0
374,8,0,0
374,9,0,0
374,10,0,0
374,11,0,0
374,12,0,0
374,13,4,30
374,14,15,72
374,15,0,0
374,16,0,70
374,17,0,0
374,18,0,0
374,19,0,0
374,20,0,0
374,21,56,49
374,22,0,54
374,23,0,0
374,24,0,0
374,25,0,0
374,26,0,0
374,27,0,0
374,28,0,0
374,29,0,0
374,30,0,0
374,31,0,0
374,32,0,0
374,33,94,0
374,34,143,0
374,35,0,0
374,36,191,0
374,37,0,0
374,38,0,0
374,39,1,0
374,40,1,0
374,41,0,0
374,42,0,0
374,43,0,0
374,44,0,0
374,45,0,0
374,46,0,0
374,47,0,0
374,48,0,0
374,49,0,0
374,50,0,0
374,51,0,0
374,52,0,0
374,53,0,0
374,54,0,0
374,55,0,0
374,56,0,0
374,57,0,0
374,58,0,0
374,59,0,0
374,60,0,0
374,61,0,0
374,62,0,0
374,63,26,0
374,64,0,0
374,65,0,0
374,66,86,23
374,67,0,0
374,68,269,60
374,69,0,0
374,70,11,125
374,71,0,0
374,72,0,0
374,73,0,0
374,74,0,0
374,75,0,0
374,76,0,0
374,77,0,142
374,78,0,0
374,79,0,98
374,80,0,0
374,81,0,0
374,82,0,0
374,83,0,0
374,84,0,0
374,85,0,0
374,86,0,126
374,87,0,0
374,88,0,0
374,89,0,0
374,90,0,0
374,91,0,115
374,92,0,82
374,93,0,0
374,94,0,0
374,95,0,111
374,96,0,144
374,97,0,0
374,98,0,152
374,99,0,0
374,100,0,0
374,101,0,0
374,102,0,112
374,103,0,10
374,104,0,0
374,105,0,0
374,106,0,0
375,1,0,0
375,2,0,0
375,3,0,0
375,4,0,0
375,5,0,0
375,6,0,0
375,7,0,0
375,8,4,29
375,9,14,78
375,10,0,0
375,11,0,36
375,12,0,0
375,13,0,0
375,14,0,0
375,15,0,0
375,16,0,78
375,17,0,0
375,18,0,0
375,19,50,52
375,20,0,4
375,21,0,51
375,22,0,0
375,23,0,0
375,24,0,0
375,25,0,0
375,26,0,0
375,27,0,0
375,28,0,0
375,29,0,0
375,30,0,0
375,31,0,0
375,32,0,0
375,33,0,0
375,34,0,0
375,35,0,0
375,36,0,0
375,37,0,0
375,38,127,113
375,39,0,0
375,40,1,0
375,41,0,0
375,42,4,22
375,43,1,0
375,44,0,0
375,45,0,0
375,46,0,0
375,47,0,0
375,48,0,0
375,49,0,0
375,50,0,0
375,51,0,0
375,52,0,0
375,53,0,0
375,54,0,0
375,55,0,0
375,56,0,0
375,57,0,0
375,58,0,0
375,59,0,0
375,60,0,0
375,61,0,0
375,62,0,0
375,63,0,0
375,64,29,0
375,65,86,10
375,66,0,0
375,67,29,3
375,68,0,0
375,69,22,32
375,70,0,0
375,71,0,0
375,72,0,0
375,73,0,0
375,74,11,124
375,75,0,0
375,76,0,0
375,77,0,0
375,78,0,0
375,79,0,39
375,80,0,0
375,81,0,0
375,82,0,81
375,83,0,77
375,84,0,0
375,85,0,0
375,86,0,94
375,87,0,132
375,88,0,0
375,89,0,0
375,90,0,0
375,91,0,122
375,92,0,0
375,93,0,150
375,94,0,0
375,95,0,117
375,96,0,0
375,97,0,0
375,98,0,0
375,99,0,0
375,100,0,0
375,101,0,0
375,102,0,179
375,103,0,0
375,104,0,0
375,105,0,12
375,106,0,0
375,107,0,0
375,108,0,0
376,1,0,0
376,2,0,0
376,3,0,0
376,4,0,0
376,5,0,0
376,6,0,0
376,7,0,0
376,8,0,0
376,9,0,0
376,10,0,0
376,11,0,0
376,12,15,112
376,13,0,49
376,14,0,0
376,15,0,0
376,16,0,0
376,17,0,0
376,18,0,0
376,19,49,52
376,20,0,74
376,21,0,0
376,22,0,0
376,23,0,0
376,24,0,0
376,25,0,0
376,26,0,0
376,27,0,0
376,28,0,0
376,29,0,0
376,30,0,0
376,31,0,0
376,32,0,0
376,33,0,0
376,34,0,0
376,35,0,0
376,36,109,117
376,37,29,122
376,38,0,0
376,39,0,0
376,40,6,25
376,41,0,0
376,42,3,0
376,43,0,0
376,44,0,0
376,45,0,0
376,46,0,0
376,47,0,0
376,48,0,0
376,49,0,0
376,50,0,0
376,51,0,0
376,52,0,0
376,53,559,35
376,54,0,0
376,55,0,0
376,56,0,0
376,57,0,0
376,58,0,0
376,59,0,0
376,60,0,0
376,61,0,0
376,62,41,0
376,63,0,0
376,64,0,0
376,65,0,0
376,66,0,0
376,67,0,0
376,68,0,0
376,69,26,0
376,70,73,10
376,71,0,0
376,72,0,0
376,73,0,0
376,74,0,0
376,75,35,27
376,76,186,35
376,77,0,0
376,78,0,0
376,79,0,0
376,80,0,0
376,81,0,0
376,82,149,64
376,83,1,115
376,84,0,0
376,85,0,77
376,86,0,0
376,87,0,0
376,88,0,66
376,89,0,58
376,90,0,0
376,91,0,0
376,92,0,123
376,93,0,0
376,94,0,68
376,95,0,0
376,96,0,0
376,97,0,0
376,98,0,126
376,99,0,0
376,100,0,0
376,101,0,29
376,102,0,67
376,103,0,0
376,104,0,107
376,105,0,204
376,106,0,0
376,107,0,0
376,108,0,0
376,109,0,0
376,110,0,26
376,111,0,0
376,112,0,0
376,113,0,0
376,114,0,0
377,1,0,0
377,2,0,9
377,3,0,0
377,4,0,0
377,5,0,0
377,6,0,0
377,7,0,0
377,8,0,0
377,9,0,0
377,10,0,0
377,11,0,0
377,12,0,0
377,13,0,0
377,14,0,0
377,15,0,0
377,16,0,54
377,17,0,0
377,18,0,0
377,19,0,77
377,20,0,0
377,21,0,0
377,22,0,0
377,23,0,0
377,24,0,0
377,25,0,0
377,26,0,0
377,27,0,0
377,28,0,0
377,29,0,0
377,30,0,0
377,31,0,0
377,32,0,0
377,33,0,0
377,34,280,0
377,35,0,0
377,36,0,0
377,37,0,0
377,38,0,0
377,39,25,118
377,40,0,0
377,41,0,0
377,42,0,0
377,43,3,24
377,44,0,0
377,45,24,51
377,46,0,0
377,47,0,0
377,48,0,0
377,49,0,0
377,50,0,0
377,51,506,23
377,52,5,0
377,53,282,71
377,54,0,0
377,55,0,0
377,56,0,0
377,57,0,0
377,58,0,0
377,59,0,0
377,60,0,0
377,61,0,0
377,62,0,0
377,63,44,30
377,64,56,39
377,65,0,0
377,66,0,0
377,67,20,0
377,68,0,0
377,69,61,8
377,70,0,0
377,71,44,23
377,72,0,0
377,73,0,0
377,74,0,0
377,75,195,36
377,76,0,0
377,77,0,0
377,78,0,0
377,79,0,0
377,80,0,0
377,81,140,62
377,82,0,53
377,83,0,92
377,84,0,0
377,85,0,60
377,86,0,60
377,87,0,0
377,88,0,0
377,89,0,141
377,90,0,0
377,91,0,12
377,92,0,0
377,93,0,0
377,94,0,0
377,95,0,0
377,96,0,97
377,97,0,0
377,98,0,17
377,99,0,0
377,100,0,30
377,101,0,71
377,102,0,49
377,103,0,69
377,104,0,156
377,105,0,0
377,106,0,0
377,107,0,88
377,108,0,212
377,109,0,0
377,110,0,27
377,111,0,71
377,112,0,42
377,113,0,14
377,114,0,48
377,115,0,0
377,116,0,0
377,117,0,0
377,118,0,0
378,1,0,0
378,2,0,0
378,3,0,0
378,4,0,0
378,5,0,0
378,6,0,0
378,7,0,0
378,8,0,0
378,9,0,0
378,10,0,0
378,11,0,0
378,12,0,0
378,13,0,0
378,14,0,0
378,15,0,0
378,16,0,0
378,17,0,0
378,18,0,0
378,19,0,0
378,20,0,0
378,21,0,0
378,22,0,0
378,23,0,0
378,24,0,0
378,25,0,0
378,26,0,0
378,27,0,0
378,28,93,0
378,29,7,107
378,30,116,0
378,31,0,0
378,32,0,0
378,33,0,0
378,34,76,131
378,35,0,0
378,36,0,0
378,37,1,91
378,38,0,0
378,39,0,0
378,40,0,0
378,41,0,0
378,42,0,0
378,43,0,0
378,44,0,0
378,45,0,0
378,46,0,0
378,47,0,0
378,48,0,0
378,49,0,0
378,50,0,0
378,51,0,0
378,52,1,0
378,53,156,29
378,54,0,0
378,55,0,0
378,56,0,0
378,57,179,0
378,58,82,20
378,59,0,0
378,60,0,0
378,61,0,0
378,62,0,0
378,63,0,0
378,64,0,0
378,65,0,0
378,66,0,0
378,67,0,0
378,68,0,0
378,69,0,0
378,70,0,0
378,71,0,0
378,72,0,0
378,73,249,44
378,74,0,0
378,75,203,42
378,76,0,0
378,77,0,0
378,78,0,0
378,79,0,0
378,80,0,0
378,81,0,0
378,82,66,48
378,83,0,0
378,84,22,0
378,85,0,0
378,86,0,0
378,87,0,0
378,88,2,0
378,89,68,6
378,90,0,0
378,91,0,0
378,92,0,0
378,93,0,0
378,94,0,0
378,95,0,0
378,96,0,0
378,97,0,0
378,98,0,0
378,99,167,49
378,100,58,45
378,101,0,105
378,102,0,76
378,103,0,0
378,104,0,94
378,105,0,0
378,106,0,0
378,107,0,0
378,108,0,91
378,109,0,0
378,110,0,0
378,111,0,148
378,112,0,1
378,113,0,9
378,114,0,0
378,115,0,0
378,116,0,0
378,117,0,0
378,118,0,0
378,119,0,0
378,120,0,95
378,121,0,0
378,122,0,15
378,123,0,0
378,124,0,0
378,125,0,21
378,126,0,84
378,127,0,100
378,128,0,194
378,129,0,0
378,130,0,0
378,131,0,0
378,132,0,177
378,133,0,81
378,134,0,0
379,1,0,0
379,2,0,0
379,3,0,0
379,4,0,0
379,5,0,0
379,6,0,0
379,7,0,0
379,8,0,0
379,9,0,31
379,10,0,0
379,11,0,0
379,12,0,0
379,13,0,0
379,14,0,0
379,15,0,9
379,16,0,0
379,17,0,0
379,18,0,0
379,19,0,0
379,20,0,0
379,21,0,0
379,22,0,0
379,23,2,79
379,24,0,0
379,25,0,0
379,26,0,0
379,27,0,0
379,28,0,65
379,29,0,0
379,30,0,0
379,31,65,135
379,32,0,0
379,33,0,0
379,34,0,0
379,35,0,0
379,36,0,0
379,37,0,0
379,38,0,0
379,39,0,0
379,40,0,0
379,41,20,117
379,42,0,0
379,43,0,0
379,44,0,0
379,45,0,0
379,46,0,0
379,47,0,0
379,48,0,0
379,49,0,0
379,50,0,0
379,51,0,0
379,52,0,0
379,53,0,0
379,54,0,0
379,55,0,0
379,56,0,0
379,57,0,0
379,58,0,0
379,59,0,0
379,60,0,0
379,61,0,0
379,62,0,0
379,63,0,0
379,64,0,0
379,65,0,0
379,66,0,0
379,67,0,0
379,68,22,0
379,69,0,0
379,70,0,0
379,71,0,0
379,72,0,0
379,73,0,0
379,74,0,0
379,75,0,0
379,76,0,0
379,77,0,0
379,78,188,58
379,79,17,63
379,80,0,98
379,81,0,54
379,82,0,91
379,83,0,0
379,84,0,0
379,85,0,100
379,86,0,0
379,87,0,0
379,88,0,144
379,89,0,0
379,90,0,0
379,91,0,0
379,92,0,0
379,93,0,0
379,94,0,0
379,95,0,40
379,96,0,0
379,97,0,19
379,98,0,136
379,99,0,129
379,100,0,151
379,101,0,0
379,102,0,0
379,103,0,51
379,104,0,0
379,105,0,106
379,106,0,140
379,107,0,0
379,108,0,0
379,109,0,0
379,110,0,0
380,1,0,0
380,2,0,0
380,3,0,0
380,4,0,0
380,5,0,0
380,6,0,0
380,7,0,0
380,8,0,0
380,9,0,0
380,10,0,2
380,11,0,0
380,12,0,0
380,13,0,50
380,14,0,0
380,15,0,0
380,16,0,0
380,17,0,5
380,18,0,0
380,19,0,0
380,20,0,0
380,21,0,0
380,22,0,0
380,23,0,0
380,24,0,9
380,25,0,0
380,26,0,0
380,27,0,0
380,28,0,0
380,29,0,0
380,30,0,0
380,31,0,0
380,32,0,76
380,33,17,131
380,34,0,0
380,35,0,0
380,36,0,0
380,37,0,0
380,38,0,0
380,39,0,0
380,40,0,0
380,41,0,0
380,42,0,0
380,43,0,0
380,44,90,0
380,45,249,0
380,46,91,0
380,47,0,0
380,48,0,0
380,49,0,0
380,50,0,0
380,51,0,0
380,52,0,0
380,53,0,0
380,54,0,0
380,55,0,0
380,56,0,0
380,57,0,0
380,58,0,0
380,59,0,0
380,60,0,0
380,61,0,0
380,62,0,0
380,63,0,0
380,64,0,0
380,65,0,0
380,66,0,0
380,67,0,0
380,68,0,0
380,69,0,0
380,70,0,0
380,71,0,0
380,72,0,0
380,73,0,0
380,74,0,0
380,75,0,0
380,76,0,0
380,77,0,0
380,78,0,0
380,79,0,0
380,80,0,0
380,81,0,0
380,82,0,0
380,83,0,0
380,84,0,0
380,85,0,93
380,86,0,92
380,87,0,0
380,88,0,0
380,89,0,0
380,90,0,101
380,91,0,0
380,92,0,0
380,93,0,111
380,94,0,0
380,95,0,170
380,96,0,0
380,97,0,0
380,98,0,0
380,99,0,38
380,100,0,0
380,101,0,152
380,102,0,0
380,103,0,144
380,104,0,0
380,105,0,145
380,106,0,0
380,107,0,0
380,108,0,137
380,109,0,0
380,110,0,92
380,111,0,98
380,112,0,58
380,113,0,0
380,114,0,0
380,115,0,0
380,116,0,0
380,117,0,0
380,118,0,0
380,119,0,0
380,120,0,0
380,121,0,0
381,1,0,0
381,2,0,0
381,3,0,0
381,4,0,0
381,5,0,0
381,6,0,0
381,7,0,34
381,8,0,0
381,9,0,0
381,10,0,0
381,11,0,55
381,12,0,0
381,13,0,0
381,14,0,0
381,15,0,0
381,16,0,8
381,17,0,0
381,18,0,0
381,19,0,0
381,20,0,0
381,21,0,0
381,22,36,0
381,23,0,0
381,24,0,0
381,25,0,8
381,26,0,0
381,27,0,0
381,28,0,0
381,29,0,0
381,30,0,0
381,31,0,0
381,32,0,0
381,33,0,0
381,34,0,15
381,35,0,0
381,36,0,0
381,37,0,0
381,38,0,72
381,39,0,0
381,40,0,0
381,41,0,0
381,42,0,0
381,43,0,0
381,44,0,0
381,45,0,0
381,46,0,0
381,47,0,0
381,48,0,0
381,49,0,0
381,50,0,0
381,51,0,0
381,52,0,0
381,53,0,0
381,54,0,0
381,55,0,0
381,56,0,0
381,57,0,0
381,58,0,0
381,59,0,0
381,60,0,0
381,61,0,0
381,62,0,0
381,63,0,0
381,64,0,0
381,65,0,0
381,66,0,0
381,67,0,0
381,68,10,90
381,69,0,0
381,70,0,0
381,71,0,0
381,72,287,47
381,73,0,0
381,74,0,0
381,75,0,0
381,76,9,0
381,77,0,0
381,78,0,0
381,79,0,0
381,80,0,0
381,81,0,0
381,82,0,0
381,83,63,71
381,84,0,0
381,85,0,0
381,86,0,0
381,87,0,0
381,88,48,33
381,89,0,0
381,90,0,0
381,91,0,0
381,92,0,0
381,93,18,0
381,94,0,0
381,95,0,0
381,96,0,0
381,97,0,0
381,98,0,0
381,99,10,109
381,100,4,37
381,101,0,82
381,102,0,0
381,103,0,0
381,104,0,137
381,105,0,0
381,106,0,0
381,107,0,120
381,108,0,57
381,109,0,0
381,110,0,0
381,111,0,0
381,112,0,0
381,113,0,0
381,114,0,0
381,115,0,184
381,116,0,0
381,117,0,215
381,118,0,0
381,119,0,109
381,120,0,157
381,121,0,0
381,122,0,0
381,123,0,0
381,124,0,0
381,125,0,0
381,126,0,0
382,1,0,0
382,2,0,0
382,3,0,0
382,4,0,0
382,5,0,0
382,6,0,0
382,7,0,0
382,8,0,0
382,9,0,0
382,10,0,0
382,11,0,0
382,12,0,27
382,13,0,0
382,14,0,0
382,15,0,0
382,16,0,19
382,17,0,0
382,18,0,0
382,19,0,0
382,20,0,0
382,21,19,17
382,22,0,48
382,23,0,65
382,24,0,0
382,25,0,0
382,26,0,0
382,27,0,0
382,28,0,0
382,29,0,0
382,30,0,8
382,31,0,0
382,32,0,0
382,33,0,0
382,34,0,0
382,35,0,0
382,36,0,0
382,37,0,0
382,38,0,17
382,39,0,0
382,40,0,0
382,41,0,57
382,42,0,0
382,43,0,0
382,44,0,0
382,45,0,0
382,46,0,0
382,47,0,0
382,48,0,0
382,49,0,0
382,50,0,0
382,51,163,0
382,52,0,0
382,53,0,0
382,54,0,3
382,55,39,0
382,56,9,0
382,57,13,0
382,58,78,0
382,59,156,0
382,60,0,0
382,61,0,0
382,62,0,0
382,63,0,0
382,64,0,0
382,65,0,0
382,66,0,0
382,67,0,0
382,68,0,0
382,69,0,0
382,70,0,0
382,71,0,0
382,72,0,0
382,73,0,0
382,74,10,87
382,75,0,0
382,76,0,0
382,77,0,0
382,78,0,0
382,79,88,37
382,80,177,15
382,81,43,13
382,82,0,0
382,83,0,0
382,84,2,0
382,85,0,0
382,86,0,0
382,87,0,0
382,88,66,76
382,89,0,0
382,90,0,0
382,91,0,0
382,92,0,0
382,93,0,0
382,94,0,0
382,95,0,0
382,96,0,0
382,97,6,19
382,98,45,24
382,99,0,0
382,100,0,0
382,101,0,0
382,102,0,0
382,103,0,0
382,104,0,0
382,105,0,0
382,106,9,112
382,107,3,42
382,108,109,66
382,109,0,65
382,110,0,0
382,111,0,0
382,112,0,0
382,113,0,75
382,114,0,0
382,115,0,89
382,116,0,38
382,117,0,68
382,118,0,3
382,119,0,63
382,120,0,0
382,121,0,53
382,122,0,68
382,123,0,0
382,124,0,0
382,125,0,0
382,126,0,0
382,127,0,0
382,128,0,0
382,129,0,0
382,130,0,182
382,131,0,111
382,132,0,108
382,133,0,0
382,134,0,77
382,135,0,48
382,136,0,132
382,137,0,73
382,138,0,45
382,139,0,0
382,140,0,0
382,141,0,0
382,142,0,0
383,1,0,0
383,2,0,0
383,3,0,0
383,4,0,0
383,5,0,0
383,6,0,0
383,7,0,0
383,8,0,0
383,9,0,0
383,10,0,0
383,11,0,0
383,12,0,0
383,13,0,0
383,14,0,0
383,15,0,27
383,16,0,0
383,17,0,0
383,18,0,0
383,19,0,18
383,20,0,0
383,21,0,0
383,22,0,0
383,23,121,0
383,24,0,51
383,25,0,60
383,26,0,0
383,27,0,0
383,28,0,0
383,29,0,0
383,30,0,0
383,31,0,0
383,32,0,0
383,33,0,0
383,34,0,0
383,35,0,0
383,36,0,0
383,37,20,130
383,38,0,0
383,39,0,0
383,40,0,0
383,41,0,0
383,42,0,0
383,43,0,0
383,44,0,0
383,45,2,125
383,46,0,0
383,47,0,25
383,48,0,0
383,49,0,0
383,50,0,0
383,51,0,59
383,52,0,0
383,53,0,0
383,54,0,0
383,55,0,0
383,56,0,0
383,57,0,0
383,58,0,0
383,59,0,0
383,60,174,0
383,61,0,0
383,62,0,0
383,63,0,0
383,64,0,0
383,65,55,0
383,66,20,0
383,67,78,0
383,68,148,0
383,69,0,0
383,70,0,0
383,71,0,0
383,72,0,0
383,73,0,0
383,74,0,0
383,75,0,0
383,76,0,0
383,77,0,0
383,78,0,0
383,79,10,91
383,80,0,0
383,81,0,0
383,82,0,0
383,83,0,0
383,84,0,0
383,85,0,0
383,86,0,0
383,87,0,0
383,88,1,0
383,89,0,0
383,90,0,0
383,91,0,0
383,92,0,0
383,93,0,0
383,94,0,0
383,95,0,0
383,96,0,0
383,97,0,0
383,98,0,0
383,99,0,0
383,100,0,0
383,101,0,0
383,102,0,0
383,103,0,0
383,104,0,0
383,105,0,0
383,106,0,0
383,107,266,89
383,108,0,0
383,109,7,114
383,110,0,0
383,111,7,49
383,112,130,23
383,113,27,25
383,114,64,40
383,115,0,0
383,116,0,93
383,117,0,60
383,118,0,0
383,119,0,0
383,120,0,0
383,121,0,0
383,122,0,0
383,123,0,77
383,124,0,56
383,125,0,2
383,126,0,35
383,127,0,41
383,128,0,42
383,129,0,38
383,130,0,0
383,131,0,0
383,132,0,183
383,133,0,0
383,134,0,0
383,135,0,0
383,136,0,0
383,137,0,0
383,138,0,176
383,139,0,39
383,140,0,0
383,141,0,0
383,142,0,0
383,143,0,0
383,144,0,0
384,1,0,0
384,2,0,0
384,3,0,0
384,4,0,0
384,5,0,0
384,6,0,0
384,7,0,16
384,8,0,0
384,9,0,0
384,10,0,0
384,11,0,0
384,12,0,0
384,13,0,0
384,14,0,42
384,15,0,0
384,16,0,0
384,17,0,0
384,18,1,50
384,19,0,0
384,20,0,0
384,21,0,0
384,22,0,0
384,23,0,0
384,24,0,17
384,25,0,0
384,26,0,0
384,27,171,0
384,28,0,0
384,29,0,0
384,30,0,0
384,31,0,0
384,32,0,0
384,33,0,0
384,34,0,21
384,35,0,0
384,36,0,62
384,37,2,107
384,38,0,0
384,39,0,0
384,40,0,0
384,41,0,0
384,42,0,0
384,43,0,0
384,44,0,0
384,45,0,0
384,46,0,0
384,47,0,0
384,48,0,0
384,49,0,2
384,50,0,0
384,51,0,0
384,52,0,0
384,53,0,0
384,54,0,0
384,55,0,0
384,56,0,0
384,57,0,0
384,58,0,0
384,59,0,0
384,60,0,0
384,61,0,0
384,62,0,0
384,63,0,0
384,64,0,0
384,65,0,0
384,66,138,48
384,67,60,11
384,68,52,26
384,69,88,19
384,70,83,30
384,71,2,0
384,72,0,0
384,73,0,0
384,74,0,0
384,75,0,0
384,76,0,0
384,77,0,0
384,78,0,0
384,79,0,0
384,80,0,0
384,81,0,0
384,82,0,0
384,83,0,0
384,84,0,0
384,85,0,0
384,86,0,0
384,87,0,0
384,88,0,0
384,89,0,0
384,90,10,71
384,91,0,0
384,92,2,97
384,93,0,0
384,94,79,58
384,95,0,72
384,96,0,0
384,97,0,88
384,98,0,22
384,99,0,62
384,100,0,51
384,101,0,0
384,102,0,79
384,103,0,113
384,104,0,0
384,105,0,0
384,106,0,0
384,107,0,0
384,108,0,0
384,109,0,148
384,110,0,130
384,111,0,104
384,112,0,0
384,113,0,0
384,114,0,89
384,115,0,51
384,116,0,31
384,117,0,0
384,118,0,0
384,119,0,0
385,1,0,0
385,2,0,0
385,3,0,0
385,4,0,0
385,5,0,0
385,6,0,0
385,7,0,0
385,8,0,0
385,9,0,0
385,10,0,29
385,11,0,0
385,12,0,0
385,13,0,0
385,14,0,0
385,15,0,0
385,16,12,90
385,17,0,0
385,18,0,0
385,19,0,57
385,20,0,0
385,21,0,0
385,22,0,0
385,23,0,0
385,24,0,17
385,25,0,0
385,26,0,0
385,27,0,0
385,28,0,0
385,29,0,0
385,30,14,149
385,31,0,0
385,32,0,0
385,33,0,0
385,34,2,93
385,35,0,0
385,36,0,0
385,37,0,0
385,38,0,0
385,39,31,131
385,40,0,0
385,41,0,0
385,42,0,0
385,43,0,0
385,44,0,0
385,45,0,0
385,46,0,0
385,47,0,0
385,48,0,0
385,49,0,0
385,50,0,0
385,51,0,0
385,52,0,0
385,53,0,0
385,54,0,0
385,55,0,0
385,56,0,0
385,57,0,0
385,58,0,0
385,59,0,0
385,60,34,7
385,61,64,24
385,62,217,42
385,63,24,7
385,64,76,24
385,65,0,0
385,66,0,0
385,67,0,0
385,68,5,0
385,69,107,52
385,70,164,55
385,71,0,0
385,72,0,0
385,73,0,0
385,74,0,0
385,75,0,0
385,76,0,0
385,77,0,0
385,78,0,0
385,79,0,0
385,80,0,0
385,81,0,0
385,82,0,0
385,83,0,0
385,84,0,0
385,85,0,0
385,86,0,0
385,87,0,0
385,88,263,49
385,89,10,66
385,90,0,0
385,91,2,78
385,92,12,29
385,93,121,16
385,94,30,20
385,95,0,0
385,96,17,21
385,97,0,33
385,98,0,46
385,99,0,70
385,100,0,0
385,101,0,78
385,102,0,67
385,103,0,23
385,104,0,63
385,105,0,57
385,106,0,7
385,107,0,6
385,108,0,12
385,109,0,67
385,110,0,32
385,111,0,83
385,112,0,0
385,113,0,132
385,114,0,0
385,115,0,0
385,116,0,172
385,117,0,97
385,118,0,126
385,119,0,0
385,120,0,0
385,121,0,67
385,122,0,77
385,123,0,0
385,124,0,43
385,125,0,28
385,126,0,10
385,127,0,0
385,128,0,0
386,1,0,0
386,2,0,0
386,3,0,0
386,4,0,0
386,5,0,0
386,6,0,0
386,7,0,0
386,8,0,0
386,9,0,0
386,10,0,0
386,11,0,0
386,12,0,0
386,13,0,0
386,14,0,0
386,15,17,89
386,16,0,0
386,17,0,0
386,18,1,84
386,19,0,0
386,20,0,0
386,21,0,0
386,22,0,0
386,23,0,18
386,24,0,0
386,25,0,0
386,26,0,0
386,27,0,0
386,28,0,0
386,29,0,0
386,30,0,0
386,31,0,0
386,32,0,0
386,33,0,0
386,34,0,0
386,35,0,0
386,36,0,0
386,37,0,0
386,38,0,0
386,39,0,0
386,40,0,0
386,41,0,0
386,42,0,0
386,43,0,0
386,44,0,0
386,45,0,0
386,46,0,0
386,47,0,0
386,48,0,0
386,49,0,0
386,50,0,0
386,51,0,0
386,52,11,0
386,53,0,0
386,54,3,0
386,55,0,0
386,56,0,0
386,57,0,0
386,58,0,0
386,59,0,0
386,60,0,0
386,61,0,0
386,62,0,0
386,63,0,0
386,64,0,0
386,65,0,0
386,66,0,0
386,67,0,0
386,68,0,0
386,69,0,0
386,70,0,0
386,71,0,0
386,72,0,0
386,73,0,0
386,74,0,0
386,75,0,0
386,76,0,0
386,77,0,0
386,78,0,0
386,79,0,0
386,80,11,73
386,81,0,0
386,82,4,76
386,83,13,29
386,84,0,0
386,85,0,86
386,86,0,0
386,87,0,69
386,88,0,26
386,89,0,61
386,90,0,0
386,91,0,61
386,92,0,9
386,93,0,7
386,94,0,11
386,95,0,73
386,96,0,28
386,97,0,118
386,98,0,0
386,99,0,0
386,100,0,0
386,101,0,103
386,102,0,93
386,103,0,112
386,104,0,65
386,105,0,61
386,106,0,84
386,107,0,33
386,108,0,38
386,109,0,0
386,110,0,0
386,111,0,30
386,112,0,24
386,113,0,0
386,114,0,0
386,115,0,0
386,116,0,0
386,117,0,0
387,1,0,0
387,2,0,0
387,3,0,0
387,4,0,0
387,5,0,0
387,6,0,0
387,7,0,0
387,8,0,0
387,9,0,0
387,10,0,0
387,11,0,0
387,12,0,0
387,13,0,0
387,14,0,0
387,15,0,0
387,16,0,0
387,17,0,0
387,18,0,0
387,19,0,0
387,20,0,0
387,21,0,0
387,22,0,0
387,23,0,0
387,24,0,0
387,25,0,0
387,26,0,0
387,27,0,0
387,28,0,0
387,29,0,0
387,30,0,0
387,31,0,0
387,32,0,0
387,33,0,0
387,34,0,0
387,35,0,0
387,36,0,0
387,37,0,0
387,38,0,0
387,39,0,0
387,40,0,0
387,41,0,0
387,42,0,0
387,43,0,0
387,44,0,0
387,45,0,0
387,46,0,0
387,47,0,0
387,48,0,0
387,49,0,0
387,50,0,0
387,51,0,0
387,52,0,0
387,53,0,0
387,54,162,152
387,55,0,0
387,56,0,0
387,57,0,0
387,58,0,0
387,59,0,0
387,60,0,0
387,61,0,0
387,62,0,0
387,63,0,0
387,64,0,0
387,65,0,0
387,66,0,0
387,67,0,0
387,68,0,0
387,69,0,0
387,70,0,0
387,71,14,0
387,72,0,0
387,73,0,0
387,74,0,0
387,75,0,0
387,76,3,0
387,77,0,0
387,78,0,0
387,79,0,0
387,80,0,0
387,81,0,0
387,82,0,0
387,83,0,0
387,84,0,0
387,85,0,0
387,86,0,0
387,87,0,0
387,88,0,0
387,89,0,0
387,90,0,0
387,91,0,0
387,92,9,111
387,93,12,40
387,94,0,0
387,95,0,48
387,96,0,0
387,97,0,48
387,98,0,41
387,99,0,43
387,100,0,126
387,101,0,0
387,102,0,0
387,103,0,14
387,104,0,5
387,105,0,12
387,106,0,82
387,107,0,48
387,108,0,110
387,109,0,0
387,110,0,0
387,111,0,0
387,112,0,0
387,113,0,138
387,114,0,129
387,115,0,103
387,116,0,55
387,117,0,39
387,118,0,22
387,119,0,20
387,120,0,0
387,121,0,35
387,122,0,37
387,123,0,13
387,124,0,16
387,125,0,7
387,126,0,21
387,127,0,5
387,128,0,0
387,129,0,0
387,130,0,0
387,131,0,0
387,132,0,0
388,1,0,0
388,2,0,0
388,3,0,0
388,4,0,0
388,5,0,0
388,6,0,0
388,7,0,0
388,8,0,0
388,9,0,0
388,10,0,0
388,11,0,0
388,12,0,0
388,13,0,0
388,14,0,0
388,15,0,0
388,16,0,0
388,17,0,0
388,18,0,0
388,19,0,0
388,20,0,0
388,21,0,0
388,22,0,0
388,23,0,0
388,24,0,0
388,25,0,56
388,26,3,60
388,27,0,0
388,28,0,0
388,29,0,0
388,30,0,0
388,31,0,0
388,32,0,0
388,33,0,0
388,34,0,0
388,35,0,0
388,36,1,64
388,37,0,0
388,38,0,0
388,39,0,0
388,40,2,75
388,41,0,0
388,42,0,0
388,43,0,0
388,44,0,0
388,45,0,0
388,46,0,0
388,47,0,0
388,48,282,0
388,49,0,0
388,50,0,0
388,51,0,0
388,52,0,0
388,53,0,0
388,54,0,0
388,55,0,0
388,56,0,0
388,57,0,0
388,58,0,0
388,59,0,0
388,60,0,0
388,61,0,0
388,62,0,0
388,63,0,0
388,64,0,0
388,65,0,0
388,66,0,0
388,67,0,0
388,68,0,0
388,69,0,0
388,70,0,0
388,71,0,0
388,72,0,0
388,73,0,0
388,74,14,0
388,75,0,0
388,76,0,0
388,77,57,91
388,78,0,0
388,79,0,0
388,80,0,0
388,81,0,0
388,82,0,0
388,83,0,0
388,84,0,0
388,85,0,0
388,86,0,0
388,87,0,0
388,88,24,90
388,89,0,50
388,90,0,0
388,91,0,51
388,92,0,0
388,93,0,38
388,94,0,41
388,95,0,86
388,96,0,77
388,97,0,94
388,98,0,74
388,99,0,0
388,100,0,23
388,101,0,0
388,102,0,0
388,103,0,0
388,104,0,17
388,105,0,11
388,106,0,13
388,107,0,75
388,108,0,104
388,109,0,0
388,110,0,137
388,111,0,0
388,112,0,191
388,113,0,180
388,114,0,130
388,115,0,0
388,116,0,28
388,117,0,45
388,118,0,39
388,119,0,146
388,120,0,13
388,121,0,52
388,122,0,49
388,123,0,3
388,124,0,4
388,125,0,16
388,126,0,17
388,127,0,6
388,128,0,0
388,129,0,13
388,130,0,0
388,131,0,16
388,132,0,0
388,133,0,0
388,134,0,0
389,1,0,0
389,2,0,0
389,3,0,0
389,4,0,0
389,5,0,0
389,6,0,0
389,7,0,0
389,8,0,0
389,9,0,0
389,10,0,0
389,11,0,0
389,12,0,0
389,13,0,0
389,14,0,0
389,15,0,0
389,16,0,0
389,17,0,0
389,18,0,0
389,19,0,0
389,20,0,0
389,21,0,0
389,22,0,0
389,23,0,0
389,24,0,0
389,25,0,0
389,26,0,0
389,27,19,119
389,28,0,0
389,29,0,0
389,30,0,0
389,31,0,0
389,32,0,0
389,33,0,0
389,34,0,0
389,35,0,0
389,36,2,108
389,37,0,0
389,38,0,0
389,39,0,0
389,40,0,0
389,41,0,0
389,42,0,0
389,43,0,0
389,44,0,0
389,45,0,0
389,46,0,0
389,47,0,0
389,48,0,0
389,49,0,0
389,50,241,0
389,51,120,0
389,52,182,0
389,53,0,0
389,54,0,0
389,55,0,0
389,56,0,0
389,57,0,0
389,58,0,0
389,59,0,0
389,60,0,0
389,61,0,0
389,62,0,0
389,63,0,0
389,64,0,0
389,65,0,0
389,66,0,0
389,67,0,0
389,68,0,0
389,69,0,0
389,70,0,0
389,71,0,0
389,72,0,0
389,73,0,0
389,74,0,0
389,75,0,0
389,76,0,0
389,77,0,0
389,78,0,0
389,79,170,0
389,80,0,0
389,81,0,0
389,82,0,0
389,83,5,0
389,84,0,0
389,85,0,0
389,86,0,0
389,87,0,0
389,88,26,63
389,89,36,44
389,90,0,0
389,91,0,0
389,92,0,0
389,93,0,0
389,94,0,0
389,95,0,0
389,96,0,0
389,97,0,0
389,98,0,0
389,99,0,0
389,100,17,87
389,101,0,83
389,102,0,111
389,103,0,0
389,104,0,27
389,105,0,0
389,106,0,53
389,107,0,47
389,108,0,102
389,109,0,6
389,110,0,78
389,111,0,102
389,112,0,0
389,113,0,81
389,114,0,0
389,115,0,0
389,116,0,0
389,117,0,0
389,118,0,0
389,119,0,22
389,120,0,3
389,121,0,48
389,122,0,18
389,123,0,51
389,124,0,0
389,125,0,111
389,126,0,0
389,127,0,0
389,128,0,0
389,129,0,140
389,130,0,191
389,131,0,181
389,132,0,155
389,133,0,0
389,134,0,73
389,135,0,9
389,136,0,56
389,137,0,65
389,138,0,13
389,139,0,22
389,140,0,0
389,141,0,0
389,142,0,0
389,143,0,0
389,144,0,18
389,145,0,0
389,146,0,0
389,147,0,0
390,1,0,0
390,2,0,0
390,3,0,0
390,4,0,0
390,5,0,0
390,6,0,0
390,7,0,0
390,8,0,0
390,9,0,0
390,10,0,0
390,11,0,0
390,12,0,0
390,13,0,0
390,14,0,0
390,15,0,0
390,16,0,0
390,17,0,0
390,18,0,0
390,19,2,135
390,20,0,0
390,21,0,0
390,22,0,0
390,23,0,0
390,24,0,0
390,25,0,0
390,26,10,131
390,27,0,0
390,28,0,0
390,29,0,0
390,30,1,98
390,31,0,0
390,32,0,0
390,33,0,0
390,34,0,0
390,35,2,136
390,36,0,0
390,37,0,0
390,38,0,0
390,39,0,0
390,40,0,0
390,41,0,0
390,42,0,0
390,43,0,0
390,44,0,0
390,45,0,0
390,46,0,0
390,47,0,0
390,48,169,21
390,49,0,0
390,50,0,0
390,51,144,70
390,52,0,0
390,53,0,0
390,54,0,0
390,55,0,0
390,56,0,0
390,57,0,0
390,58,0,0
390,59,0,0
390,60,0,0
390,61,0,0
390,62,0,0
390,63,0,0
390,64,0,0
390,65,195,0
390,66,0,0
390,67,0,0
390,68,2,0
390,69,0,0
390,70,8,0
390,71,0,0
390,72,0,0
390,73,0,0
390,74,0,0
390,75,0,0
390,76,0,0
390,77,27,70
390,78,26,50
390,79,0,0
390,80,0,0
390,81,0,0
390,82,0,0
390,83,119,47
390,84,0,0
390,85,0,0
390,86,0,0
390,87,27,2
390,88,0,0
390,89,9,0
390,90,0,0
390,91,59,50
390,92,1,56
390,93,0,0
390,94,0,106
390,95,0,30
390,96,0,0
390,97,0,59
390,98,0,0
390,99,0,45
390,100,0,86
390,101,0,0
390,102,0,6
390,103,0,95
390,104,0,80
390,105,0,0
390,106,0,72
390,107,0,0
390,108,0,0
390,109,0,0
390,110,0,0
390,111,0,0
390,112,0,26
390,113,0,6
390,114,0,17
390,115,0,108
390,116,0,69
390,117,0,0
390,118,0,0
390,119,0,193
390,120,0,0
390,121,0,163
390,122,0,144
390,123,0,0
390,124,0,47
390,125,0,0
390,126,0,0
390,127,0,49
390,128,0,32
390,129,0,37
390,130,0,45
390,131,0,18
390,132,0,0
390,133,0,0
390,134,0,0
390,135,0,0
390,136,0,19
390,137,0,15
390,138,0,0
391,1,0,0
391,2,0,0
391,3,0,0
391,4,0,0
391,5,0,0
391,6,0,0
391,7,0,0
391,8,0,0
391,9,0,0
391,10,0,0
391,11,0,0
391,12,0,0
391,13,0,0
391,14,0,0
391,15,0,0
391,16,0,0
391,17,0,0
391,18,0,0
391,19,0,0
391,20,0,0
391,21,0,0
391,22,0,0
391,23,0,0
391,24,0,66
391,25,0,0
391,26,0,0
391,27,0,0
391,28,0,0
391,29,0,0
391,30,0,0
391,31,1,153
391,32,0,0
391,33,0,0
391,34,0,0
391,35,0,0
391,36,0,0
391,37,0,0
391,38,0,0
391,39,0,0
391,40,0,0
391,41,0,0
391,42,15,0
391,43,4,0
391,44,0,0
391,45,0,0
391,46,0,0
391,47,1,102
391,48,0,0
391,49,0,0
391,50,0,0
391,51,0,0
391,52,0,0
391,53,0,73
391,54,1,88
391,55,0,0
391,56,1,88
391,57,6,122
391,58,0,0
391,59,0,0
391,60,1,50
391,61,0,0
391,62,0,0
391,63,0,0
391,64,0,0
391,65,0,0
391,66,0,0
391,67,174,21
391,68,0,0
391,69,0,0
391,70,153,77
391,71,0,0
391,72,0,0
391,73,0,0
391,74,0,0
391,75,0,0
391,76,0,0
391,77,0,0
391,78,0,0
391,79,0,0
391,80,0,0
391,81,0,0
391,82,1,0
391,83,0,0
391,84,0,0
391,85,5,0
391,86,41,0
391,87,0,0
391,88,0,0
391,89,0,0
391,90,0,0
391,91,0,0
391,92,23,73
391,93,0,0
391,94,30,53
391,95,0,0
391,96,0,0
391,97,0,0
391,98,0,0
391,99,0,0
391,100,0,0
391,101,0,0
391,102,0,0
391,103,5,0
391,104,120,46
391,105,0,0
391,106,0,0
391,107,34,2
391,108,0,0
391,109,0,0
391,110,65,76
391,111,0,0
391,112,0,0
391,113,0,0
391,114,0,0
391,115,0,31
391,116,0,0
391,117,0,81
391,118,0,0
391,119,0,75
391,120,0,0
391,121,0,0
391,122,0,0
391,123,0,0
391,124,0,23
391,125,0,38
391,126,0,0
391,127,0,0
391,128,0,0
391,129,0,13
391,130,0,106
391,131,0,82
391,132,0,59
391,133,0,0
391,134,0,0
391,135,0,127
391,136,0,0
391,137,0,139
391,138,0,0
391,139,0,96
391,140,0,0
391,141,0,26
391,142,0,110
391,143,0,0
391,144,0,0
391,145,0,16
391,146,0,0
391,147,0,9
391,148,0,0
391,149,0,0
391,150,0,0
391,151,0,0
391,152,0,0
391,153,0,0
391,154,0,0
391,155,0,0
392,1,0,0
392,2,0,0
392,3,0,0
392,4,0,0
392,5,0,0
392,6,0,0
392,7,0,0
392,8,0,0
392,9,0,0
392,10,0,0
392,11,0,0
392,12,0,0
392,13,0,0
392,14,0,0
392,15,0,0
392,16,0,0
392,17,0,0
392,18,0,0
392,19,0,0
392,20,0,0
392,21,0,0
392,22,0,0
392,23,0,0
392,24,1,163
392,25,0,0
392,26,0,0
392,27,0,0
392,28,0,0
392,29,0,0
392,30,0,0
392,31,0,0
392,32,0,0
392,33,1,81
392,34,0,0
392,35,0,0
392,36,0,0
392,37,0,0
392,38,2,99
392,39,0,0
392,40,0,45
392,41,0,60
392,42,0,83
392,43,0,0
392,44,0,0
392,45,0,0
392,46,0,0
392,47,0,0
392,48,0,0
392,49,0,0
392,50,0,0
392,51,0,0
392,52,0,0
392,53,0,0
392,54,0,0
392,55,264,61
392,56,0,0
392,57,0,0
392,58,0,0
392,59,0,0
392,60,0,0
392,61,0,0
392,62,0,0
392,63,0,0
392,64,0,0
392,65,0,0
392,66,0,0
392,67,0,0
392,68,0,0
392,69,1,0
392,70,4,0
392,71,59,0
392,72,0,0
392,73,18,81
392,74,0,0
392,75,0,0
392,76,27,55
392,77,0,0
392,78,0,0
392,79,0,0
392,80,0,0
392,81,0,0
392,82,0,0
392,83,0,0
392,84,137,37
392,85,0,0
392,86,33,1
392,87,0,0
392,88,0,0
392,89,0,0
392,90,0,0
392,91,26,155
392,92,0,109
392,93,0,64
392,94,0,56
392,95,0,0
392,96,0,0
392,97,0,0
392,98,0,64
392,99,0,0
392,100,0,0
392,101,0,45
392,102,0,0
392,103,0,0
392,104,0,78
392,105,0,69
392,106,0,28
392,107,0,49
392,108,0,0
392,109,0,0
392,110,0,0
392,111,0,13
392,112,0,12
392,113,0,38
392,114,0,50
392,115,0,0
392,116,0,125
392,117,0,90
392,118,0,0
392,119,0,0
392,120,0,0
392,121,0,0
392,122,0,0
392,123,0,0
392,124,0,144
392,125,0,0
392,126,0,0
392,127,0,0
392,128,0,0
392,129,0,16
392,130,0,1
392,131,0,0
392,132,0,0
392,133,0,0
392,134,0,0
392,135,0,0
392,136,0,0
392,137,0,0
393,1,0,0
393,2,0,0
393,3,0,0
393,4,0,0
393,5,0,0
393,6,0,0
393,7,0,0
393,8,0,0
393,9,0,0
393,10,0,0
393,11,0,0
393,12,0,0
393,13,0,0
393,14,0,0
393,15,0,0
393,16,2,152
393,17,6,130
393,18,0,0
393,19,0,0
393,20,0,103
393,21,0,0
393,22,0,0
393,23,0,0
393,24,0,0
393,25,0,0
393,26,0,50
393,27,0,0
393,28,0,0
393,29,0,0
393,30,1,125
393,31,0,0
393,32,0,0
393,33,0,0
393,34,0,0
393,35,0,0
393,36,0,0
393,37,0,0
393,38,0,0
393,39,0,0
393,40,0,0
393,41,261,20
393,42,0,0
393,43,0,0
393,44,0,0
393,45,0,0
393,46,0,0
393,47,0,0
393,48,0,0
393,49,0,0
393,50,0,0
393,51,0,0
393,52,0,0
393,53,0,0
393,54,0,0
393,55,0,0
393,56,0,0
393,57,143,41
393,58,105,59
393,59,109,0
393,60,71,0
393,61,0,0
393,62,0,0
393,63,0,0
393,64,21,83
393,65,14,208
393,66,0,0
393,67,24,55
393,68,3,0
393,69,8,0
393,70,0,0
393,71,0,0
393,72,0,0
393,73,0,0
393,74,147,49
393,75,0,0
393,76,0,0
393,77,0,0
393,78,23,170
393,79,62,81
393,80,0,112
393,81,0,99
393,82,0,0
393,83,0,0
393,84,0,0
393,85,0,69
393,86,0,0
393,87,0,50
393,88,0,0
393,89,0,82
393,90,0,0
393,91,0,0
393,92,0,92
393,93,0,0
393,94,0,0
393,95,0,1
393,96,0,0
393,97,0,0
393,98,0,0
393,99,0,0
393,100,0,157
393,101,0,0
393,102,0,36
393,103,0,36
393,104,0,10
393,105,0,29
393,106,0,185
393,107,0,52
393,108,0,0
393,109,0,11
393,110,0,1
393,111,0,0
393,112,0,0
393,113,0,0
393,114,0,0
393,115,0,0
393,116,0,0
393,117,0,0
393,118,0,0
393,119,0,0
393,120,0,0
394,1,0,0
394,2,0,0
394,3,0,0
394,4,0,0
394,5,0,0
394,6,0,0
394,7,0,0
394,8,1,89
394,9,0,0
394,10,0,0
394,11,0,0
394,12,3,142
394,13,9,136
394,14,0,0
394,15,0,0
394,16,0,0
394,17,0,0
394,18,0,0
394,19,0,0
394,20,0,0
394,21,0,65
394,22,0,0
394,23,0,0
394,24,0,110
394,25,0,0
394,26,0,0
394,27,0,0
394,28,0,0
394,29,0,0
394,30,0,0
394,31,0,0
394,32,0,0
394,33,0,0
394,34,0,0
394,35,0,0
394,36,0,0
394,37,0,0
394,38,0,0
394,39,0,0
394,40,0,0
394,41,0,0
394,42,0,0
394,43,0,0
394,44,0,0
394,45,0,0
394,46,0,0
394,47,0,0
394,48,147,35
394,49,79,66
394,50,105,0
394,51,0,0
394,52,17,83
394,53,33,50
394,54,0,0
394,55,0,0
394,56,5,0
394,57,0,0
394,58,0,0
394,59,2,0
394,60,5,0
394,61,170,49
394,62,0,0
394,63,0,0
394,64,0,0
394,65,2,3
394,66,6,0
394,67,1,2
394,68,7,37
394,69,17,141
394,70,0,0
394,71,71,85
394,72,0,0
394,73,0,36
394,74,0,67
394,75,0,28
394,76,0,0
394,77,0,79
394,78,0,0
394,79,0,0
394,80,0,0
394,81,0,48
394,82,0,104
394,83,0,0
394,84,0,1
394,85,0,0
394,86,0,0
394,87,0,0
394,88,0,0
394,89,0,0
394,90,0,0
394,91,0,165
394,92,0,53
394,93,0,31
394,94,0,0
394,95,0,32
394,96,0,0
394,97,0,0
394,98,0,0
394,99,0,0
394,100,0,0
394,101,0,0
394,102,0,0
394,103,0,0
394,104,0,0
395,1,0,3
395,2,0,0
395,3,0,25
395,4,0,0
395,5,0,0
395,6,0,0
395,7,0,0
395,8,0,0
395,9,32,0
395,10,0,0
395,11,0,0
395,12,6,125
395,13,0,0
395,14,0,0
395,15,0,0
395,16,0,0
395,17,0,0
395,18,0,0
395,19,0,0
395,20,6,118
395,21,0,0
395,22,0,0
395,23,0,0
395,24,0,0
395,25,0,0
395,26,0,0
395,27,0,0
395,28,15,146
395,29,11,119
395,30,0,0
395,31,0,0
395,32,0,71
395,33,2,67
395,34,0,0
395,35,0,0
395,36,0,0
395,37,3,48
395,38,0,0
395,39,157,41
395,40,48,79
395,41,0,0
395,42,0,0
395,43,0,0
395,44,0,0
395,45,0,0
395,46,0,0
395,47,0,0
395,48,0,0
395,49,0,0
395,50,0,0
395,51,0,0
395,52,0,0
395,53,0,0
395,54,0,0
395,55,0,0
395,56,0,0
395,57,0,0
395,58,0,0
395,59,0,0
395,60,149,0
395,61,0,0
395,62,202,10
395,63,0,0
395,64,0,0
395,65,0,0
395,66,0,0
395,67,166,0
395,68,0,0
395,69,0,0
395,70,0,0
395,71,31,100
395,72,0,0
395,73,6,0
395,74,380,90
395,75,0,0
395,76,0,0
395,77,9,0
395,78,179,44
395,79,3,0
395,80,7,0
395,81,0,0
395,82,0,0
395,83,0,0
395,84,20,14
395,85,0,0
395,86,1,0
395,87,0,0
395,88,12,5
395,89,8,79
395,90,0,0
395,91,79,97
395,92,0,88
395,93,0,0
395,94,0,68
395,95,0,35
395,96,0,2
395,97,0,3
395,98,0,16
395,99,0,0
395,100,0,28
395,101,0,48
395,102,0,0
395,103,0,115
395,104,0,0
395,105,0,0
395,106,0,55
395,107,0,72
395,108,0,123
395,109,0,0
395,110,0,0
395,111,0,206
395,112,0,0
395,113,0,0
395,114,0,0
395,115,0,119
395,116,0,0
395,117,0,0
395,118,0,79
395,119,0,43
395,120,0,0
395,121,0,29
395,122,0,0
395,123,0,0
395,124,0,0
395,125,0,0
395,126,0,0
395,127,0,0
395,128,0,0
395,129,0,0
395,130,0,0
395,131,0,0
396,1,0,1
396,2,0,0
396,3,0,0
396,4,0,0
396,5,0,0
396,6,0,28
396,7,0,0
396,8,0,0
396,9,0,0
396,10,0,0
396,11,0,0
396,12,0,0
396,13,0,0
396,14,0,0
396,15,0,0
396,16,7,118
396,17,8,133
396,18,0,0
396,19,0,0
396,20,0,0
396,21,0,0
396,22,0,0
396,23,0,0
396,24,0,0
396,25,0,0
396,26,0,0
396,27,0,0
396,28,0,0
396,29,0,0
396,30,0,0
396,31,0,0
396,32,0,0
396,33,0,0
396,34,3,78
396,35,0,0
396,36,1,51
396,37,0,0
396,38,0,0
396,39,0,0
396,40,181,19
396,41,4,53
396,42,0,0
396,43,116,41
396,44,53,87
396,45,0,0
396,46,0,0
396,47,0,0
396,48,0,0
396,49,88,0
396,50,0,0
396,51,0,0
396,52,0,0
396,53,0,0
396,54,0,0
396,55,0,0
396,56,0,0
396,57,0,0
396,58,0,0
396,59,0,0
396,60,13,131
396,61,0,0
396,62,0,0
396,63,0,0
396,64,0,0
396,65,295,5
396,66,0,0
396,67,0,0
396,68,0,0
396,69,121,32
396,70,139,88
396,71,158,29
396,72,0,0
396,73,0,0
396,74,181,0
396,75,0,0
396,76,0,0
396,77,0,0
396,78,0,0
396,79,0,0
396,80,0,0
396,81,0,0
396,82,0,0
396,83,0,0
396,84,0,0
396,85,0,0
396,86,0,0
396,87,205,46
396,88,0,0
396,89,21,18
396,90,2,0
396,91,0,0
396,92,0,0
396,93,11,8
396,94,8,82
396,95,0,81
396,96,0,0
396,97,0,48
396,98,0,32
396,99,0,3
396,100,0,2
396,101,0,1
396,102,0,52
396,103,0,5
396,104,0,25
396,105,0,55
396,106,0,0
396,107,0,0
396,108,0,0
396,109,0,59
396,110,0,80
396,111,0,0
396,112,0,17
396,113,0,0
396,114,0,0
396,115,0,0
396,116,0,0
396,117,0,179
396,118,0,0
396,119,0,143
396,120,0,0
396,121,0,0
396,122,0,0
396,123,0,0
396,124,0,84
396,125,0,0
396,126,0,0
396,127,0,80
396,128,0,0
396,129,0,0
396,130,0,0
396,131,0,0
396,132,0,0
396,133,0,0
396,134,0,0
396,135,0,0
396,136,0,0
396,137,0,0
396,138,0,0
396,139,0,0
396,140,0,0
397,1,0,0
397,2,0,0
397,3,0,0
397,4,0,1
397,5,0,0
397,6,0,0
397,7,0,0
397,8,0,0
397,9,0,0
397,10,0,0
397,11,0,0
397,12,0,0
397,13,0,0
397,14,0,0
397,15,0,26
397,16,0,0
397,17,0,0
397,18,0,0
397,19,0,0
397,20,0,0
397,21,0,0
397,22,33,0
397,23,0,0
397,24,0,0
397,25,0,0
397,26,0,0
397,27,7,120
397,28,0,0
397,29,0,0
397,30,0,0
397,31,0,0
397,32,6,117
397,33,0,0
397,34,0,0
397,35,0,0
397,36,0,0
397,37,4,124
397,38,0,0
397,39,5,106
397,40,0,0
397,41,0,0
397,42,13,155
397,43,66,0
397,44,101,0
397,45,0,0
397,46,42,0
397,47,21,0
397,48,170,0
397,49,0,0
397,50,0,0
397,51,0,0
397,52,0,0
397,53,158,132
397,54,0,0
397,55,0,0
397,56,0,0
397,57,0,0
397,58,0,0
397,59,0,0
397,60,0,0
397,61,7,99
397,62,0,0
397,63,0,0
397,64,0,0
397,65,0,0
397,66,0,0
397,67,0,0
397,68,0,0
397,69,0,0
397,70,0,0
397,71,0,0
397,72,0,0
397,73,0,0
397,74,144,37
397,75,116,14
397,76,147,83
397,77,0,0
397,78,0,0
397,79,0,0
397,80,0,0
397,81,3,33
397,82,0,0
397,83,0,0
397,84,13,46
397,85,0,0
397,86,0,0
397,87,0,0
397,88,0,0
397,89,0,0
397,90,0,0
397,91,23,11
397,92,14,23
397,93,0,0
397,94,0,0
397,95,2,20
397,96,83,116
397,97,0,92
397,98,0,32
397,99,0,7
397,100,0,56
397,101,0,1
397,102,0,0
397,103,0,13
397,104,0,42
397,105,0,22
397,106,0,48
397,107,0,129
397,108,0,0
397,109,0,0
397,110,0,0
397,111,0,53
397,112,0,79
397,113,0,124
397,114,0,0
397,115,0,0
397,116,0,15
397,117,0,0
397,118,0,0
397,119,0,0
397,120,0,0
397,121,0,187
397,122,0,0
397,123,0,0
397,124,0,0
397,125,0,0
397,126,0,0
397,127,0,0
397,128,0,0
397,129,0,0
397,130,0,0
397,131,0,0
397,132,0,0
398,1,0,0
398,2,0,0
398,3,0,0
398,4,0,2
398,5,0,0
398,6,0,0
398,7,0,0
398,8,0,0
398,9,0,0
398,10,0,0
398,11,0,0
398,12,0,0
398,13,0,0
398,14,0,0
398,15,0,30
398,16,0,0
398,17,0,0
398,18,0,0
398,19,0,0
398,20,0,0
398,21,0,0
398,22,0,0
398,23,0,0
398,24,0,0
398,25,0,0
398,26,1,87
398,27,0,0
398,28,2,59
398,29,0,0
398,30,0,0
398,31,0,0
398,32,0,0
398,33,8,141
398,34,0,0
398,35,0,0
398,36,3,116
398,37,3,104
398,38,10,96
398,39,0,7
398,40,0,0
398,41,10,85
398,42,0,0
398,43,29,0
398,44,0,0
398,45,0,0
398,46,70,0
398,47,2,0
398,48,286,0
398,49,0,0
398,50,0,0
398,51,0,0
398,52,0,0
398,53,0,0
398,54,0,0
398,55,0,0
398,56,0,0
398,57,0,0
398,58,0,0
398,59,0,0
398,60,0,0
398,61,10,88
398,62,0,0
398,63,0,0
398,64,0,0
398,65,263,0
398,66,0,0
398,67,0,0
398,68,0,0
398,69,0,0
398,70,0,0
398,71,0,0
398,72,0,0
398,73,0,0
398,74,0,0
398,75,0,0
398,76,0,0
398,77,0,0
398,78,0,0
398,79,0,0
398,80,0,0
398,81,0,0
398,82,0,0
398,83,238,0
398,84,282,99
398,85,0,0
398,86,5,0
398,87,0,0
398,88,0,0
398,89,0,0
398,90,0,0
398,91,0,0
398,92,0,0
398,93,0,0
398,94,25,18
398,95,0,0
398,96,0,0
398,97,0,0
398,98,0,0
398,99,6,18
398,100,134,84
398,101,0,42
398,102,0,40
398,103,0,1
398,104,0,0
398,105,0,13
398,106,0,43
398,107,0,0
398,108,0,41
398,109,0,87
398,110,0,22
398,111,0,122
398,112,0,46
398,113,0,76
398,114,0,0
398,115,0,27
398,116,0,0
398,117,0,0
398,118,0,0
398,119,0,72
398,120,0,0
398,121,0,0
398,122,0,0
398,123,0,0
398,124,0,0
398,125,0,0
398,126,0,0
398,127,0,0
398,128,0,0
398,129,0,0
398,130,0,0
398,131,0,0
398,132,0,0
398,133,0,0
398,134,0,0
398,135,0,0
398,136,0,0
398,137,0,86
398,138,0,59
398,139,0,0
398,140,0,74
398,141,0,0
398,142,0,0
398,143,0,0
399,1,0,0
399,2,0,0
399,3,0,0
399,4,0,0
399,5,0,0
399,6,0,0
399,7,0,0
399,8,0,0
399,9,1,42
399,10,0,0
399,11,0,0
399,12,0,0
399,13,0,0
399,14,0,0
399,15,0,0
399,16,0,0
399,17,0,0
399,18,0,0
399,19,0,0
399,20,0,0
399,21,0,0
399,22,0,0
399,23,0,0
399,24,2,139
399,25,0,0
399,26,0,0
399,27,0,0
399,28,0,0
399,29,0,0
399,30,0,0
399,31,0,0
399,32,0,0
399,33,0,0
399,34,2,117
399,35,10,133
399,36,1,95
399,37,0,0
399,38,0,0
399,39,0,0
399,40,13,129
399,41,0,0
399,42,0,0
399,43,0,0
399,44,0,0
399,45,46,139
399,46,0,0
399,47,0,0
399,48,0,0
399,49,0,0
399,50,194,0
399,51,187,0
399,52,0,0
399,53,0,0
399,54,0,0
399,55,0,0
399,56,10,84
399,57,0,0
399,58,0,0
399,59,0,0
399,60,0,0
399,61,0,0
399,62,0,0
399,63,0,0
399,64,0,0
399,65,0,0
399,66,0,0
399,67,0,0
399,68,0,0
399,69,0,0
399,70,0,0
399,71,0,0
399,72,1,82
399,73,204,21
399,74,48,85
399,75,0,0
399,76,0,0
399,77,210,40
399,78,54,78
399,79,0,0
399,80,14,135
399,81,0,0
399,82,0,0
399,83,0,0
399,84,0,0
399,85,0,0
399,86,16,7
399,87,0,0
399,88,17,34
399,89,0,0
399,90,0,0
399,91,0,77
399,92,0,19
399,93,0,43
399,94,0,3
399,95,0,1
399,96,0,0
399,97,0,1
399,98,0,9
399,99,0,19
399,100,0,39
399,101,0,20
399,102,0,31
399,103,0,77
399,104,0,34
399,105,0,31
399,106,0,17
399,107,0,86
399,108,0,134
399,109,0,40
399,110,0,73
399,111,0,0
399,112,0,28
399,113,0,0
399,114,0,0
399,115,0,15
399,116,0,0
399,117,0,0
399,118,0,0
399,119,0,241
399,120,0,0
399,121,0,0
399,122,0,188
399,123,0,0
399,124,0,0
399,125,0,0
399,126,0,0
399,127,0,0
399,128,0,0
399,129,0,0
399,130,0,0
399,131,0,88
399,132,0,0
399,133,0,78
399,134,0,6
399,135,0,0
399,136,0,0
399,137,0,0
399,138,0,0
400,1,0,0
400,2,0,0
400,3,0,0
400,4,0,0
400,5,0,0
400,6,0,0
400,7,0,0
400,8,0,0
400,9,0,0
400,10,0,0
400,11,0,0
400,12,0,0
400,13,0,0
400,14,0,0
400,15,0,0
400,16,0,0
400,17,0,0
400,18,0,0
400,19,0,0
400,20,0,0
400,21,0,0
400,22,0,0
400,23,0,0
400,24,0,0
400,25,0,0
400,26,0,0
400,27,0,0
400,28,0,0
400,29,0,0
400,30,0,0
400,31,0,0
400,32,0,0
400,33,0,0
400,34,0,0
400,35,0,100
400,36,0,0
400,37,0,0
400,38,0,0
400,39,0,0
400,40,2,98
400,41,0,0
400,42,0,0
400,43,0,0
400,44,0,0
400,45,0,0
400,46,0,0
400,47,0,0
400,48,0,0
400,49,0,0
400,50,0,0
400,51,0,0
400,52,0,0
400,53,9,96
400,54,0,0
400,55,0,0
400,56,0,0
400,57,0,0
400,58,0,0
400,59,0,0
400,60,0,0
400,61,0,0
400,62,0,0
400,63,0,0
400,64,0,0
400,65,0,0
400,66,0,0
400,67,0,0
400,68,0,0
400,69,0,0
400,70,0,0
400,71,0,0
400,72,0,0
400,73,0,0
400,74,0,0
400,75,0,0
400,76,0,0
400,77,36,0
400,78,0,0
400,79,0,0
400,80,3,69
400,81,0,0
400,82,3,109
400,83,0,67
400,84,0,0
400,85,311,6
400,86,0,0
400,87,0,0
400,88,0,0
400,89,0,0
400,90,0,0
400,91,0,0
400,92,0,0
400,93,0,0
400,94,91,151
400,95,0,0
400,96,0,0
400,97,0,0
400,98,0,0
400,99,0,0
400,100,0,0
400,101,0,0
400,102,0,0
400,103,2,0
400,104,6,0
400,105,0,0
400,106,0,0
400,107,22,37
400,108,0,0
400,109,0,0
400,110,0,71
400,111,0,28
400,112,0,6
400,113,0,1
400,114,0,2
400,115,0,50
400,116,0,51
400,117,0,77
400,118,0,49
400,119,0,38
400,120,0,119
400,121,0,0
400,122,0,90
400,123,0,98
400,124,0,0
400,125,0,18
400,126,0,0
400,127,0,120
400,128,0,0
400,129,0,119
400,130,0,0
400,131,0,0
400,132,0,0
400,133,0,0
400,134,0,0
400,135,0,80
400,136,0,0
400,137,0,73
400,138,0,11
400,139,0,0
400,140,0,0
400,141,0,0
400,142,0,0
400,143,0,0
400,144,0,0
400,145,0,0
401,1,0,0
401,2,0,0
401,3,0,0
401,4,0,0
401,5,0,0
401,6,0,0
401,7,0,0
401,8,0,0
401,9,0,0
401,10,0,0
401,11,0,0
401,12,9,0
401,13,0,0
401,14,0,0
401,15,0,0
401,16,0,0
401,17,0,0
401,18,0,0
401,19,0,0
401,20,0,0
401,21,0,0
401,22,0,0
401,23,0,0
401,24,0,0
401,25,0,0
401,26,0,0
401,27,0,0
401,28,0,0
401,29,0,0
401,30,0,0
401,31,32,169
401,32,0,0
401,33,0,0
401,34,0,0
401,35,0,0
401,36,0,0
401,37,0,0
401,38,2,101
401,39,0,0
401,40,0,0
401,41,0,0
401,42,0,0
401,43,1,65
401,44,0,0
401,45,0,0
401,46,0,0
401,47,0,0
401,48,0,0
401,49,0,0
401,50,0,0
401,51,0,0
401,52,0,0
401,53,0,0
401,54,0,0
401,55,0,0
401,56,0,0
401,57,0,0
401,58,0,0
401,59,0,0
401,60,0,0
401,61,0,0
401,62,0,0
401,63,0,0
401,64,0,0
401,65,0,0
401,66,0,0
401,67,0,0
401,68,0,0
401,69,1,90
401,70,0,14
401,71,0,0
401,72,1,25
401,73,0,0
401,74,1,88
401,75,0,0
401,76,0,0
401,77,0,0
401,78,0,0
401,79,0,0
401,80,0,0
401,81,0,0
401,82,0,0
401,83,0,0
401,84,0,0
401,85,0,0
401,86,0,0
401,87,0,0
401,88,0,0
401,89,0,0
401,90,0,0
401,91,0,0
401,92,0,0
401,93,0,0
401,94,0,0
401,95,0,0
401,96,18,105
401,97,0,0
401,98,0,0
401,99,0,0
401,100,0,0
401,101,0,0
401,102,0,32
401,103,0,0
401,104,0,3
401,105,0,56
401,106,0,26
401,107,0,99
401,108,0,0
401,109,0,0
401,110,0,109
401,111,0,115
401,112,0,90
401,113,0,104
401,114,0,113
401,115,0,16
401,116,0,154
401,117,0,146
401,118,0,195
401,119,0,58
401,120,0,0
401,121,0,0
401,122,0,100
401,123,0,0
401,124,0,0
401,125,0,104
401,126,0,91
401,127,0,78
401,128,0,10
401,129,0,0
401,130,0,0
401,131,0,0
401,132,0,0
401,133,0,0
402,1,0,0
402,2,0,0
402,3,0,0
402,4,0,0
402,5,0,0
402,6,0,0
402,7,0,0
402,8,0,0
402,9,0,0
402,10,0,0
402,11,0,0
402,12,0,0
402,13,0,0
402,14,0,0
402,15,0,0
402,16,0,0
402,17,0,0
402,18,0,0
402,19,0,0
402,20,0,0
402,21,0,0
402,22,0,0
402,23,0,0
402,24,0,0
402,25,0,0
402,26,0,0
402,27,0,0
402,28,0,0
402,29,0,0
402,30,13,110
402,31,0,0
402,32,0,0
402,33,16,103
402,34,0,0
402,35,0,0
402,36,0,0
402,37,8,150
402,38,0,0
402,39,0,0
402,40,2,87
402,41,0,0
402,42,0,0
402,43,0,0
402,44,0,0
402,45,0,0
402,46,0,0
402,47,0,0
402,48,0,0
402,49,0,0
402,50,0,0
402,51,0,0
402,52,0,0
402,53,0,0
402,54,0,0
402,55,0,0
402,56,0,0
402,57,0,0
402,58,0,0
402,59,0,0
402,60,0,11
402,61,0,0
402,62,0,0
402,63,0,0
402,64,0,0
402,65,0,0
402,66,0,0
402,67,0,0
402,68,141,0
402,69,121,30
402,70,135,7
402,71,0,0
402,72,0,0
402,73,0,0
402,74,0,0
402,75,0,0
402,76,0,0
402,77,0,0
402,78,0,0
402,79,0,0
402,80,0,0
402,81,0,0
402,82,0,0
402,83,0,0
402,84,8,0
402,85,0,0
402,86,0,0
402,87,0,108
402,88,0,0
402,89,0,0
402,90,0,50
402,91,0,24
402,92,0,44
402,93,0,59
402,94,0,41
402,95,0,105
402,96,0,99
402,97,0,113
402,98,0,204
402,99,0,16
402,100,0,0
402,101,0,0
402,102,0,138
402,103,0,148
402,104,0,168
402,105,0,0
402,106,0,70
402,107,0,0
402,108,0,139
402,109,0,0
402,110,0,0
402,111,0,0
402,112,0,134
402,113,0,0
402,114,0,0
402,115,0,0
402,116,0,0
403,1,0,0
403,2,0,0
403,3,0,0
403,4,0,0
403,5,0,0
403,6,0,0
403,7,0,0
403,8,0,0
403,9,0,0
403,10,0,0
403,11,0,0
403,12,0,0
403,13,0,0
403,14,0,0
403,15,0,0
403,16,0,0
403,17,0,0
403,18,0,0
403,19,0,0
403,20,0,33
403,21,0,0
403,22,0,0
403,23,0,0
403,24,0,0
403,25,0,0
403,26,0,0
403,27,0,0
403,28,23,150
403,29,0,0
403,30,0,0
403,31,11,155
403,32,0,0
403,33,0,0
403,34,0,0
403,35,0,0
403,36,0,0
403,37,1,70
403,38,0,72
403,39,0,0
403,40,0,0
403,41,0,0
403,42,0,0
403,43,0,0
403,44,0,0
403,45,0,0
403,46,105,4
403,47,0,0
403,48,59,23
403,49,0,0
403,50,0,0
403,51,0,0
403,52,0,0
403,53,155,0
403,54,0,0
403,55,0,0
403,56,0,0
403,57,0,0
403,58,0,0
403,59,0,0
403,60,0,0
403,61,0,0
403,62,0,11
403,63,0,0
403,64,0,0
403,65,0,0
403,66,8,81
403,67,0,0
403,68,0,0
403,69,0,0
403,70,0,0
403,71,0,0
403,72,0,0
403,73,0,0
403,74,0,0
403,75,0,0
403,76,0,0
403,77,0,0
403,78,0,0
403,79,0,0
403,80,0,0
403,81,0,0
403,82,0,0
403,83,0,0
403,84,2,76
403,85,0,0
403,86,0,0
403,87,0,53
403,88,0,95
403,89,0,60
403,90,0,45
403,91,0,56
403,92,0,116
403,93,0,0
403,94,0,219
403,95,0,0
403,96,0,0
403,97,0,0
403,98,0,228
403,99,0,0
403,100,0,78
403,101,0,71
403,102,0,0
403,103,0,0
403,104,0,0
403,105,0,0
403,106,0,112
403,107,0,0
403,108,0,81
403,109,0,0
403,110,0,0
403,111,0,0
403,112,0,0
403,113,0,0
403,114,0,0
403,115,0,0
403,116,0,0
404,1,0,0
404,2,0,0
404,3,0,0
404,4,0,0
404,5,0,0
404,6,0,0
404,7,0,0
404,8,0,0
404,9,0,0
404,10,0,0
404,11,0,0
404,12,18,0
404,13,0,0
404,14,0,0
404,15,0,0
404,16,0,0
404,17,1,28
404,18,0,0
404,19,0,0
404,20,0,0
404,21,0,0
404,22,0,0
404,23,0,0
404,24,0,0
404,25,0,0
404,26,0,0
404,27,0,0
404,28,0,0
404,29,28,171
404,30,0,0
404,31,0,0
404,32,0,0
404,33,0,0
404,34,0,0
404,35,0,0
404,36,0,0
404,37,0,0
404,38,0,0
404,39,0,0
404,40,0,0
404,41,0,0
404,42,0,0
404,43,0,0
404,44,0,0
404,45,0,0
404,46,0,0
404,47,0,0
404,48,0,0
404,49,0,0
404,50,0,0
404,51,0,0
404,52,0,0
404,53,0,0
404,54,0,0
404,55,0,0
404,56,0,0
404,57,0,0
404,58,0,0
404,59,0,0
404,60,0,0
404,61,0,0
404,62,0,0
404,63,0,0
404,64,0,0
404,65,0,0
404,66,0,0
404,67,0,0
404,68,0,0
404,69,0,0
404,70,0,0
404,71,12,0
404,72,0,0
404,73,0,0
404,74,19,149
404,75,0,0
404,76,35,118
404,77,0,0
404,78,0,0
404,79,0,0
404,80,0,79
404,81,0,36
404,82,0,28
404,83,0,79
404,84,0,119
404,85,0,0
404,86,0,0
404,87,0,0
404,88,0,0
404,89,0,161
404,90,0,97
404,91,0,100
404,92,0,0
404,93,0,0
404,94,0,0
404,95,0,111
404,96,0,63
404,97,0,117
404,98,0,0
404,99,0,0
404,100,0,0
404,101,0,0
404,102,0,0
404,103,0,0
405,1,0,0
405,2,0,0
405,3,0,0
405,4,0,0
405,5,0,0
405,6,0,0
405,7,0,0
405,8,0,0
405,9,2,60
405,10,0,28
405,11,0,0
405,12,1,63
405,13,0,0
405,14,0,0
405,15,0,0
405,16,0,0
405,17,0,0
405,18,1,34
405,19,0,0
405,20,0,37
405,21,0,0
405,22,1,84
405,23,0,0
405,24,0,0
405,25,0,0
405,26,0,0
405,27,0,0
405,28,0,0
405,29,0,0
405,30,0,0
405,31,0,0
405,32,0,0
405,33,0,0
405,34,0,0
405,35,0,0
405,36,61,0
405,37,0,0
405,38,0,0
405,39,0,0
405,40,0,0
405,41,0,0
405,42,0,0
405,43,4,92
405,44,4,54
405,45,0,0
405,46,0,0
405,47,0,0
405,48,0,0
405,49,16,108
405,50,0,0
405,51,0,0
405,52,0,0
405,53,0,0
405,54,312,0
405,55,0,0
405,56,0,0
405,57,0,0
405,58,0,0
405,59,0,0
405,60,0,0
405,61,0,0
405,62,0,0
405,63,0,0
405,64,0,0
405,65,0,0
405,66,0,0
405,67,0,0
405,68,0,0
405,69,0,0
405,70,0,0
405,71,0,0
405,72,0,0
405,73,0,0
405,74,0,0
405,75,358,46
405,76,0,0
405,77,0,0
405,78,0,0
405,79,0,0
405,80,0,0
405,81,0,0
405,82,0,0
405,83,17,61
405,84,0,0
405,85,0,0
405,86,0,0
405,87,0,0
405,88,46,114
405,89,0,0
405,90,0,0
405,91,0,43
405,92,0,0
405,93,0,60
405,94,0,156
405,95,0,0
405,96,0,88
405,97,0,0
405,98,0,124
405,99,0,132
405,100,0,0
405,101,0,0
405,102,0,232
405,103,0,0
405,104,0,0
405,105,0,0
405,106,0,0
405,107,0,0
405,108,0,0
405,109,0,0
405,110,0,0
405,111,0,0
406,1,0,0
406,2,0,0
406,3,0,0
406,4,0,0
406,5,0,0
406,6,0,0
406,7,0,0
406,8,0,0
406,9,0,0
406,10,0,0
406,11,0,16
406,12,1,25
406,13,1,59
406,14,0,0
406,15,0,0
406,16,0,0
406,17,0,0
406,18,0,0
406,19,0,0
406,20,0,0
406,21,0,0
406,22,2,32
406,23,2,116
406,24,34,0
406,25,0,0
406,26,0,0
406,27,0,0
406,28,75,0
406,29,0,0
406,30,0,0
406,31,0,0
406,32,0,0
406,33,0,0
406,34,0,0
406,35,2,122
406,36,0,0
406,37,0,0
406,38,0,0
406,39,0,0
406,40,0,0
406,41,0,0
406,42,0,0
406,43,0,0
406,44,0,0
406,45,0,0
406,46,0,0
406,47,0,0
406,48,243,0
406,49,0,0
406,50,0,0
406,51,3,128
406,52,0,0
406,53,0,0
406,54,0,0
406,55,0,0
406,56,0,0
406,57,0,0
406,58,0,0
406,59,2,35
406,60,0,0
406,61,0,0
406,62,0,0
406,63,0,0
406,64,0,0
406,65,0,0
406,66,0,0
406,67,0,0
406,68,228,12
406,69,0,0
406,70,217,79
406,71,13,120
406,72,0,0
406,73,0,0
406,74,0,0
406,75,0,0
406,76,0,0
406,77,0,0
406,78,0,0
406,79,0,0
406,80,22,59
406,81,0,0
406,82,0,0
406,83,0,0
406,84,0,0
406,85,0,0
406,86,6,223
406,87,0,0
406,88,0,49
406,89,0,60
406,90,0,114
406,91,0,44
406,92,0,44
406,93,0,0
406,94,0,114
406,95,0,0
406,96,0,99
406,97,0,0
406,98,0,0
406,99,0,117
406,100,0,0
406,101,0,0
406,102,0,0
406,103,0,0
406,104,0,115
406,105,0,0
406,106,0,10
406,107,0,0
406,108,0,0
406,109,0,0
406,110,0,0
406,111,0,0
406,112,0,0
407,1,0,0
407,2,0,0
407,3,0,0
407,4,0,0
407,5,0,0
407,6,0,0
407,7,0,0
407,8,0,0
407,9,0,0
407,10,0,0
407,11,0,0
407,12,0,0
407,13,0,0
407,14,0,0
407,15,0,0
407,16,0,0
407,17,0,32
407,18,2,113
407,19,36,0
407,20,0,0
407,21,0,0
407,22,0,0
407,23,0,0
407,24,0,0
407,25,0,0
407,26,0,0
407,27,0,0
407,28,0,0
407,29,124,0
407,30,0,0
407,31,0,0
407,32,0,0
407,33,0,0
407,34,0,0
407,35,0,0
407,36,0,0
407,37,0,0
407,38,0,0
407,39,0,0
407,40,0,0
407,41,6,80
407,42,27,155
407,43,1,133
407,44,1,51
407,45,0,0
407,46,0,0
407,47,0,0
407,48,0,0
407,49,299,0
407,50,0,0
407,51,0,0
407,52,3,130
407,53,0,0
407,54,0,0
407,55,0,0
407,56,0,0
407,57,0,0
407,58,0,0
407,59,0,0
407,60,0,0
407,61,0,0
407,62,0,0
407,63,0,0
407,64,0,0
407,65,0,0
407,66,0,0
407,67,0,0
407,68,0,0
407,69,0,0
407,70,0,0
407,71,0,0
407,72,0,0
407,73,3,148
407,74,0,0
407,75,0,0
407,76,0,0
407,77,0,0
407,78,0,0
407,79,0,0
407,80,5,196
407,81,0,0
407,82,7,0
407,83,0,0
407,84,0,0
407,85,0,0
407,86,0,0
407,87,22,59
407,88,0,0
407,89,0,0
407,90,0,0
407,91,62,104
407,92,0,0
407,93,0,0
407,94,0,52
407,95,0,54
407,96,0,0
407,97,0,43
407,98,0,79
407,99,0,0
407,100,0,41
407,101,0,57
407,102,0,19
407,103,0,0
407,104,0,0
407,105,0,0
407,106,0,178
407,107,0,0
407,108,0,0
407,109,0,144
407,110,0,0
407,111,0,0
407,112,0,40
407,113,0,4
407,114,0,0
407,115,0,0
407,116,0,0
407,117,0,0
407,118,0,0
408,1,0,0
408,2,0,0
408,3,0,0
408,4,0,0
408,5,0,0
408,6,0,0
408,7,0,0
408,8,0,0
408,9,0,0
408,10,0,0
408,11,0,0
408,12,0,0
408,13,0,0
408,14,0,36
408,15,1,102
408,16,0,0
408,17,0,0
408,18,0,0
408,19,0,0
408,20,0,0
408,21,0,0
408,22,0,0
408,23,0,0
408,24,0,0
408,25,17,74
408,26,0,0
408,27,4,102
408,28,0,0
408,29,0,0
408,30,0,0
408,31,0,0
408,32,0,0
408,33,4,115
408,34,0,0
408,35,0,0
408,36,0,0
408,37,0,0
408,38,0,0
408,39,0,0
408,40,0,0
408,41,0,0
408,42,0,0
408,43,0,0
408,44,0,0
408,45,0,0
408,46,0,0
408,47,0,0
408,48,0,0
408,49,0,0
408,50,0,0
408,51,0,0
408,52,0,0
408,53,0,0
408,54,0,0
408,55,0,0
408,56,0,0
408,57,0,0
408,58,0,0
408,59,0,0
408,60,0,0
408,61,0,0
408,62,0,0
408,63,0,0
408,64,0,0
408,65,0,0
408,66,0,0
408,67,0,0
408,68,9,0
408,69,0,0
408,70,0,0
408,71,0,0
408,72,0,0
408,73,0,58
408,74,0,69
408,75,0,0
408,76,0,33
408,77,0,69
408,78,0,57
408,79,0,0
408,80,0,94
408,81,0,25
408,82,0,0
408,83,0,0
408,84,0,0
408,85,0,0
408,86,0,126
408,87,0,208
408,88,0,49
408,89,0,0
408,90,0,153
408,91,0,0
408,92,0,66
408,93,0,90
408,94,0,0
408,95,0,88
408,96,0,0
408,97,0,0
408,98,0,0
408,99,0,0
408,100,0,0
409,1,0,0
409,2,0,0
409,3,0,0
409,4,0,0
409,5,0,0
409,6,0,0
409,7,0,0
409,8,0,0
409,9,0,0
409,10,0,35
409,11,1,98
409,12,0,0
409,13,0,136
409,14,0,0
409,15,0,0
409,16,0,0
409,17,0,0
409,18,0,0
409,19,0,0
409,20,6,106
409,21,1,141
409,22,0,0
409,23,16,0
409,24,0,0
409,25,0,0
409,26,0,0
409,27,82,0
409,28,0,0
409,29,0,0
409,30,4,113
409,31,0,0
409,32,0,0
409,33,0,0
409,34,2,107
409,35,236,0
409,36,0,0
409,37,0,0
409,38,2,62
409,39,0,0
409,40,0,0
409,41,0,0
409,42,0,0
409,43,0,0
409,44,0,0
409,45,0,0
409,46,0,0
409,47,0,0
409,48,0,0
409,49,0,0
409,50,0,0
409,51,0,0
409,52,0,0
409,53,0,0
409,54,0,0
409,55,0,0
409,56,0,0
409,57,0,0
409,58,0,0
409,59,0,0
409,60,0,0
409,61,0,0
409,62,0,0
409,63,0,0
409,64,0,0
409,65,0,0
409,66,0,0
409,67,0,0
409,68,0,0
409,69,138,62
409,70,155,62
409,71,0,0
409,72,0,0
409,73,0,0
409,74,353,76
409,75,0,0
409,76,0,0
409,77,0,0
409,78,0,92
409,79,0,0
409,80,0,32
409,81,0,68
409,82,0,51
409,83,0,45
409,84,0,57
409,85,0,0
409,86,0,116
409,87,0,0
409,88,0,0
409,89,0,27
409,90,0,0
409,91,0,87
409,92,0,33
409,93,0,61
409,94,0,212
409,95,0,0
409,96,0,52
409,97,0,0
409,98,0,0
409,99,0,157
409,100,0,74
409,101,0,92
409,102,0,0
409,103,0,138
409,104,0,0
409,105,0,0
409,106,0,0
409,107,0,0
409,108,0,0
409,109,0,0
410,1,0,0
410,2,0,0
410,3,0,0
410,4,0,0
410,5,0,0
410,6,0,0
410,7,0,0
410,8,0,0
410,9,0,0
410,10,0,0
410,11,0,36
410,12,2,103
410,13,0,0
410,14,0,0
410,15,0,0
410,16,0,0
410,17,0,0
410,18,0,0
410,19,0,0
410,20,1,137
410,21,0,0
410,22,0,0
410,23,0,0
410,24,0,0
410,25,0,0
410,26,31,139
410,27,0,0
410,28,0,0
410,29,0,0
410,30,0,0
410,31,0,0
410,32,0,0
410,33,0,0
410,34,0,0
410,35,0,0
410,36,0,0
410,37,0,0
410,38,0,0
410,39,0,0
410,40,0,0
410,41,0,0
410,42,0,0
410,43,0,0
410,44,0,0
410,45,0,0
410,46,0,0
410,47,0,0
410,48,0,0
410,49,3,24
410,50,0,0
410,51,1,21
410,52,0,1
410,53,0,0
410,54,0,0
410,55,0,0
410,56,0,0
410,57,0,0
410,58,0,0
410,59,0,0
410,60,0,0
410,61,6,133
410,62,0,0
410,63,0,0
410,64,0,0
410,65,0,0
410,66,0,0
410,67,0,0
410,68,0,0
410,69,0,0
410,70,0,0
410,71,0,0
410,72,0,0
410,73,0,105
410,74,0,69
410,75,0,0
410,76,0,0
410,77,0,91
410,78,0,27
410,79,0,63
410,80,0,0
410,81,0,0
410,82,0,0
410,83,0,25
410,84,0,159
410,85,0,81
410,86,0,91
410,87,0,0
410,88,0,188
410,89,0,0
410,90,0,107
410,91,0,0
410,92,0,0
410,93,0,0
410,94,0,0
410,95,0,0
410,96,0,0
410,97,0,0
410,98,0,0
411,1,0,0
411,2,0,0
411,3,0,0
411,4,0,0
411,5,0,0
411,6,0,0
411,7,0,0
411,8,0,0
411,9,0,0
411,10,71,0
411,11,0,0
411,12,0,0
411,13,0,0
411,14,0,0
411,15,0,0
411,16,0,0
411,17,3,101
411,18,0,0
411,19,0,0
411,20,0,0
411,21,0,0
411,22,0,0
411,23,0,0
411,24,0,0
411,25,0,0
411,26,0,0
411,27,0,0
411,28,34,139
411,29,0,0
411,30,1,97
411,31,0,0
411,32,0,0
411,33,0,0
411,34,0,0
411,35,0,0
411,36,0,0
411,37,0,0
411,38,9,62
411,39,0,0
411,40,3,68
411,41,0,0
411,42,0,0
411,43,0,0
411,44,0,0
411,45,0,0
411,46,0,0
411,47,0,0
411,48,0,0
411,49,0,0
411,50,0,0
411,51,0,0
411,52,0,0
411,53,0,0
411,54,0,0
411,55,0,0
411,56,0,0
411,57,0,0
411,58,0,0
411,59,0,0
411,60,0,0
411,61,0,0
411,62,0,0
411,63,0,0
411,64,0,0
411,65,0,0
411,66,0,0
411,67,7,133
411,68,0,0
411,69,0,0
411,70,0,0
411,71,5,0
411,72,0,0
411,73,0,0
411,74,0,0
411,75,12,0
411,76,0,0
411,77,0,0
411,78,0,0
411,79,0,0
411,80,0,0
411,81,0,97
411,82,0,55
411,83,0,0
411,84,0,45
411,85,0,76
411,86,0,30
411,87,0,121
411,88,0,55
411,89,0,102
411,90,0,44
411,91,0,120
411,92,0,178
411,93,0,0
411,94,0,170
411,95,0,0
411,96,0,50
411,97,0,0
411,98,0,0
411,99,0,0
411,100,0,0
412,1,0,0
412,2,0,0
412,3,0,0
412,4,0,0
412,5,0,0
412,6,0,0
412,7,0,0
412,8,0,0
412,9,0,0
412,10,0,0
412,11,0,0
412,12,0,0
412,13,0,0
412,14,0,0
412,15,0,0
412,16,0,0
412,17,0,0
412,18,0,0
412,19,0,0
412,20,0,0
412,21,0,0
412,22,0,0
412,23,0,0
412,24,0,0
412,25,0,0
412,26,0,0
412,27,25,17
412,28,0,0
412,29,0,0
412,30,0,0
412,31,0,0
412,32,0,0
412,33,0,0
412,34,0,0
412,35,0,0
412,36,0,0
412,37,0,0
412,38,0,0
412,39,0,0
412,40,0,0
412,41,0,0
412,42,4,93
412,43,0,0
412,44,0,0
412,45,0,0
412,46,0,0
412,47,0,0
412,48,0,0
412,49,0,0
412,50,0,0
412,51,0,0
412,52,0,0
412,53,17,0
412,54,81,0
412,55,0,0
412,56,0,0
412,57,0,0
412,58,0,0
412,59,0,0
412,60,0,0
412,61,0,0
412,62,0,0
412,63,0,0
412,64,0,0
412,65,0,0
412,66,0,0
412,67,0,0
412,68,0,0
412,69,0,0
412,70,0,0
412,71,0,0
412,72,0,0
412,73,0,0
412,74,0,0
412,75,0,0
412,76,0,0
412,77,0,0
412,78,0,0
412,79,6,151
412,80,0,0
412,81,0,0
412,82,0,0
412,83,0,0
412,84,0,0
412,85,0,0
412,86,0,0
412,87,0,0
412,88,0,0
412,89,0,0
412,90,5,111
412,91,0,0
412,92,0,0
412,93,0,0
412,94,0,0
412,95,0,0
412,96,0,0
412,97,6,125
412,98,0,0
412,99,0,0
412,100,4,0
412,101,0,0
412,102,14,0
412,103,0,0
412,104,0,0
412,105,0,0
412,106,0,0
412,107,0,0
412,108,0,0
412,109,0,0
412,110,0,126
412,111,0,75
412,112,0,0
412,113,0,146
412,114,0,40
412,115,0,78
412,116,0,100
412,117,0,28
412,118,0,135
412,119,0,112
412,120,0,68
412,121,0,0
412,122,0,122
412,123,0,0
412,124,0,0
412,125,0,0
412,126,0,99
412,127,0,12
412,128,0,2
412,129,0,26
412,130,0,0
412,131,0,0
412,132,0,0
412,133,0,0
412,134,0,0
412,135,0,0
412,136,0,0
412,137,0,0
413,1,0,0
413,2,0,0
413,3,0,0
413,4,0,0
413,5,0,0
413,6,0,0
413,7,0,0
413,8,0,0
413,9,0,0
413,10,0,0
413,11,0,0
413,12,0,0
413,13,0,0
413,14,0,0
413,15,0,0
413,16,0,0
413,17,0,0
413,18,0,0
413,19,0,0
413,20,0,0
413,21,0,0
413,22,31,17
413,23,0,0
413,24,0,0
413,25,0,0
413,26,0,0
413,27,0,0
413,28,0,0
413,29,0,0
413,30,0,0
413,31,0,0
413,32,0,0
413,33,0,0
413,34,0,0
413,35,0,0
413,36,6,76
413,37,4,33
413,38,0,0
413,39,0,0
413,40,0,0
413,41,0,0
413,42,0,0
413,43,0,0
413,44,0,0
413,45,0,0
413,46,2,92
413,47,0,0
413,48,0,0
413,49,0,0
413,50,0,0
413,51,1,79
413,52,0,0
413,53,0,0
413,54,0,0
413,55,0,0
413,56,0,0
413,57,12,122
413,58,0,0
413,59,0,0
413,60,0,0
413,61,0,0
413,62,0,0
413,63,0,0
413,64,0,0
413,65,0,0
413,66,0,0
413,67,0,0
413,68,0,0
413,69,0,0
413,70,5,103
413,71,0,0
413,72,1,55
413,73,0,0
413,74,0,0
413,75,1,16
413,76,2,35
413,77,0,0
413,78,2,101
413,79,0,0
413,80,0,0
413,81,0,0
413,82,0,0
413,83,0,0
413,84,0,0
413,85,0,0
413,86,0,0
413,87,0,0
413,88,0,0
413,89,0,0
413,90,0,0
413,91,0,121
413,92,0,0
413,93,0,0
413,94,0,0
413,95,0,0
413,96,0,68
413,97,0,132
413,98,0,62
413,99,0,51
413,100,0,81
413,101,0,30
413,102,0,180
413,103,0,0
413,104,0,162
413,105,0,0
413,106,0,89
413,107,0,0
413,108,0,0
413,109,0,35
413,110,0,0
413,111,0,0
413,112,0,0
413,113,0,0
413,114,0,0
413,115,0,0
413,116,0,0
413,117,0,0
413,118,0,0
413,119,0,0
413,120,0,0
413,121,0,0
413,122,0,0
413,123,0,0
414,1,0,0
414,2,0,0
414,3,0,0
414,4,0,0
414,5,0,0
414,6,0,0
414,7,0,0
414,8,0,0
414,9,0,0
414,10,0,0
414,11,0,0
414,12,0,0
414,13,0,0
414,14,0,0
414,15,0,0
414,16,0,0
414,17,5,74
414,18,5,36
414,19,0,0
414,20,0,0
414,21,0,0
414,22,0,0
414,23,0,0
414,24,0,0
414,25,0,0
414,26,0,0
414,27,12,114
414,28,0,0
414,29,0,0
414,30,0,0
414,31,0,0
414,32,6,77
414,33,0,0
414,34,0,0
414,35,0,0
414,36,0,0
414,37,0,0
414,38,0,0
414,39,0,0
414,40,0,0
414,41,0,0
414,42,0,0
414,43,0,0
414,44,10,157
414,45,0,0
414,46,0,0
414,47,395,10
414,48,0,0
414,49,0,0
414,50,0,0
414,51,0,0
414,52,0,0
414,53,0,0
414,54,0,0
414,55,0,122
414,56,0,0
414,57,0,0
414,58,0,0
414,59,0,0
414,60,0,0
414,61,0,0
414,62,0,0
414,63,0,125
414,64,0,58
414,65,0,98
414,66,0,0
414,67,0,5
414,68,0,46
414,69,0,15
414,70,0,72
414,71,0,22
414,72,0,51
414,73,0,54
414,74,0,155
414,75,0,175
414,76,0,0
414,77,0,0
414,78,0,0
414,79,0,54
414,80,0,3
414,81,0,26
414,82,0,0
414,83,0,0
414,84,0,0
414,85,0,0
414,86,0,0
414,87,0,0
414,88,0,0
414,89,0,0
414,90,0,0
415,1,0,0
415,2,0,0
415,3,0,0
415,4,0,0
415,5,0,0
415,6,0,0
415,7,0,0
415,8,0,0
415,9,0,0
415,10,0,0
415,11,0,0
415,12,0,0
415,13,0,143
415,14,0,0
415,15,0,0
415,16,0,0
415,17,5,75
415,18,3,42
415,19,0,0
415,20,0,0
415,21,0,0
415,22,0,0
415,23,0,0
415,24,0,0
415,25,0,0
415,26,0,0
415,27,0,0
415,28,1,78
415,29,168,0
415,30,0,0
415,31,0,0
415,32,0,0
415,33,1,76
415,34,4,79
415,35,0,0
415,36,12,116
415,37,0,0
415,38,0,0
415,39,1,18
415,40,0,0
415,41,0,0
415,42,0,0
415,43,0,0
415,44,0,0
415,45,0,0
415,46,0,0
415,47,0,0
415,48,0,0
415,49,0,0
415,50,0,0
415,51,0,0
415,52,0,0
415,53,0,0
415,54,0,0
415,55,11,169
415,56,221,10
415,57,215,3
415,58,0,0
415,59,0,0
415,60,83,0
415,61,6,65
415,62,0,0
415,63,0,0
415,64,0,0
415,65,0,0
415,66,0,0
415,67,0,0
415,68,0,219
415,69,0,0
415,70,0,0
415,71,0,0
415,72,0,0
415,73,0,0
415,74,0,132
415,75,0,53
415,76,0,0
415,77,0,3
415,78,0,153
415,79,0,35
415,80,0,15
415,81,0,42
415,82,0,9
415,83,0,34
415,84,0,80
415,85,0,154
415,86,0,0
415,87,0,0
415,88,0,0
415,89,0,28
415,90,0,68
415,91,0,0
415,92,0,2
415,93,0,0
415,94,0,0
415,95,0,0
415,96,0,0
415,97,0,0
415,98,0,0
415,99,0,0
415,100,0,0
415,101,0,0
415,102,0,0
415,103,0,0
415,104,0,0
415,105,0,0
416,1,0,0
416,2,0,0
416,3,0,0
416,4,0,0
416,5,0,0
416,6,0,0
416,7,0,0
416,8,0,0
416,9,2,35
416,10,0,0
416,11,0,0
416,12,0,0
416,13,0,117
416,14,0,0
416,15,0,0
416,16,4,62
416,17,0,0
416,18,1,68
416,19,1,30
416,20,0,0
416,21,2,48
416,22,0,0
416,23,0,0
416,24,0,0
416,25,0,0
416,26,0,0
416,27,0,0
416,28,79,0
416,29,0,0
416,30,0,0
416,31,0,0
416,32,0,0
416,33,0,0
416,34,16,98
416,35,14,115
416,36,0,0
416,37,0,0
416,38,0,0
416,39,0,0
416,40,0,0
416,41,0,0
416,42,0,0
416,43,0,0
416,44,0,0
416,45,0,0
416,46,0,0
416,47,211,8
416,48,198,8
416,49,0,0
416,50,95,0
416,51,0,0
416,52,5,65
416,53,0,0
416,54,0,0
416,55,0,0
416,56,0,0
416,57,0,0
416,58,0,0
416,59,0,0
416,60,0,0
416,61,0,0
416,62,0,136
416,63,0,44
416,64,0,0
416,65,0,0
416,66,0,3
416,67,0,162
416,68,0,108
416,69,0,50
416,70,0,58
416,71,0,39
416,72,0,0
416,73,0,0
416,74,0,190
416,75,0,0
416,76,0,0
416,77,0,0
416,78,0,69
416,79,0,30
416,80,0,0
416,81,0,0
416,82,0,0
416,83,0,0
416,84,0,0
416,85,0,0
416,86,0,0
416,87,0,0
416,88,0,0
417,1,0,0
417,2,0,0
417,3,0,0
417,4,0,0
417,5,0,0
417,6,0,0
417,7,0,0
417,8,0,0
417,9,0,92
417,10,12,122
417,11,0,0
417,12,3,118
417,13,0,0
417,14,0,0
417,15,0,0
417,16,0,0
417,17,2,80
417,18,2,60
417,19,0,0
417,20,0,0
417,21,0,0
417,22,0,0
417,23,0,0
417,24,0,0
417,25,0,0
417,26,0,0
417,27,0,0
417,28,0,0
417,29,3,77
417,30,0,0
417,31,0,0
417,32,0,0
417,33,0,0
417,34,0,0
417,35,0,0
417,36,0,0
417,37,0,0
417,38,0,0
417,39,0,0
417,40,369,12
417,41,0,0
417,42,0,0
417,43,0,0
417,44,98,0
417,45,0,0
417,46,0,0
417,47,0,0
417,48,0,0
417,49,0,0
417,50,0,0
417,51,0,0
417,52,0,0
417,53,0,0
417,54,0,0
417,55,0,142
417,56,0,50
417,57,0,0
417,58,0,0
417,59,0,0
417,60,0,0
417,61,0,148
417,62,0,90
417,63,0,32
417,64,0,20
417,65,0,53
417,66,0,40
417,67,0,0
417,68,0,65
417,69,0,0
417,70,0,130
417,71,0,0
417,72,0,0
417,73,0,0
417,74,0,0
417,75,0,152
417,76,0,0
417,77,0,98
417,78,0,0
417,79,0,0
417,80,0,0
417,81,0,0
417,82,0,0
417,83,0,0
417,84,0,0
417,85,0,0
417,86,0,0
417,87,0,0
417,88,0,0
418,1,0,0
418,2,0,0
418,3,0,0
418,4,0,0
418,5,0,0
418,6,0,0
418,7,0,0
418,8,0,0
418,9,0,97
418,10,10,119
418,11,0,0
418,12,0,0
418,13,0,0
418,14,3,115
418,15,0,0
418,16,0,0
418,17,0,0
418,18,0,0
418,19,0,0
418,20,0,0
418,21,16,33
418,22,0,0
418,23,0,0
418,24,2,78
418,25,0,0
418,26,0,0
418,27,0,0
418,28,0,0
418,29,0,0
418,30,0,0
418,31,0,0
418,32,3,41
418,33,0,0
418,34,0,0
418,35,0,0
418,36,0,0
418,37,0,0
418,38,0,0
418,39,0,0
418,40,0,0
418,41,0,0
418,42,111,0
418,43,15,85
418,44,0,0
418,45,0,0
418,46,0,0
418,47,114,58
418,48,0,0
418,49,267,124
418,50,0,0
418,51,0,0
418,52,0,0
418,53,0,0
418,54,0,0
418,55,0,0
418,56,0,0
418,57,0,0
418,58,0,0
418,59,0,59
418,60,0,0
418,61,0,210
418,62,0,0
418,63,0,150
418,64,0,2
418,65,0,55
418,66,0,0
418,67,0,0
418,68,0,157
418,69,0,0
418,70,0,0
418,71,0,0
418,72,0,149
418,73,0,123
418,74,0,0
418,75,0,82
418,76,0,19
418,77,0,0
418,78,0,0
418,79,0,0
418,80,0,0
418,81,0,0
418,82,0,0
418,83,0,0
418,84,0,0
418,85,0,0
418,86,0,0
418,87,0,0
418,88,0,0
418,89,0,0
418,90,0,0
419,1,2,15
419,2,0,0
419,3,0,0
419,4,0,0
419,5,0,0
419,6,0,0
419,7,0,0
419,8,4,104
419,9,0,90
419,10,0,0
419,11,0,0
419,12,0,0
419,13,0,0
419,14,0,0
419,15,0,0
419,16,0,0
419,17,0,0
419,18,0,0
419,19,0,0
419,20,0,0
419,21,0,0
419,22,0,0
419,23,0,0
419,24,0,0
419,25,0,0
419,26,0,0
419,27,0,0
419,28,0,0
419,29,0,0
419,30,0,0
419,31,5,69
419,32,0,0
419,33,0,0
419,34,0,0
419,35,0,0
419,36,0,0
419,37,0,0
419,38,3,120
419,39,0,0
419,40,0,0
419,41,0,0
419,42,0,0
419,43,118,0
419,44,4,58
419,45,168,54
419,46,182,53
419,47,11,107
419,48,136,135
419,49,0,0
419,50,0,0
419,51,0,0
419,52,0,0
419,53,0,0
419,54,0,0
419,55,0,219
419,56,0,0
419,57,0,0
419,58,0,0
419,59,0,88
419,60,0,0
419,61,0,0
419,62,0,0
419,63,0,69
419,64,0,0
419,65,0,232
419,66,0,0
419,67,0,103
419,68,0,30
419,69,0,105
419,70,0,0
419,71,0,50
419,72,0,0
419,73,0,0
419,74,0,0
419,75,0,116
419,76,0,0
419,77,0,146
419,78,0,0
419,79,0,0
419,80,0,0
419,81,0,0
419,82,0,0
419,83,0,0
419,84,0,0
419,85,0,0
419,86,0,0
420,1,0,0
420,2,0,0
420,3,0,0
420,4,0,0
420,5,6,105
420,6,0,0
420,7,0,0
420,8,0,0
420,9,44,0
420,10,0,0
420,11,0,0
420,12,0,0
420,13,0,0
420,14,0,0
420,15,0,0
420,16,0,0
420,17,0,0
420,18,0,0
420,19,0,0
420,20,21,10
420,21,13,95
420,22,22,1
420,23,0,0
420,24,0,0
420,25,0,0
420,26,0,0
420,27,0,0
420,28,0,0
420,29,0,0
420,30,0,0
420,31,0,0
420,32,0,0
420,33,0,0
420,34,0,0
420,35,19,65
420,36,0,0
420,37,3,58
420,38,0,0
420,39,5,68
420,40,0,0
420,41,0,0
420,42,0,0
420,43,0,0
420,44,0,0
420,45,119,0
420,46,0,0
420,47,1,96
420,48,1,58
420,49,0,0
420,50,162,54
420,51,197,60
420,52,104,102
420,53,141,72
420,54,1,20
420,55,0,0
420,56,0,0
420,57,0,0
420,58,0,0
420,59,0,0
420,60,0,0
420,61,0,0
420,62,0,0
420,63,0,0
420,64,0,0
420,65,0,96
420,66,0,0
420,67,0,0
420,68,0,62
420,69,0,0
420,70,0,210
420,71,0,0
420,72,0,141
420,73,0,0
420,74,0,25
420,75,0,88
420,76,0,116
420,77,0,0
420,78,0,0
420,79,0,0
420,80,0,0
420,81,0,0
420,82,0,0
420,83,0,0
420,84,0,0
420,85,0,0
420,86,0,0
421,1,0,0
421,2,0,0
421,3,0,0
421,4,0,0
421,5,0,0
421,6,6,107
421,7,0,0
421,8,0,0
421,9,0,0
421,10,0,0
421,11,14,104
421,12,37,1
421,13,0,0
421,14,0,0
421,15,0,0
421,16,0,0
421,17,27,93
421,18,0,0
421,19,0,0
421,20,0,0
421,21,0,0
421,22,0,0
421,23,0,0
421,24,0,0
421,25,0,0
421,26,0,0
421,27,0,0
421,28,0,0
421,29,0,0
421,30,0,0
421,31,0,0
421,32,13,143
421,33,0,0
421,34,0,0
421,35,0,0
421,36,1,59
421,37,0,0
421,38,0,0
421,39,0,0
421,40,0,0
421,41,0,0
421,42,0,0
421,43,0,0
421,44,0,0
421,45,0,0
421,46,0,0
421,47,0,0
421,48,0,0
421,49,0,0
421,50,0,86
421,51,0,0
421,52,0,8
421,53,0,62
421,54,0,1
421,55,0,0
421,56,0,0
421,57,0,45
421,58,0,207
421,59,0,0
421,60,0,155
421,61,0,0
421,62,0,23
421,63,0,102
421,64,0,0
421,65,0,0
421,66,0,0
421,67,0,0
421,68,0,0
421,69,0,0
421,70,0,0
421,71,0,0
421,72,0,0
421,73,0,0
421,74,0,0
422,1,0,0
422,2,0,0
422,3,0,0
422,4,0,0
422,5,0,0
422,6,0,0
422,7,0,0
422,8,0,0
422,9,0,0
422,10,0,0
422,11,6,109
422,12,0,0
422,13,0,0
422,14,0,0
422,15,30,120
422,16,0,0
422,17,0,0
422,18,1,150
422,19,25,91
422,20,0,0
422,21,0,0
422,22,0,0
422,23,0,0
422,24,0,0
422,25,0,0
422,26,0,0
422,27,0,0
422,28,0,0
422,29,0,0
422,30,0,0
422,31,0,0
422,32,0,0
422,33,0,0
422,34,0,0
422,35,0,0
422,36,0,0
422,37,61,169
422,38,0,0
422,39,0,0
422,40,0,0
422,41,0,0
422,42,0,0
422,43,0,0
422,44,0,0
422,45,0,0
422,46,0,0
422,47,0,0
422,48,0,69
422,49,0,206
422,50,0,68
422,51,0,141
422,52,0,0
422,53,0,18
422,54,0,76
422,55,0,137
422,56,0,0
422,57,0,8
422,58,0,0
422,59,0,0
422,60,0,0
422,61,0,0
422,62,0,0
422,63,0,0
422,64,0,0
422,65,0,0
422,66,0,0
422,67,0,0
422,68,0,0
422,69,0,0
423,1,0,0
423,2,0,0
423,3,0,0
423,4,0,0
423,5,0,0
423,6,0,0
423,7,0,0
423,8,0,0
423,9,0,0
423,10,0,0
423,11,0,0
423,12,58,0
423,13,0,0
423,14,0,0
423,15,0,0
423,16,28,97
423,17,41,37
423,18,0,0
423,19,0,0
423,20,8,69
423,21,0,0
423,22,12,53
423,23,0,0
423,24,211,1
423,25,0,0
423,26,0,0
423,27,0,0
423,28,0,0
423,29,0,0
423,30,0,0
423,31,3,102
423,32,0,0
423,33,0,0
423,34,0,0
423,35,0,0
423,36,0,0
423,37,0,0
423,38,0,0
423,39,0,0
423,40,0,0
423,41,0,0
423,42,0,0
423,43,0,47
423,44,0,38
423,45,0,25
423,46,0,63
423,47,0,201
423,48,0,118
423,49,0,27
423,50,0,124
423,51,0,98
423,52,0,23
423,53,0,0
423,54,0,0
423,55,0,0
423,56,0,0
423,57,0,0
423,58,0,0
423,59,0,0
423,60,0,0
423,61,0,0
423,62,0,0
423,63,0,0
423,64,0,0
423,65,0,0
423,66,0,0
423,67,0,0
423,68,0,0
423,69,0,0
424,1,0,0
424,2,0,0
424,3,0,0
424,4,0,0
424,5,0,0
424,6,0,0
424,7,0,0
424,8,0,0
424,9,0,0
424,10,0,0
424,11,0,0
424,12,0,0
424,13,0,0
424,14,0,0
424,15,0,0
424,16,0,0
424,17,0,0
424,18,0,0
424,19,0,0
424,20,0,0
424,21,0,0
424,22,2,109
424,23,0,0
424,24,0,0
424,25,10,76
424,26,3,143
424,27,13,55
424,28,0,0
424,29,0,0
424,30,0,0
424,31,0,0
424,32,2,121
424,33,0,0
424,34,0,0
424,35,339,50
424,36,0,0
424,37,0,0
424,38,1,112
424,39,0,0
424,40,0,0
424,41,0,0
424,42,0,0
424,43,0,0
424,44,0,0
424,45,0,0
424,46,0,0
424,47,0,0
424,48,0,0
424,49,0,0
424,50,0,0
424,51,0,0
424,52,0,65
424,53,0,28
424,54,0,92
424,55,0,25
424,56,0,72
424,57,0,56
424,58,0,0
424,59,0,93
424,60,0,56
424,61,0,0
424,62,0,0
424,63,0,0
424,64,0,0
424,65,0,0
424,66,0,0
424,67,0,0
424,68,0,0
424,69,0,0
424,70,0,0
424,71,0,0
424,72,0,0
424,73,0,0
424,74,0,0
424,75,0,0
424,76,0,0
424,77,0,0
424,78,0,0
424,79,0,0
424,80,0,0
424,81,0,0
425,1,0,0
425,2,0,0
425,3,0,0
425,4,0,0
425,5,0,0
425,6,0,0
425,7,0,0
425,8,0,0
425,9,0,0
425,10,0,0
425,11,2,85
425,12,0,0
425,13,0,0
425,14,13,0
425,15,0,0
425,16,0,0
425,17,0,0
425,18,0,0
425,19,0,0
425,20,0,0
425,21,0,0
425,22,0,0
425,23,6,66
425,24,0,0
425,25,0,0
425,26,1,101
425,27,0,0
425,28,0,0
425,29,135,38
425,30,0,0
425,31,0,0
425,32,0,0
425,33,0,0
425,34,0,0
425,35,0,0
425,36,0,0
425,37,1,105
425,38,0,0
425,39,0,0
425,40,0,0
425,41,0,0
425,42,0,0
425,43,0,0
425,44,0,0
425,45,0,0
425,46,0,0
425,47,0,0
425,48,0,0
425,49,0,0
425,50,0,0
425,51,0,136
425,52,0,0
425,53,0,0
425,54,0,0
425,55,0,0
425,56,0,120
425,57,0,72
425,58,0,54
425,59,0,59
425,60,0,96
425,61,0,0
425,62,0,15
425,63,0,0
425,64,0,0
425,65,0,0
425,66,0,0
425,67,0,0
425,68,0,0
425,69,0,0
425,70,0,0
425,71,0,0
425,72,0,0
425,73,0,0
425,74,0,0
426,1,0,0
426,2,0,11
426,3,0,0
426,4,0,0
426,5,0,0
426,6,0,0
426,7,34,0
426,8,17,0
426,9,3,82
426,10,2,83
426,11,0,0
426,12,36,0
426,13,2,95
426,14,2,91
426,15,1,0
426,16,11,0
426,17,20,151
426,18,2,86
426,19,0,0
426,20,0,0
426,21,0,0
426,22,0,0
426,23,3,59
426,24,4,42
426,25,0,0
426,26,2,47
426,27,0,0
426,28,0,0
426,29,0,0
426,30,0,0
426,31,0,0
426,32,0,0
426,33,0,0
426,34,0,0
426,35,0,0
426,36,126,42
426,37,0,0
426,38,0,0
426,39,59,111
426,40,0,0
426,41,1,170
426,42,0,12
426,43,0,0
426,44,0,0
426,45,0,0
426,46,0,0
426,47,0,0
426,48,0,0
426,49,0,0
426,50,104,23
426,51,0,0
426,52,0,0
426,53,287,101
426,54,0,0
426,55,0,0
426,56,0,0
426,57,0,0
426,58,0,0
426,59,0,0
426,60,0,0
426,61,0,0
426,62,0,54
426,63,0,96
426,64,0,0
426,65,0,49
426,66,0,55
426,67,0,32
426,68,0,13
426,69,0,0
426,70,0,0
426,71,0,21
426,72,0,0
426,73,0,0
426,74,0,0
426,75,0,0
426,76,0,0
426,77,0,0
426,78,0,0
426,79,0,0
426,80,0,0
426,81,0,0
426,82,0,0
426,83,0,0
426,84,0,0
426,85,0,0
427,1,0,14
427,2,0,0
427,3,0,0
427,4,0,0
427,5,0,0
427,6,50,0
427,7,7,165
427,8,1,54
427,9,0,0
427,10,2,57
427,11,2,170
427,12,0,0
427,13,0,0
427,14,0,0
427,15,0,0
427,16,0,0
427,17,0,0
427,18,0,0
427,19,0,0
427,20,0,0
427,21,119,46
427,22,0,0
427,23,0,0
427,24,59,126
427,25,0,0
427,26,13,163
427,27,1,149
427,28,211,32
427,29,194,48
427,30,0,8
427,31,0,0
427,32,14,79
427,33,198,0
427,34,0,0
427,35,5,131
427,36,0,0
427,37,0,0
427,38,0,0
427,39,0,0
427,40,0,0
427,41,0,0
427,42,0,0
427,43,0,0
427,44,0,0
427,45,0,0
427,46,0,0
427,47,0,192
427,48,0,109
427,49,0,24
427,50,0,126
427,51,0,0
427,52,0,111
427,53,0,0
427,54,0,0
427,55,0,0
427,56,0,0
427,57,0,0
427,58,0,0
427,59,0,0
427,60,0,0
427,61,0,0
427,62,0,0
427,63,0,0
427,64,0,0
428,1,0,0
428,2,3,122
428,3,1,96
428,4,0,0
428,5,32,0
428,6,0,0
428,7,0,0
428,8,0,0
428,9,3,107
428,10,0,0
428,11,0,0
428,12,0,0
428,13,1,121
428,14,0,0
428,15,0,0
428,16,0,0
428,17,3,77
428,18,0,0
428,19,0,0
428,20,0,0
428,21,0,0
428,22,0,0
428,23,0,0
428,24,0,0
428,25,0,0
428,26,0,0
428,27,0,0
428,28,0,0
428,29,17,79
428,30,3,122
428,31,0,0
428,32,0,0
428,33,0,0
428,34,0,0
428,35,0,0
428,36,0,0
428,37,0,0
428,38,0,0
428,39,0,54
428,40,0,81
428,41,0,57
428,42,0,121
428,43,0,71
428,44,0,100
428,45,0,150
428,46,0,0
428,47,0,97
428,48,0,0
428,49,0,0
428,50,0,0
428,51,0,0
428,52,0,0
428,53,0,0
428,54,0,0
428,55,0,0
428,56,0,0
428,57,0,0
429,1,0,0
429,2,2,32
429,3,10,0
429,4,36,0
429,5,0,0
429,6,3,106
429,7,37,31
429,8,0,0
429,9,0,0
429,10,0,0
429,11,1,115
429,12,3,79
429,13,0,0
429,14,6,45
429,15,0,0
429,16,20,48
429,17,0,0
429,18,21,69
429,19,0,0
429,20,2,83
429,21,0,0
429,22,0,0
429,23,0,0
429,24,0,0
429,25,0,0
429,26,0,0
429,27,0,0
429,28,0,0
429,29,0,0
429,30,110,0
429,31,87,0
429,32,0,0
429,33,0,0
429,34,0,0
429,35,0,0
429,36,0,0
429,37,0,0
429,38,0,130
429,39,0,114
429,40,0,67
429,41,0,129
429,42,0,120
429,43,0,0
429,44,0,102
429,45,0,0
429,46,0,0
429,47,0,0
429,48,0,0
429,49,0,0
429,50,0,0
429,51,0,0
429,52,0,0
429,53,0,0
429,54,0,0
429,55,0,0
429,56,0,0
429,57,0,0
429,58,0,0
429,59,0,0
430,1,0,0
430,2,2,28
430,3,0,0
430,4,5,130
430,5,19,11
430,6,6,125
430,7,69,0
430,8,0,0
430,9,2,65
430,10,23,81
430,11,0,0
430,12,45,118
430,13,0,0
430,14,0,0
430,15,0,0
430,16,3,67
430,17,16,45
430,18,23,45
430,19,15,70
430,20,0,0
430,21,0,0
430,22,0,0
430,23,0,0
430,24,0,0
430,25,0,0
430,26,0,0
430,27,6,61
430,28,8,129
430,29,4,50
430,30,24,47
430,31,44,42
430,32,146,54
430,33,187,18
430,34,113,0
430,35,78,0
430,36,0,0
430,37,0,0
430,38,0,0
430,39,0,0
430,40,214,83
430,41,69,31
430,42,64,30
430,43,147,59
430,44,0,0
430,45,10,212
430,46,0,0
430,47,0,0
430,48,0,107
430,49,0,74
430,50,0,0
430,51,0,0
430,52,0,170
430,53,0,121
430,54,0,70
430,55,0,27
430,56,0,82
430,57,0,81
430,58,0,0
430,59,0,0
430,60,0,19
430,61,0,16
430,62,0,0
430,63,0,0
430,64,0,0
430,65,0,0
430,66,0,0
430,67,0,0
430,68,0,0
430,69,0,0
430,70,0,0
430,71,0,0
430,72,0,0
430,73,0,0
430,74,0,0
430,75,0,0
430,76,0,0
431,1,0,0
431,2,2,26
431,3,7,0
431,4,0,76
431,5,0,0
431,6,37,0
431,7,9,0
431,8,6,146
431,9,0,0
431,10,31,0
431,11,1,106
431,12,38,0
431,13,0,0
431,14,0,0
431,15,0,0
431,16,0,0
431,17,42,115
431,18,0,0
431,19,0,0
431,20,0,0
431,21,3,64
431,22,41,115
431,23,0,0
431,24,69,14
431,25,4,91
431,26,244,0
431,27,0,0
431,28,0,0
431,29,0,0
431,30,0,0
431,31,0,0
431,32,5,85
431,33,0,0
431,34,0,0
431,35,0,0
431,36,0,0
431,37,56,104
431,38,0,0
431,39,0,0
431,40,0,0
431,41,0,0
431,42,0,0
431,43,0,0
431,44,0,0
431,45,0,0
431,46,2,33
431,47,4,36
431,48,0,0
431,49,20,45
431,50,39,46
431,51,2,59
431,52,102,0
431,53,69,0
431,54,1,10
431,55,1,0
431,56,0,0
431,57,0,0
431,58,3,0
431,59,139,136
431,60,0,0
431,61,8,201
431,62,0,0
431,63,0,0
431,64,0,0
431,65,0,26
431,66,0,63
431,67,0,44
431,68,0,38
431,69,0,15
431,70,0,14
431,71,0,69
431,72,0,151
431,73,0,95
431,74,0,0
431,75,0,0
431,76,0,13
431,77,0,0
431,78,0,0
431,79,0,0
431,80,0,0
431,81,0,0
431,82,0,0
431,83,0,0
431,84,0,0
431,85,0,0
431,86,0,0
431,87,0,0
431,88,0,0
431,89,0,0
431,90,0,0
431,91,0,0
432,1,0,0
432,2,0,0
432,3,5,11
432,4,0,42
432,5,22,0
432,6,6,90
432,7,0,68
432,8,0,0
432,9,8,38
432,10,0,0
432,11,0,0
432,12,0,0
432,13,1,106
432,14,0,0
432,15,0,0
432,16,0,0
432,17,39,57
432,18,10,127
432,19,20,46
432,20,0,0
432,21,0,0
432,22,0,0
432,23,46,111
432,24,0,144
432,25,0,0
432,26,0,0
432,27,0,0
432,28,0,0
432,29,0,0
432,30,2,85
432,31,280,0
432,32,0,0
432,33,0,0
432,34,0,0
432,35,0,0
432,36,9,136
432,37,59,74
432,38,0,70
432,39,158,0
432,40,2,11
432,41,3,0
432,42,0,0
432,43,14,146
432,44,0,0
432,45,0,0
432,46,9,196
432,47,0,0
432,48,0,31
432,49,0,245
432,50,0,0
432,51,0,0
432,52,0,0
432,53,0,0
432,54,0,57
432,55,0,62
432,56,0,37
432,57,0,51
432,58,0,92
432,59,0,110
432,60,0,0
432,61,0,145
432,62,0,36
432,63,0,65
432,64,0,0
432,65,0,0
432,66,0,0
432,67,0,0
432,68,0,0
432,69,0,0
432,70,0,0
432,71,0,0
432,72,0,0
433,1,0,0
433,2,0,0
433,3,0,0
433,4,0,28
433,5,5,82
433,6,0,40
433,7,0,0
433,8,0,45
433,9,0,0
433,10,19,0
433,11,4,67
433,12,0,0
433,13,0,0
433,14,2,116
433,15,19,78
433,16,0,0
433,17,19,64
433,18,0,0
433,19,29,12
433,20,15,125
433,21,0,0
433,22,0,0
433,23,9,48
433,24,3,57
433,25,0,0
433,26,0,64
433,27,0,0
433,28,45,76
433,29,0,129
433,30,0,0
433,31,0,0
433,32,0,0
433,33,3,55
433,34,0,0
433,35,0,0
433,36,0,0
433,37,0,0
433,38,0,0
433,39,0,0
433,40,0,0
433,41,0,0
433,42,0,0
433,43,0,0
433,44,1,68
433,45,161,0
433,46,3,11
433,47,0,0
433,48,0,0
433,49,0,0
433,50,0,0
433,51,0,0
433,52,0,0
433,53,0,0
433,54,7,181
433,55,0,0
433,56,0,250
433,57,0,0
433,58,0,0
433,59,0,0
433,60,0,77
433,61,0,45
433,62,0,61
433,63,0,44
433,64,0,197
433,65,0,116
433,66,0,0
433,67,0,37
433,68,0,54
433,69,0,0
433,70,0,0
433,71,0,0
433,72,0,0
433,73,0,0
433,74,0,0
434,1,0,0
434,2,0,0
434,3,5,0
434,4,0,27
434,5,0,0
434,6,1,66
434,7,0,0
434,8,0,79
434,9,12,0
434,10,5,66
434,11,6,33
434,12,0,0
434,13,36,0
434,14,4,140
434,15,2,121
434,16,0,0
434,17,9,57
434,18,0,0
434,19,13,68
434,20,21,1
434,21,24,18
434,22,2,75
434,23,0,0
434,24,10,42
434,25,5,23
434,26,2,83
434,27,0,0
434,28,42,78
434,29,0,155
434,30,19,70
434,31,11,70
434,32,0,0
434,33,1,145
434,34,0,0
434,35,1,42
434,36,1,45
434,37,0,0
434,38,4,57
434,39,79,78
434,40,0,0
434,41,6,131
434,42,0,0
434,43,0,0
434,44,0,0
434,45,0,0
434,46,0,0
434,47,0,0
434,48,0,0
434,49,0,0
434,50,0,0
434,51,190,99
434,52,10,0
434,53,0,0
434,54,0,0
434,55,0,0
434,56,0,0
434,57,3,9
434,58,0,0
434,59,0,0
434,60,0,0
434,61,0,0
434,62,0,0
434,63,0,0
434,64,0,0
434,65,0,237
434,66,0,0
434,67,0,0
434,68,0,0
434,69,0,0
434,70,0,98
434,71,0,64
434,72,0,126
434,73,0,0
434,74,0,39
434,75,0,51
434,76,0,0
434,77,0,0
434,78,0,0
434,79,0,0
435,1,0,0
435,2,0,0
435,3,0,21
435,4,0,0
435,5,0,55
435,6,0,59
435,7,2,26
435,8,22,30
435,9,0,0
435,10,0,0
435,11,1,92
435,12,27,0
435,13,2,161
435,14,1,96
435,15,36,95
435,16,0,0
435,17,0,0
435,18,0,0
435,19,0,0
435,20,41,95
435,21,1,82
435,22,0,88
435,23,0,98
435,24,0,0
435,25,0,0
435,26,30,119
435,27,0,0
435,28,0,0
435,29,3,71
435,30,0,0
435,31,83,58
435,32,9,119
435,33,0,0
435,34,0,0
435,35,0,0
435,36,0,0
435,37,0,0
435,38,0,0
435,39,0,0
435,40,188,94
435,41,0,0
435,42,310,12
435,43,0,0
435,44,0,0
435,45,0,0
435,46,0,0
435,47,23,117
435,48,0,0
435,49,4,59
435,50,0,0
435,51,9,86
435,52,2,0
435,53,0,0
435,54,0,0
435,55,46,69
435,56,0,0
435,57,2,18
435,58,0,0
435,59,0,0
435,60,0,0
435,61,0,214
435,62,0,91
435,63,0,0
435,64,0,0
435,65,0,0
435,66,0,85
435,67,0,53
435,68,0,49
435,69,0,120
435,70,0,38
435,71,0,45
435,72,0,0
435,73,0,0
436,1,0,0
436,2,0,0
436,3,3,41
436,4,2,118
436,5,3,110
436,6,0,0
436,7,2,105
436,8,1,167
436,9,0,0
436,10,0,0
436,11,15,0
436,12,89,0
436,13,45,86
436,14,0,0
436,15,0,0
436,16,2,52
436,17,0,163
436,18,2,43
436,19,7,62
436,20,1,58
436,21,0,0
436,22,0,0
436,23,0,170
436,24,0,0
436,25,0,0
436,26,0,0
436,27,0,0
436,28,0,0
436,29,0,0
436,30,0,0
436,31,73,5
436,32,41,54
436,33,0,0
436,34,0,0
436,35,1,69
436,36,0,64
436,37,0,0
436,38,0,0
436,39,0,0
436,40,0,0
436,41,0,0
436,42,222,20
436,43,158,2
436,44,0,0
436,45,0,0
436,46,0,0
436,47,0,0
436,48,13,30
436,49,47,43
436,50,0,0
436,51,0,0
436,52,0,0
436,53,0,0
436,54,0,0
436,55,0,0
436,56,0,0
436,57,0,0
436,58,22,167
436,59,0,0
436,60,0,0
436,61,1,122
436,62,0,0
436,63,0,86
436,64,0,0
436,65,0,0
436,66,0,182
436,67,0,0
436,68,0,100
436,69,0,0
436,70,0,73
436,71,0,0
436,72,0,0
436,73,0,206
436,74,0,0
436,75,0,0
436,76,0,83
436,77,0,27
436,78,0,67
436,79,0,46
436,80,0,65
436,81,0,108
436,82,0,40
436,83,0,47
436,84,0,117
436,85,0,0
437,1,0,0
437,2,0,0
437,3,0,0
437,4,0,0
437,5,0,0
437,6,0,0
437,7,0,0
437,8,0,0
437,9,0,163
437,10,46,66
437,11,0,0
437,12,0,0
437,13,28,108
437,14,3,85
437,15,0,0
437,16,0,0
437,17,0,0
437,18,0,0
437,19,0,0
437,20,0,0
437,21,0,0
437,22,0,0
437,23,85,55
437,24,2,18
437,25,0,0
437,26,0,0
437,27,0,0
437,28,0,0
437,29,0,0
437,30,0,0
437,31,0,0
437,32,0,0
437,33,0,0
437,34,0,0
437,35,0,0
437,36,0,0
437,37,0,0
437,38,0,0
437,39,116,120
437,40,0,0
437,41,0,0
437,42,0,0
437,43,1,120
437,44,0,0
437,45,0,0
437,46,0,115
437,47,0,0
437,48,0,0
437,49,0,79
437,50,0,0
437,51,0,58
437,52,0,0
437,53,0,175
437,54,0,0
437,55,0,0
437,56,0,96
437,57,0,23
437,58,0,74
437,59,0,82
437,60,0,191
437,61,0,102
437,62,0,75
437,63,0,84
437,64,0,0
437,65,0,0
437,66,0,0
437,67,0,0
437,68,0,0
437,69,0,0
438,1,0,0
438,2,0,0
438,3,0,0
438,4,0,0
438,5,0,0
438,6,2,171
438,7,0,0
438,8,53,75
438,9,0,0
438,10,0,116
438,11,28,92
438,12,0,62
438,13,1,34
438,14,0,0
438,15,0,0
438,16,0,0
438,17,0,0
438,18,0,0
438,19,0,51
438,20,0,0
438,21,0,0
438,22,46,64
438,23,61,50
438,24,0,0
438,25,0,0
438,26,54,83
438,27,0,0
438,28,0,0
438,29,0,0
438,30,0,0
438,31,0,0
438,32,158,0
438,33,140,0
438,34,0,0
438,35,0,0
438,36,0,0
438,37,0,0
438,38,0,0
438,39,0,0
438,40,0,0
438,41,6,130
438,42,0,0
438,43,0,0
438,44,0,0
438,45,0,150
438,46,0,0
438,47,0,0
438,48,0,78
438,49,0,127
438,50,0,0
438,51,0,0
438,52,0,0
438,53,0,0
438,54,0,0
438,55,0,49
438,56,0,74
438,57,0,111
438,58,0,84
438,59,0,185
438,60,0,63
438,61,0,67
438,62,0,41
438,63,0,0
438,64,0,0
438,65,0,0
438,66,0,0
438,67,0,0
438,68,0,0
438,69,0,0
438,70,0,0
438,71,0,0
439,1,0,0
439,2,0,0
439,3,6,147
439,4,0,0
439,5,0,0
439,6,0,0
439,7,49,76
439,8,0,115
439,9,0,0
439,10,0,0
439,11,0,0
439,12,0,0
439,13,0,0
439,14,0,0
439,15,22,81
439,16,36,37
439,17,0,146
439,18,2,87
439,19,0,0
439,20,0,0
439,21,0,0
439,22,0,0
439,23,0,0
439,24,0,0
439,25,0,0
439,26,0,0
439,27,0,0
439,28,0,0
439,29,0,0
439,30,0,0
439,31,0,0
439,32,0,0
439,33,0,0
439,34,64,93
439,35,0,0
439,36,0,0
439,37,0,0
439,38,0,0
439,39,0,0
439,40,0,0
439,41,20,84
439,42,0,0
439,43,2,85
439,44,0,0
439,45,0,0
439,46,0,0
439,47,0,0
439,48,0,0
439,49,0,0
439,50,10,81
439,51,30,94
439,52,0,0
439,53,0,0
439,54,4,111
439,55,0,0
439,56,0,0
439,57,0,0
439,58,0,119
439,59,0,0
439,60,0,0
439,61,0,0
439,62,0,0
439,63,0,54
439,64,0,70
439,65,0,114
439,66,0,69
439,67,0,160
439,68,0,88
439,69,0,78
439,70,0,43
439,71,0,0
439,72,0,0
439,73,0,0
439,74,0,0
439,75,0,0
439,76,0,0
439,77,0,0
439,78,0,0
440,1,0,0
440,2,3,81
440,3,2,100
440,4,0,0
440,5,0,0
440,6,0,0
440,7,0,0
440,8,0,0
440,9,0,0
440,10,0,0
440,11,53,63
440,12,1,132
440,13,5,85
440,14,0,0
440,15,1,10
440,16,0,0
440,17,16,32
440,18,4,34
440,19,6,43
440,20,0,0
440,21,0,0
440,22,0,0
440,23,0,0
440,24,0,0
440,25,0,0
440,26,0,0
440,27,1,187
440,28,0,0
440,29,0,137
440,30,31,117
440,31,0,0
440,32,0,0
440,33,0,0
440,34,0,0
440,35,0,0
440,36,34,0
440,37,0,0
440,38,65,89
440,39,0,0
440,40,0,0
440,41,0,0
440,42,2,99
440,43,0,0
440,44,0,0
440,45,0,0
440,46,0,0
440,47,0,0
440,48,2,107
440,49,0,0
440,50,0,0
440,51,0,0
440,52,4,29
440,53,2,86
440,54,7,75
440,55,0,0
440,56,3,66
440,57,0,10
440,58,0,25
440,59,0,57
440,60,0,0
440,61,0,0
440,62,0,0
440,63,0,111
440,64,0,0
440,65,0,0
440,66,0,0
440,67,0,0
440,68,0,93
440,69,0,0
440,70,0,63
440,71,0,170
440,72,0,103
440,73,0,161
440,74,0,99
440,75,0,14
440,76,0,0
440,77,0,0
440,78,0,0
440,79,0,0
440,80,0,0
440,81,0,0
440,82,0,0
440,83,0,0
440,84,0,0
440,85,0,0
440,86,0,0
441,1,0,0
441,2,0,0
441,3,0,0
441,4,2,134
441,5,0,0
441,6,0,0
441,7,0,0
441,8,4,153
441,9,2,117
441,10,0,0
441,11,0,0
441,12,0,0
441,13,3,0
441,14,5,91
441,15,99,17
441,16,3,93
441,17,15,35
441,18,0,0
441,19,8,54
441,20,0,0
441,21,0,0
441,22,0,0
441,23,0,0
441,24,0,0
441,25,0,0
441,26,0,0
441,27,0,0
441,28,4,161
441,29,1,109
441,30,31,95
441,31,0,0
441,32,0,0
441,33,0,0
441,34,0,0
441,35,0,0
441,36,0,0
441,37,63,88
441,38,0,0
441,39,0,0
441,40,2,98
441,41,0,0
441,42,16,84
441,43,2,114
441,44,0,0
441,45,0,0
441,46,2,81
441,47,0,22
441,48,11,80
441,49,3,55
441,50,0,0
441,51,0,0
441,52,0,0
441,53,0,0
441,54,0,0
441,55,0,0
441,56,0,0
441,57,0,0
441,58,0,92
441,59,0,19
441,60,0,20
441,61,0,80
441,62,0,131
441,63,0,85
441,64,0,142
441,65,0,120
441,66,0,0
441,67,0,0
441,68,0,0
441,69,0,0
441,70,0,0
441,71,0,0
442,1,0,0
442,2,1,147
442,3,0,0
442,4,0,0
442,5,0,0
442,6,0,0
442,7,5,123
442,8,2,100
442,9,0,0
442,10,2,0
442,11,0,0
442,12,107,16
442,13,7,106
442,14,0,0
442,15,0,0
442,16,18,79
442,17,0,0
442,18,0,0
442,19,0,0
442,20,0,0
442,21,0,0
442,22,0,0
442,23,0,0
442,24,4,147
442,25,0,0
442,26,86,143
442,27,2,142
442,28,0,0
442,29,0,0
442,30,0,0
442,31,22,0
442,32,1,56
442,33,0,0
442,34,0,0
442,35,2,108
442,36,16,84
442,37,0,0
442,38,12,0
442,39,0,0
442,40,13,131
442,41,0,0
442,42,0,106
442,43,0,0
442,44,0,0
442,45,0,90
442,46,0,229
442,47,0,0
442,48,0,5
442,49,0,0
442,50,0,0
442,51,0,0
442,52,0,78
442,53,0,22
442,54,0,65
442,55,0,62
442,56,0,124
442,57,0,0
442,58,0,0
442,59,0,220
442,60,0,0
442,61,0,0
442,62,0,0
442,63,0,0
442,64,0,0
443,1,0,0
443,2,0,0
443,3,0,0
443,4,1,139
443,5,1,136
443,6,0,0
443,7,10,164
443,8,0,0
443,9,0,0
443,10,0,0
443,11,0,0
443,12,0,0
443,13,0,0
443,14,26,60
443,15,0,0
443,16,9,34
443,17,81,119
443,18,8,67
443,19,22,47
443,20,0,0
443,21,0,0
443,22,0,0
443,23,0,0
443,24,35,0
443,25,0,0
443,26,0,0
443,27,0,0
443,28,0,0
443,29,1,94
443,30,0,0
443,31,12,128
443,32,0,0
443,33,0,0
443,34,140,0
443,35,0,0
443,36,0,0
443,37,0,0
443,38,8,125
443,39,3,93
443,40,0,0
443,41,0,0
443,42,0,0
443,43,0,0
443,44,0,0
443,45,0,0
443,46,0,0
443,47,0,96
443,48,0,0
443,49,0,0
443,50,0,0
443,51,0,94
443,52,0,22
443,53,0,48
443,54,0,136
443,55,0,0
443,56,0,0
443,57,0,0
443,58,0,223
443,59,0,0
443,60,0,0
443,61,0,0
443,62,0,0
443,63,0,0
443,64,0,172
443,65,0,9
443,66,0,0
443,67,0,0
443,68,0,0
443,69,0,0
444,1,0,0
444,2,0,98
444,3,0,0
444,4,0,109
444,5,0,0
444,6,0,0
444,7,0,135
444,8,4,96
444,9,2,138
444,10,0,99
444,11,1,60
444,12,0,0
444,13,0,0
444,14,0,0
444,15,0,0
444,16,57,93
444,17,0,0
444,18,16,49
444,19,0,0
444,20,0,0
444,21,0,0
444,22,0,0
444,23,20,71
444,24,3,194
444,25,1,84
444,26,1,54
444,27,13,54
444,28,0,0
444,29,27,47
444,30,0,0
444,31,0,0
444,32,0,0
444,33,0,0
444,34,0,0
444,35,2,119
444,36,0,63
444,37,0,34
444,38,0,0
444,39,10,0
444,40,84,82
444,41,9,120
444,42,14,68
444,43,2,0
444,44,0,0
444,45,5,0
444,46,0,0
444,47,0,0
444,48,0,0
444,49,0,0
444,50,0,128
444,51,0,0
444,52,0,0
444,53,0,0
444,54,0,0
444,55,0,0
444,56,0,0
444,57,0,90
444,58,0,153
444,59,0,0
444,60,0,103
444,61,0,136
444,62,0,229
444,63,0,0
444,64,0,0
444,65,0,0
444,66,0,0
444,67,0,0
444,68,0,185
444,69,0,8
444,70,0,0
444,71,0,0
444,72,0,0
444,73,0,0
444,74,0,0
445,1,0,119
445,2,0,0
445,3,0,0
445,4,0,0
445,5,0,0
445,6,2,54
445,7,4,62
445,8,1,151
445,9,1,61
445,10,0,38
445,11,70,0
445,12,0,48
445,13,0,33
445,14,0,0
445,15,0,44
445,16,0,106
445,17,0,0
445,18,0,0
445,19,0,0
445,20,0,0
445,21,0,0
445,22,0,0
445,23,0,0
445,24,0,0
445,25,0,0
445,26,0,0
445,27,45,126
445,28,0,0
445,29,0,0
445,30,0,0
445,31,0,0
445,32,2,159
445,33,0,0
445,34,0,0
445,35,6,88
445,36,39,0
445,37,0,0
445,38,0,109
445,39,13,0
445,40,71,71
445,41,8,117
445,42,0,0
445,43,0,0
445,44,0,0
445,45,79,68
445,46,59,0
445,47,16,78
445,48,0,0
445,49,0,0
445,50,46,0
445,51,0,0
445,52,165,74
445,53,0,0
445,54,0,0
445,55,0,133
445,56,0,0
445,57,0,0
445,58,0,0
445,59,0,160
445,60,0,0
445,61,0,188
445,62,0,0
445,63,0,0
445,64,0,230
445,65,0,0
445,66,0,142
445,67,0,6
445,68,0,0
445,69,0,0
445,70,0,0
445,71,0,0
445,72,0,0
445,73,0,0
446,1,0,0
446,2,0,0
446,3,0,0
446,4,0,0
446,5,8,145
446,6,0,102
446,7,0,111
446,8,1,112
446,9,21,84
446,10,0,0
446,11,1,70
446,12,0,0
446,13,0,0
446,14,0,0
446,15,0,0
446,16,0,0
446,17,2,180
446,18,0,0
446,19,0,0
446,20,0,0
446,21,2,139
446,22,0,0
446,23,0,89
446,24,8,90
446,25,0,0
446,26,41,0
446,27,0,0
446,28,21,66
446,29,0,41
446,30,13,0
446,31,6,101
446,32,0,0
446,33,3,20
446,34,10,75
446,35,285,9
446,36,87,76
446,37,0,0
446,38,0,0
446,39,47,0
446,40,0,0
446,41,0,0
446,42,0,0
446,43,141,59
446,44,0,130
446,45,0,0
446,46,0,0
446,47,0,0
446,48,0,0
446,49,0,0
446,50,0,0
446,51,0,0
446,52,0,0
446,53,0,68
446,54,0,0
446,55,0,219
446,56,0,134
446,57,0,80
446,58,0,43
446,59,0,30
446,60,0,0
446,61,0,0
446,62,0,0
446,63,0,0
446,64,0,0
446,65,0,0
447,1,0,0
447,2,0,0
447,3,13,0
447,4,0,0
447,5,0,0
447,6,0,0
447,7,0,0
447,8,0,35
447,9,0,60
447,10,0,66
447,11,1,34
447,12,0,0
447,13,17,104
447,14,0,0
447,15,0,0
447,16,0,0
447,17,0,0
447,18,0,0
447,19,0,0
447,20,0,0
447,21,0,0
447,22,0,0
447,23,0,0
447,24,0,0
447,25,0,0
447,26,0,0
447,27,0,0
447,28,0,0
447,29,0,0
447,30,0,0
447,31,2,148
447,32,0,0
447,33,0,67
447,34,0,0
447,35,35,0
447,36,0,0
447,37,0,0
447,38,0,0
447,39,0,0
447,40,0,0
447,41,0,0
447,42,0,0
447,43,128,68
447,44,89,0
447,45,0,0
447,46,30,60
447,47,0,0
447,48,119,0
447,49,174,13
447,50,83,69
447,51,0,0
447,52,0,0
447,53,3,88
447,54,135,62
447,55,0,0
447,56,0,0
447,57,0,0
447,58,0,0
447,59,0,0
447,60,0,0
447,61,0,0
447,62,0,192
447,63,0,0
447,64,0,105
447,65,0,141
447,66,0,26
447,67,0,0
447,68,0,0
447,69,0,0
447,70,0,0
447,71,0,0
447,72,0,0
448,1,0,13
448,2,0,0
448,3,0,0
448,4,0,47
448,5,0,0
448,6,0,0
448,7,0,0
448,8,0,0
448,9,14,0
448,10,0,0
448,11,0,0
448,12,3,71
448,13,0,91
448,14,0,0
448,15,0,0
448,16,0,0
448,17,1,139
448,18,0,0
448,19,0,0
448,20,16,104
448,21,0,140
448,22,0,0
448,23,0,0
448,24,0,0
448,25,0,0
448,26,0,0
448,27,0,0
448,28,0,0
448,29,0,0
448,30,0,0
448,31,0,0
448,32,0,0
448,33,0,0
448,34,0,0
448,35,61,94
448,36,0,0
448,37,0,0
448,38,0,0
448,39,39,0
448,40,0,0
448,41,0,0
448,42,0,0
448,43,0,0
448,44,0,0
448,45,0,0
448,46,0,0
448,47,0,0
448,48,124,77
448,49,1,111
448,50,96,0
448,51,19,57
448,52,0,0
448,53,2,91
448,54,83,63
448,55,1,75
448,56,0,0
448,57,354,66
448,58,0,0
448,59,0,0
448,60,0,0
448,61,0,0
448,62,0,95
448,63,0,0
448,64,0,0
448,65,0,0
448,66,0,191
448,67,0,0
448,68,0,96
448,69,0,160
448,70,0,127
448,71,0,79
448,72,0,0
448,73,0,0
448,74,0,0
448,75,0,0
448,76,0,0
448,77,0,0
448,78,0,0
448,79,0,0
448,80,0,0
448,81,0,0
449,1,0,0
449,2,0,12
449,3,0,0
449,4,0,0
449,5,0,0
449,6,0,47
449,7,0,0
449,8,2,51
449,9,21,2
449,10,0,0
449,11,17,0
449,12,2,144
449,13,0,0
449,14,0,0
449,15,0,0
449,16,0,116
449,17,27,132
449,18,0,0
449,19,12,52
449,20,2,65
449,21,0,0
449,22,0,0
449,23,0,0
449,24,0,0
449,25,0,0
449,26,0,0
449,27,0,0
449,28,0,0
449,29,0,0
449,30,0,0
449,31,0,0
449,32,0,0
449,33,1,187
449,34,0,0
449,35,0,0
449,36,0,0
449,37,0,0
449,38,0,0
449,39,89,117
449,40,0,0
449,41,0,0
449,42,0,0
449,43,0,0
449,44,68,67
449,45,0,0
449,46,34,56
449,47,16,33
449,48,0,0
449,49,0,0
449,50,0,0
449,51,0,0
449,52,0,0
449,53,0,0
449,54,3,40
449,55,0,0
449,56,0,0
449,57,0,0
449,58,0,0
449,59,0,0
449,60,0,0
449,61,0,0
449,62,0,0
449,63,0,0
449,64,96,0
449,65,0,0
449,66,0,0
449,67,0,0
449,68,3,90
449,69,13,59
449,70,1,84
449,71,33,0
449,72,0,0
449,73,0,0
449,74,0,0
449,75,0,0
449,76,0,0
449,77,0,0
449,78,0,0
449,79,0,195
449,80,0,101
449,81,0,115
449,82,0,0
449,83,0,0
449,84,0,0
449,85,0,0
449,86,0,0
449,87,0,178
449,88,0,0
449,89,0,104
449,90,0,0
449,91,0,117
449,92,0,131
449,93,0,0
449,94,0,0
449,95,0,0
449,96,0,0
449,97,0,0
450,1,0,0
450,2,0,0
450,3,0,0
450,4,0,0
450,5,0,0
450,6,0,0
450,7,4,56
450,8,20,1
450,9,16,0
450,10,14,106
450,11,0,0
450,12,11,31
450,13,5,52
450,14,5,83
450,15,2,153
450,16,0,0
450,17,0,122
450,18,12,107
450,19,0,0
450,20,11,106
450,21,0,0
450,22,0,0
450,23,1,126
450,24,0,0
450,25,0,0
450,26,0,0
450,27,0,0
450,28,0,0
450,29,0,0
450,30,0,0
450,31,0,0
450,32,0,0
450,33,0,0
450,34,0,0
450,35,0,0
450,36,0,0
450,37,2,177
450,38,0,0
450,39,0,0
450,40,0,0
450,41,0,0
450,42,43,66
450,43,0,0
450,44,0,0
450,45,29,32
450,46,0,0
450,47,0,0
450,48,39,60
450,49,0,0
450,50,0,0
450,51,35,56
450,52,43,67
450,53,0,0
450,54,0,0
450,55,0,0
450,56,0,14
450,57,0,0
450,58,1,6
450,59,0,0
450,60,0,0
450,61,2,25
450,62,0,0
450,63,0,0
450,64,0,0
450,65,0,105
450,66,0,0
450,67,0,0
450,68,0,0
450,69,0,0
450,70,0,0
450,71,99,0
450,72,1,87
450,73,0,0
450,74,0,0
450,75,0,0
450,76,281,12
450,77,0,0
450,78,0,85
450,79,0,0
450,80,0,0
450,81,101,29
450,82,61,75
450,83,0,0
450,84,0,0
450,85,0,0
450,86,0,0
450,87,0,0
450,88,0,0
450,89,0,76
450,90,0,114
450,91,0,0
450,92,0,123
450,93,0,0
450,94,0,0
450,95,0,0
450,96,0,0
450,97,0,0
450,98,0,0
451,1,0,0
451,2,0,0
451,3,0,0
451,4,0,0
451,5,0,0
451,6,0,0
451,7,0,0
451,8,24,0
451,9,0,0
451,10,13,120
451,11,15,49
451,12,1,112
451,13,0,0
451,14,13,72
451,15,0,0
451,16,0,57
451,17,0,48
451,18,0,93
451,19,2,56
451,20,0,24
451,21,0,58
451,22,0,0
451,23,4,69
451,24,0,0
451,25,0,0
451,26,0,0
451,27,0,0
451,28,5,87
451,29,0,0
451,30,0,0
451,31,0,0
451,32,0,0
451,33,0,0
451,34,0,0
451,35,0,0
451,36,0,0
451,37,0,0
451,38,80,138
451,39,0,0
451,40,0,0
451,41,29,60
451,42,57,72
451,43,0,0
451,44,0,0
451,45,48,62
451,46,0,0
451,47,1,25
451,48,0,0
451,49,0,0
451,50,0,0
451,51,0,111
451,52,0,0
451,53,0,0
451,54,0,0
451,55,0,0
451,56,0,0
451,57,53,52
451,58,108,0
451,59,0,74
451,60,1,38
451,61,0,0
451,62,0,88
451,63,0,0
451,64,0,0
451,65,35,0
451,66,10,95
451,67,98,92
451,68,0,0
451,69,0,0
451,70,0,0
451,71,0,0
451,72,0,0
451,73,0,0
451,74,0,0
451,75,0,136
451,76,0,0
451,77,0,88
451,78,0,155
451,79,0,126
451,80,0,1
451,81,0,0
451,82,0,0
451,83,0,0
451,84,0,0
451,85,0,0
452,1,0,0
452,2,0,0
452,3,0,0
452,4,0,70
452,5,0,88
452,6,0,0
452,7,10,74
452,8,3,85
452,9,0,0
452,10,8,54
452,11,18,12
452,12,0,0
452,13,11,80
452,14,14,26
452,15,23,0
452,16,0,101
452,17,0,30
452,18,0,40
452,19,0,97
452,20,1,56
452,21,0,62
452,22,0,0
452,23,0,0
452,24,0,0
452,25,0,0
452,26,2,78
452,27,0,0
452,28,0,0
452,29,0,0
452,30,2,88
452,31,0,0
452,32,0,0
452,33,2,175
452,34,0,0
452,35,0,0
452,36,0,0
452,37,0,0
452,38,0,0
452,39,29,65
452,40,1,21
452,41,50,57
452,42,0,0
452,43,1,14
452,44,0,0
452,45,0,0
452,46,0,0
452,47,1,33
452,48,0,0
452,49,0,0
452,50,0,0
452,51,0,0
452,52,0,0
452,53,0,0
452,54,1,51
452,55,0,70
452,56,1,40
452,57,0,0
452,58,0,0
452,59,33,0
452,60,10,110
452,61,91,92
452,62,0,0
452,63,0,0
452,64,0,0
452,65,0,0
452,66,0,0
452,67,0,0
452,68,0,145
452,69,0,44
452,70,0,0
452,71,0,116
452,72,0,124
452,73,0,0
452,74,0,0
452,75,0,0
452,76,0,0
452,77,0,0
452,78,0,0
452,79,0,0
452,80,0,0
452,81,0,0
453,1,0,0
453,2,0,0
453,3,0,0
453,4,0,0
453,5,0,0
453,6,11,85
453,7,0,127
453,8,8,75
453,9,15,34
453,10,43,0
453,11,1,104
453,12,0,76
453,13,0,78
453,14,0,62
453,15,0,0
453,16,0,0
453,17,0,0
453,18,0,0
453,19,0,0
453,20,0,0
453,21,0,0
453,22,1,131
453,23,0,0
453,24,0,0
453,25,0,0
453,26,0,173
453,27,0,0
453,28,0,0
453,29,82,149
453,30,0,0
453,31,0,0
453,32,45,85
453,33,0,0
453,34,0,0
453,35,0,0
453,36,0,0
453,37,5,0
453,38,0,0
453,39,0,0
453,40,0,0
453,41,0,0
453,42,2,28
453,43,2,20
453,44,0,103
453,45,0,0
453,46,0,0
453,47,0,0
453,48,0,0
453,49,0,0
453,50,0,0
453,51,0,0
453,52,0,0
453,53,0,0
453,54,0,0
453,55,0,128
453,56,0,35
453,57,0,111
453,58,0,121
453,59,0,0
453,60,0,0
453,61,0,0
453,62,0,0
453,63,0,0
453,64,0,0
453,65,0,0
454,1,0,0
454,2,0,0
454,3,0,0
454,4,0,0
454,5,0,0
454,6,0,0
454,7,20,25
454,8,0,0
454,9,1,62
454,10,13,60
454,11,1,65
454,12,1,90
454,13,1,101
454,14,0,118
454,15,3,22
454,16,21,76
454,17,0,0
454,18,0,0
454,19,0,0
454,20,0,0
454,21,0,0
454,22,2,75
454,23,0,179
454,24,0,107
454,25,0,0
454,26,3,43
454,27,0,0
454,28,0,41
454,29,0,0
454,30,0,83
454,31,0,0
454,32,0,0
454,33,42,88
454,34,0,0
454,35,0,0
454,36,5,0
454,37,0,0
454,38,0,0
454,39,0,0
454,40,1,75
454,41,1,67
454,42,0,0
454,43,0,0
454,44,1,72
454,45,4,70
454,46,0,0
454,47,0,0
454,48,0,0
454,49,0,0
454,50,0,0
454,51,0,0
454,52,0,0
454,53,0,110
454,54,0,124
454,55,0,0
454,56,0,0
454,57,0,0
454,58,0,0
454,59,0,62
454,60,0,139
454,61,0,0
454,62,0,49
454,63,0,125
454,64,0,0
454,65,0,0
454,66,0,0
454,67,0,0
454,68,0,0
455,1,0,0
455,2,0,0
455,3,0,0
455,4,0,0
455,5,0,0
455,6,0,0
455,7,0,0
455,8,0,103
455,9,0,106
455,10,22,42
455,11,0,0
455,12,0,0
455,13,2,92
455,14,1,93
455,15,0,0
455,16,0,38
455,17,0,0
455,18,0,119
455,19,0,0
455,20,0,0
455,21,0,0
455,22,0,0
455,23,54,81
455,24,0,0
455,25,0,0
455,26,13,87
455,27,0,77
455,28,2,43
455,29,8,89
455,30,2,43
455,31,0,0
455,32,0,0
455,33,0,0
455,34,0,0
455,35,0,0
455,36,0,0
455,37,1,78
455,38,0,0
455,39,34,81
455,40,0,25
455,41,0,0
455,42,0,0
455,43,0,0
455,44,0,0
455,45,0,0
455,46,160,72
455,47,7,0
455,48,2,110
455,49,0,0
455,50,0,0
455,51,1,97
455,52,0,0
455,53,0,0
455,54,7,97
455,55,0,0
455,56,0,0
455,57,0,0
455,58,0,0
455,59,0,0
455,60,0,0
455,61,0,0
455,62,0,0
455,63,0,0
455,64,0,0
455,65,0,0
455,66,0,0
455,67,0,0
455,68,0,35
455,69,0,40
455,70,0,0
455,71,0,60
455,72,0,134
455,73,0,4
455,74,0,25
455,75,0,0
455,76,0,0
455,77,0,0
455,78,0,0
455,79,0,0
455,80,0,0
456,1,0,0
456,2,0,0
456,3,0,0
456,4,17,47
456,5,0,0
456,6,0,154
456,7,17,146
456,8,1,130
456,9,0,0
456,10,0,0
456,11,0,94
456,12,1,103
456,13,0,0
456,14,0,0
456,15,0,0
456,16,0,0
456,17,0,0
456,18,1,108
456,19,0,0
456,20,0,0
456,21,30,41
456,22,42,66
456,23,0,0
456,24,2,58
456,25,0,0
456,26,0,0
456,27,0,0
456,28,1,142
456,29,12,138
456,30,0,0
456,31,0,60
456,32,0,0
456,33,0,0
456,34,0,0
456,35,0,0
456,36,0,0
456,37,0,0
456,38,0,0
456,39,1,86
456,40,1,18
456,41,0,0
456,42,0,0
456,43,4,38
456,44,0,0
456,45,6,0
456,46,0,0
456,47,1,126
456,48,0,0
456,49,0,103
456,50,0,0
456,51,0,0
456,52,4,93
456,53,0,0
456,54,0,0
456,55,0,0
456,56,0,0
456,57,0,0
456,58,0,69
456,59,0,0
456,60,6,139
456,61,0,0
456,62,0,0
456,63,0,0
456,64,0,0
456,65,0,0
456,66,0,0
456,67,0,0
456,68,0,74
456,69,0,98
456,70,0,127
456,71,0,5
456,72,0,15
456,73,0,0
456,74,0,0
456,75,0,0
456,76,0,0
456,77,0,0
456,78,0,0
456,79,0,0
456,80,0,0
456,81,0,0
457,1,0,0
457,2,11,31
457,3,0,0
457,4,13,60
457,5,1,102
457,6,20,151
457,7,0,109
457,8,0,0
457,9,0,0
457,10,1,149
457,11,0,0
457,12,0,0
457,13,0,0
457,14,0,0
457,15,0,0
457,16,0,0
457,17,0,0
457,18,71,116
457,19,0,0
457,20,0,0
457,21,0,0
457,22,0,0
457,23,0,0
457,24,4,78
457,25,0,0
457,26,1,144
457,27,8,81
457,28,0,0
457,29,0,0
457,30,0,0
457,31,0,0
457,32,0,0
457,33,0,0
457,34,0,0
457,35,0,0
457,36,0,0
457,37,0,0
457,38,0,0
457,39,0,0
457,40,0,0
457,41,0,82
457,42,0,0
457,43,0,0
457,44,0,0
457,45,6,0
457,46,0,0
457,47,0,0
457,48,73,62
457,49,0,94
457,50,0,0
457,51,0,101
457,52,0,0
457,53,0,0
457,54,1,99
457,55,0,0
457,56,95,0
457,57,0,0
457,58,0,0
457,59,0,0
457,60,0,0
457,61,0,0
457,62,0,0
457,63,0,89
457,64,0,0
457,65,0,0
457,66,0,0
457,67,0,145
457,68,0,7
457,69,0,12
457,70,0,173
457,71,0,0
457,72,0,0
457,73,0,0
457,74,0,0
457,75,0,0
458,1,0,0
458,2,9,0
458,3,0,0
458,4,0,0
458,5,7,34
458,6,14,72
458,7,0,0
458,8,1,93
458,9,0,0
458,10,2,95
458,11,0,0
458,12,3,114
458,13,2,74
458,14,29,67
458,15,13,113
458,16,0,0
458,17,0,0
458,18,0,0
458,19,0,0
458,20,0,0
458,21,0,0
458,22,0,0
458,23,0,0
458,24,0,0
458,25,0,0
458,26,0,0
458,27,0,0
458,28,0,0
458,29,0,0
458,30,0,0
458,31,0,0
458,32,0,0
458,33,0,0
458,34,0,0
458,35,0,0
458,36,0,0
458,37,0,0
458,38,78,113
458,39,0,0
458,40,0,0
458,41,4,0
458,42,0,0
458,43,0,0
458,44,2,105
458,45,268,43
458,46,0,36
458,47,0,0
458,48,0,0
458,49,0,0
458,50,43,0
458,51,0,0
458,52,1,53
458,53,0,57
458,54,0,0
458,55,0,74
458,56,0,0
458,57,0,0
458,58,0,0
458,59,0,0
458,60,0,9
458,61,0,0
458,62,0,110
458,63,0,0
458,64,0,0
458,65,0,0
458,66,0,0
458,67,0,0
459,1,0,0
459,2,8,0
459,3,0,0
459,4,13,95
459,5,6,138
459,6,0,0
459,7,0,0
459,8,33,74
459,9,20,160
459,10,14,0
459,11,0,0
459,12,0,92
459,13,0,0
459,14,0,0
459,15,0,0
459,16,0,0
459,17,0,0
459,18,0,0
459,19,0,0
459,20,0,0
459,21,0,0
459,22,0,0
459,23,0,0
459,24,0,0
459,25,0,0
459,26,0,0
459,27,0,0
459,28,0,0
459,29,0,0
459,30,0,0
459,31,1,75
459,32,50,81
459,33,1,83
459,34,0,40
459,35,0,0
459,36,0,0
459,37,26,59
459,38,0,0
459,39,72,88
459,40,0,0
459,41,0,0
459,42,0,0
459,43,0,0
459,44,0,0
459,45,0,0
459,46,1,63
459,47,0,0
459,48,3,101
459,49,134,89
459,50,208,25
459,51,0,0
459,52,0,101
459,53,2,81
459,54,27,162
459,55,0,0
459,56,0,0
459,57,0,0
459,58,0,81
459,59,0,0
459,60,0,46
459,61,0,36
459,62,0,7
459,63,0,0
459,64,0,111
459,65,0,0
459,66,0,0
459,67,0,0
459,68,0,0
460,1,0,0
460,2,0,0
460,3,0,0
460,4,2,54
460,5,13,46
460,6,0,0
460,7,0,0
460,8,0,0
460,9,22,168
460,10,2,143
460,11,0,0
460,12,0,84
460,13,0,0
460,14,11,131
460,15,0,0
460,16,0,0
460,17,0,0
460,18,0,0
460,19,0,0
460,20,33,71
460,21,25,38
460,22,23,87
460,23,0,0
460,24,0,54
460,25,1,24
460,26,38,57
460,27,0,32
460,28,0,25
460,29,0,0
460,30,0,0
460,31,0,0
460,32,0,0
460,33,0,0
460,34,0,0
460,35,0,0
460,36,2,57
460,37,0,0
460,38,0,0
460,39,161,123
460,40,0,0
460,41,0,83
460,42,0,0
460,43,0,0
460,44,0,0
460,45,0,0
460,46,0,69
460,47,0,113
460,48,0,95
460,49,0,79
460,50,0,0
460,51,0,35
460,52,0,61
460,53,0,4
460,54,0,0
460,55,0,0
461,1,0,0
461,2,0,0
461,3,0,0
461,4,0,0
461,5,0,0
461,6,0,0
461,7,0,0
461,8,0,74
461,9,0,84
461,10,1,165
461,11,38,37
461,12,5,0
461,13,0,107
461,14,0,0
461,15,0,0
461,16,0,0
461,17,15,57
461,18,65,92
461,19,0,0
461,20,0,0
461,21,0,0
461,22,0,0
461,23,0,0
461,24,0,0
461,25,0,126
461,26,9,184
461,27,34,109
461,28,1,127
461,29,32,93
461,30,0,0
461,31,0,0
461,32,0,0
461,33,0,0
461,34,0,0
461,35,0,0
461,36,0,56
461,37,0,0
461,38,0,0
461,39,0,141
461,40,0,121
461,41,0,0
461,42,0,125
461,43,0,0
461,44,0,0
461,45,0,50
461,46,0,54
461,47,0,173
461,48,0,86
461,49,0,14
461,50,0,0
461,51,0,0
461,52,0,0
461,53,0,0
462,1,0,0
462,2,0,21
462,3,20,0
462,4,16,1
462,5,0,0
462,6,0,0
462,7,0,0
462,8,0,0
462,9,0,143
462,10,0,0
462,11,47,106
462,12,16,10
462,13,10,0
462,14,0,0
462,15,0,0
462,16,15,53
462,17,1,62
462,18,61,94
462,19,59,0
462,20,35,0
462,21,76,0
462,22,0,0
462,23,0,0
462,24,0,0
462,25,0,0
462,26,0,0
462,27,8,92
462,28,0,0
462,29,0,0
462,30,0,0
462,31,5,133
462,32,0,0
462,33,0,0
462,34,0,0
462,35,57,147
462,36,0,0
462,37,0,0
462,38,0,102
462,39,0,0
462,40,0,0
462,41,0,0
462,42,0,0
462,43,0,0
462,44,0,0
462,45,1,123
462,46,0,0
462,47,0,0
462,48,0,0
462,49,0,0
462,50,2,56
462,51,0,0
462,52,8,119
462,53,0,0
462,54,8,131
462,55,6,112
462,56,2,137
462,57,7,56
462,58,28,49
462,59,0,0
462,60,0,129
462,61,0,0
462,62,0,0
462,63,0,97
462,64,0,44
462,65,0,0
462,66,0,175
462,67,0,46
462,68,0,30
462,69,0,92
462,70,0,163
462,71,0,102
462,72,0,55
462,73,0,3
462,74,0,0
462,75,0,0
462,76,0,0
462,77,0,0
463,1,0,0
463,2,0,22
463,3,0,0
463,4,0,0
463,5,0,0
463,6,0,0
463,7,0,0
463,8,0,0
463,9,2,98
463,10,18,0
463,11,18,1
463,12,0,0
463,13,2,133
463,14,0,63
463,15,1,131
463,16,29,2
463,17,0,0
463,18,0,0
463,19,0,131
463,20,36,117
463,21,18,9
463,22,0,0
463,23,0,0
463,24,12,118
463,25,0,0
463,26,64,138
463,27,0,0
463,28,0,72
463,29,0,75
463,30,0,0
463,31,0,0
463,32,0,0
463,33,0,0
463,34,12,68
463,35,0,101
463,36,3,105
463,37,0,0
463,38,5,51
463,39,0,0
463,40,0,0
463,41,0,0
463,42,0,0
463,43,0,0
463,44,64,134
463,45,22,107
463,46,0,97
463,47,0,109
463,48,0,68
463,49,0,0
463,50,0,70
463,51,0,82
463,52,23,39
463,53,27,31
463,54,1,52
463,55,0,0
463,56,4,24
463,57,1,69
463,58,0,0
463,59,9,156
463,60,1,32
463,61,0,16
463,62,0,0
463,63,5,97
463,64,1,145
463,65,0,126
463,66,0,0
463,67,0,0
463,68,0,0
463,69,0,72
463,70,0,0
463,71,0,182
463,72,0,107
463,73,0,28
463,74,0,54
463,75,0,85
463,76,0,132
463,77,0,61
463,78,0,3
463,79,0,0
463,80,0,0
463,81,0,0
463,82,0,0
463,83,0,0
463,84,0,0
463,85,0,0
464,1,0,0
464,2,0,6
464,3,0,24
464,4,0,1
464,5,1,25
464,6,0,0
464,7,1,85
464,8,27,0
464,9,18,0
464,10,0,90
464,11,0,0
464,12,2,135
464,13,0,0
464,14,0,104
464,15,0,145
464,16,2,154
464,17,0,0
464,18,0,0
464,19,0,128
464,20,0,135
464,21,35,118
464,22,19,10
464,23,0,0
464,24,0,0
464,25,0,0
464,26,71,147
464,27,0,80
464,28,0,0
464,29,0,0
464,30,1,66
464,31,0,0
464,32,19,101
464,33,6,116
464,34,0,0
464,35,0,0
464,36,4,174
464,37,0,0
464,38,0,0
464,39,0,13
464,40,0,107
464,41,0,81
464,42,0,0
464,43,2,44
464,44,0,6
464,45,0,84
464,46,0,0
464,47,0,76
464,48,0,33
464,49,0,0
464,50,0,96
464,51,0,102
464,52,58,35
464,53,7,116
464,54,0,0
464,55,30,44
464,56,63,54
464,57,18,62
464,58,1,107
464,59,7,121
464,60,0,0
464,61,0,0
464,62,0,0
464,63,0,0
464,64,0,0
464,65,0,0
464,66,0,0
464,67,0,128
464,68,0,183
464,69,0,41
464,70,0,30
464,71,0,0
464,72,0,25
464,73,0,0
464,74,0,0
464,75,0,0
464,76,0,0
464,77,0,0
464,78,0,0
464,79,0,0
464,80,0,0
465,1,0,0
465,2,0,12
465,3,0,2
465,4,0,0
465,5,0,56
465,6,1,19
465,7,0,7
465,8,0,0
465,9,0,0
465,10,1,80
465,11,0,0
465,12,36,0
465,13,17,0
465,14,0,0
465,15,0,0
465,16,2,138
465,17,1,155
465,18,0,147
465,19,0,0
465,20,0,0
465,21,16,175
465,22,0,167
465,23,0,0
465,24,0,0
465,25,0,0
465,26,0,0
465,27,0,0
465,28,46,48
465,29,0,0
465,30,7,54
465,31,21,41
465,32,0,130
465,33,0,0
465,34,0,0
465,35,19,44
465,36,56,113
465,37,0,0
465,38,7,88
465,39,0,0
465,40,0,0
465,41,11,56
465,42,1,93
465,43,0,0
465,44,2,164
465,45,0,113
465,46,0,0
465,47,0,77
465,48,0,0
465,49,1,128
465,50,0,0
465,51,0,0
465,52,0,0
465,53,0,0
465,54,0,120
465,55,0,101
465,56,55,48
465,57,21,24
465,58,0,0
465,59,59,61
465,60,26,83
465,61,30,76
465,62,1,76
465,63,3,99
465,64,0,111
465,65,26,107
465,66,6,103
465,67,0,0
465,68,0,0
465,69,0,0
465,70,0,0
465,71,0,0
465,72,0,0
465,73,0,0
465,74,0,72
465,75,0,141
465,76,0,192
465,77,0,86
465,78,0,147
465,79,0,26
465,80,0,0
465,81,0,0
465,82,0,0
465,83,0,0
465,84,0,0
465,85,0,0
465,86,0,0
465,87,0,0
465,88,0,0
465,89,0,0
466,1,0,12
466,2,2,2
466,3,0,0
466,4,0,62
466,5,2,18
466,6,1,46
466,7,0,0
466,8,0,0
466,9,0,0
466,10,57,0
466,11,0,0
466,12,15,112
466,13,0,0
466,14,19,175
466,15,0,0
466,16,0,169
466,17,0,0
466,18,0,0
466,19,0,0
466,20,0,0
466,21,0,0
466,22,0,0
466,23,0,116
466,24,0,0
466,25,0,0
466,26,52,47
466,27,7,115
466,28,7,45
466,29,24,53
466,30,0,65
466,31,0,41
466,32,0,75
466,33,0,0
466,34,0,0
466,35,0,0
466,36,18,37
466,37,6,3
466,38,33,63
466,39,6,10
466,40,7,33
466,41,0,0
466,42,44,106
466,43,0,0
466,44,0,0
466,45,0,0
466,46,15,98
466,47,0,104
466,48,0,0
466,49,0,0
466,50,0,0
466,51,0,0
466,52,0,0
466,53,3,182
466,54,0,0
466,55,0,121
466,56,0,0
466,57,0,0
466,58,0,0
466,59,0,0
466,60,1,87
466,61,0,117
466,62,129,0
466,63,0,0
466,64,64,77
466,65,0,0
466,66,0,0
466,67,0,158
466,68,64,69
466,69,55,60
466,70,0,0
466,71,0,0
466,72,3,12
466,73,1,14
466,74,42,80
466,75,1,114
466,76,0,0
466,77,1,75
466,78,0,55
466,79,19,123
466,80,0,67
466,81,5,75
466,82,0,0
466,83,0,0
466,84,0,0
466,85,0,0
466,86,0,0
466,87,0,0
466,88,0,0
466,89,0,1
466,90,0,0
466,91,0,0
466,92,0,0
466,93,0,0
466,94,0,0
466,95,0,0
466,96,0,144
466,97,0,78
466,98,0,82
466,99,0,178
466,100,0,44
466,101,0,40
466,102,0,24
466,103,0,0
466,104,0,0
466,105,0,0
466,106,0,0
466,107,0,0
466,108,0,0
466,109,0,0
466,110,0,0
466,111,0,0
466,112,0,0
466,113,0,0
466,114,0,0
466,115,0,0
467,1,0,0
467,2,0,55
467,3,0,0
467,4,0,3
467,5,0,0
467,6,0,67
467,7,0,0
467,8,8,162
467,9,0,0
467,10,24,166
467,11,0,0
467,12,0,0
467,13,0,0
467,14,0,0
467,15,0,0
467,16,0,0
467,17,0,0
467,18,0,0
467,19,0,0
467,20,0,0
467,21,0,0
467,22,6,122
467,23,1,124
467,24,0,0
467,25,0,0
467,26,0,118
467,27,0,0
467,28,0,0
467,29,0,0
467,30,0,0
467,31,0,0
467,32,0,0
467,33,1,170
467,34,2,146
467,35,0,0
467,36,0,0
467,37,0,71
467,38,50,86
467,39,1,92
467,40,0,0
467,41,42,64
467,42,0,0
467,43,22,83
467,44,0,167
467,45,58,70
467,46,60,68
467,47,0,0
467,48,6,155
467,49,3,19
467,50,0,0
467,51,42,112
467,52,1,128
467,53,0,79
467,54,7,87
467,55,122,112
467,56,0,0
467,57,0,137
467,58,0,0
467,59,0,0
467,60,0,0
467,61,0,0
467,62,0,0
467,63,0,0
467,64,0,0
467,65,0,0
467,66,0,0
467,67,0,0
467,68,0,0
467,69,0,0
467,70,0,0
467,71,0,141
467,72,0,35
467,73,0,169
467,74,0,35
467,75,0,18
467,76,0,0
467,77,0,0
467,78,0,0
467,79,0,0
468,1,0,0
468,2,0,21
468,3,0,0
468,4,0,32
468,5,0,49
468,6,0,120
468,7,6,175
468,8,0,0
468,9,20,176
468,10,0,0
468,11,0,0
468,12,0,0
468,13,0,0
468,14,0,0
468,15,0,0
468,16,0,0
468,17,0,0
468,18,18,0
468,19,0,0
468,20,0,0
468,21,0,0
468,22,1,118
468,23,90,142
468,24,0,0
468,25,0,0
468,26,0,0
468,27,0,0
468,28,0,0
468,29,0,0
468,30,1,128
468,31,0,105
468,32,0,58
468,33,1,42
468,34,0,29
468,35,0,0
468,36,1,94
468,37,0,0
468,38,0,0
468,39,0,0
468,40,0,0
468,41,0,0
468,42,0,0
468,43,0,0
468,44,58,114
468,45,0,0
468,46,0,0
468,47,0,122
468,48,0,0
468,49,0,0
468,50,1,169
468,51,11,194
468,52,0,0
468,53,0,0
468,54,0,11
468,55,0,0
468,56,1,18
468,57,0,0
468,58,49,100
468,59,1,129
468,60,29,124
468,61,0,71
468,62,0,0
468,63,0,0
468,64,0,0
468,65,124,112
468,66,0,0
468,67,0,0
468,68,0,0
468,69,0,0
468,70,0,0
468,71,0,0
468,72,0,0
468,73,0,0
468,74,0,66
468,75,0,74
468,76,0,0
468,77,0,0
468,78,0,38
468,79,0,179
468,80,0,64
468,81,0,0
468,82,0,20
468,83,0,0
468,84,0,0
468,85,0,0
468,86,0,0
468,87,0,0
469,1,0,0
469,2,0,57
469,3,0,62
469,4,0,0
469,5,0,0
469,6,10,135
469,7,0,0
469,8,17,179
469,9,60,0
469,10,0,0
469,11,0,0
469,12,0,0
469,13,0,0
469,14,0,0
469,15,0,0
469,16,0,0
469,17,0,0
469,18,0,0
469,19,0,126
469,20,0,117
469,21,0,0
469,22,0,111
469,23,0,0
469,24,0,0
469,25,0,0
469,26,0,0
469,27,108,195
469,28,0,0
469,29,0,0
469,30,0,0
469,31,0,0
469,32,0,0
469,33,0,0
469,34,0,0
469,35,0,0
469,36,0,0
469,37,0,0
469,38,0,0
469,39,0,0
469,40,2,168
469,41,0,0
469,42,0,0
469,43,12,146
469,44,50,82
469,45,67,83
469,46,0,0
469,47,9,177
469,48,0,0
469,49,0,0
469,50,2,23
469,51,0,0
469,52,0,0
469,53,0,0
469,54,0,0
469,55,0,0
469,56,29,139
469,57,0,0
469,58,0,72
469,59,6,132
469,60,0,0
469,61,0,0
469,62,0,0
469,63,0,0
469,64,0,0
469,65,0,0
469,66,0,0
469,67,0,0
469,68,0,0
469,69,0,0
469,70,0,0
469,71,0,0
469,72,0,0
469,73,0,0
469,74,0,0
469,75,0,0
469,76,0,0
469,77,0,72
469,78,0,72
469,79,0,0
469,80,0,0
469,81,0,34
469,82,0,122
469,83,0,32
469,84,0,77
469,85,0,8
469,86,0,0
469,87,0,15
469,88,0,0
469,89,0,0
469,90,0,0
469,91,0,0
469,92,0,0
469,93,0,0
469,94,0,0
469,95,0,0
470,1,0,0
470,2,0,59
470,3,0,58
470,4,0,0
470,5,0,0
470,6,0,0
470,7,1,136
470,8,0,0
470,9,0,0
470,10,0,0
470,11,12,114
470,12,0,161
470,13,0,0
470,14,19,83
470,15,0,0
470,16,0,0
470,17,0,0
470,18,0,0
470,19,0,0
470,20,0,0
470,21,0,115
470,22,0,0
470,23,0,0
470,24,0,0
470,25,0,134
470,26,0,0
470,27,0,0
470,28,0,0
470,29,0,0
470,30,113,200
470,31,0,0
470,32,0,117
470,33,0,0
470,34,0,0
470,35,0,0
470,36,0,0
470,37,0,0
470,38,0,0
470,39,0,0
470,40,0,0
470,41,157,0
470,42,18,168
470,43,3,180
470,44,96,152
470,45,0,0
470,46,0,0
470,47,0,0
470,48,0,0
470,49,25,102
470,50,22,105
470,51,10,131
470,52,0,0
470,53,0,0
470,54,0,0
470,55,0,0
470,56,0,0
470,57,0,0
470,58,0,0
470,59,0,0
470,60,0,0
470,61,0,0
470,62,0,0
470,63,0,0
470,64,0,0
470,65,0,0
470,66,0,0
470,67,0,0
470,68,0,0
470,69,0,81
470,70,0,0
470,71,0,52
470,72,0,51
470,73,0,0
470,74,0,0
470,75,0,0
470,76,0,154
470,77,0,0
470,78,0,95
470,79,0,9
470,80,0,0
470,81,0,16
470,82,0,0
471,1,0,0
471,2,0,28
471,3,0,0
471,4,0,92
471,5,15,18
471,6,8,0
471,7,23,12
471,8,0,0
471,9,9,167
471,10,0,0
471,11,0,0
471,12,0,0
471,13,15,98
471,14,0,180
471,15,0,0
471,16,31,77
471,17,0,0
471,18,0,0
471,19,0,0
471,20,0,0
471,21,0,0
471,22,0,0
471,23,0,0
471,24,0,0
471,25,0,109
471,26,0,0
471,27,0,0
471,28,0,0
471,29,0,0
471,30,0,0
471,31,0,0
471,32,0,0
471,33,0,0
471,34,87,176
471,35,0,0
471,36,0,0
471,37,0,0
471,38,0,0
471,39,4,143
471,40,0,103
471,41,0,0
471,42,36,52
471,43,35,67
471,44,2,182
471,45,19,185
471,46,3,179
471,47,0,0
471,48,2,39
471,49,0,0
471,50,0,0
471,51,0,0
471,52,0,0
471,53,0,0
471,54,42,54
471,55,6,51
471,56,0,0
471,57,23,112
471,58,0,89
471,59,0,85
471,60,22,93
471,61,7,109
471,62,0,0
471,63,0,0
471,64,2,119
471,65,0,0
471,66,0,0
471,67,0,0
471,68,0,0
471,69,0,0
471,70,0,0
471,71,0,0
471,72,0,0
471,73,0,0
471,74,0,0
471,75,0,0
471,76,0,0
471,77,0,46
471,78,0,0
471,79,0,29
471,80,0,0
471,81,0,0
471,82,0,0
471,83,0,0
471,84,0,0
471,85,0,1
471,86,0,56
471,87,0,100
471,88,0,0
471,89,0,53
471,90,0,58
471,91,0,132
471,92,0,0
471,93,0,0
471,94,0,0
471,95,0,0
471,96,0,159
471,97,0,0
471,98,0,11
471,99,0,220
471,100,0,0
471,101,0,0
471,102,0,0
471,103,0,19
471,104,0,0
472,1,0,0
472,2,0,0
472,3,0,68
472,4,0,0
472,5,14,16
472,6,7,0
472,7,28,12
472,8,0,169
472,9,0,0
472,10,0,0
472,11,12,108
472,12,0,0
472,13,0,128
472,14,24,86
472,15,0,0
472,16,0,0
472,17,0,0
472,18,0,131
472,19,0,0
472,20,0,0
472,21,0,0
472,22,0,0
472,23,0,0
472,24,0,0
472,25,24,69
472,26,25,54
472,27,14,93
472,28,0,0
472,29,0,0
472,30,0,0
472,31,7,33
472,32,14,19
472,33,0,0
472,34,79,112
472,35,0,0
472,36,0,0
472,37,45,70
472,38,0,0
472,39,0,0
472,40,0,83
472,41,0,73
472,42,59,103
472,43,0,106
472,44,0,0
472,45,21,110
472,46,15,153
472,47,1,18
472,48,0,54
472,49,2,194
472,50,0,0
472,51,1,28
472,52,0,0
472,53,0,0
472,54,0,0
472,55,0,0
472,56,46,147
472,57,0,0
472,58,0,102
472,59,1,81
472,60,0,0
472,61,22,64
472,62,12,41
472,63,6,86
472,64,4,110
472,65,1,33
472,66,2,105
472,67,1,117
472,68,0,0
472,69,0,0
472,70,0,0
472,71,0,0
472,72,0,0
472,73,0,0
472,74,0,0
472,75,0,0
472,76,0,0
472,77,0,0
472,78,0,0
472,79,0,160
472,80,0,93
472,81,0,141
472,82,0,0
472,83,0,0
472,84,0,0
472,85,0,0
472,86,0,0
472,87,0,168
472,88,0,0
472,89,0,132
472,90,0,33
472,91,0,0
472,92,0,0
472,93,0,0
472,94,0,0
472,95,0,0
472,96,0,0
472,97,0,0
473,1,0,0
473,2,41,20
473,3,0,173
473,4,0,0
473,5,0,0
473,6,0,0
473,7,30,163
473,8,0,0
473,9,0,0
473,10,62,4
473,11,0,0
473,12,0,0
473,13,0,154
473,14,0,0
473,15,0,0
473,16,0,0
473,17,0,0
473,18,0,0
473,19,0,105
473,20,0,72
473,21,0,0
473,22,0,0
473,23,0,0
473,24,0,0
473,25,0,0
473,26,0,0
473,27,0,137
473,28,0,0
473,29,0,0
473,30,26,67
473,31,0,0
473,32,19,49
473,33,7,37
473,34,6,34
473,35,0,0
473,36,0,0
473,37,0,0
473,38,0,0
473,39,8,21
473,40,15,14
473,41,0,0
473,42,80,112
473,43,5,21
473,44,1,97
473,45,4,47
473,46,0,0
473,47,1,65
473,48,45,73
473,49,0,0
473,50,0,0
473,51,0,57
473,52,0,101
473,53,0,59
473,54,0,32
473,55,0,50
473,56,0,0
473,57,0,55
473,58,0,0
473,59,0,65
473,60,1,27
473,61,0,7
473,62,0,30
473,63,2,15
473,64,19,178
473,65,0,27
473,66,0,56
473,67,0,0
473,68,2,221
473,69,0,0
473,70,0,0
473,71,0,0
473,72,0,0
473,73,51,150
473,74,0,0
473,75,29,93
473,76,7,89
473,77,3,97
473,78,3,113
473,79,1,54
473,80,12,72
473,81,14,40
473,82,0,73
473,83,17,57
473,84,0,104
473,85,0,0
473,86,1,117
473,87,0,0
473,88,0,0
473,89,0,0
473,90,0,0
473,91,0,0
473,92,0,0
473,93,0,0
473,94,0,0
473,95,0,0
473,96,0,0
473,97,0,102
473,98,0,0
473,99,0,0
473,100,0,0
473,101,0,0
473,102,0,0
473,103,0,0
473,104,0,167
473,105,0,0
473,106,0,0
473,107,0,0
473,108,0,150
473,109,0,42
473,110,0,0
473,111,0,0
473,112,0,0
473,113,0,0
473,114,0,0
473,115,0,0
473,116,0,0
473,117,0,0
473,118,0,0
473,119,0,0
474,1,0,0
474,2,53,16
474,3,0,0
474,4,0,160
474,5,0,0
474,6,0,0
474,7,82,5
474,8,0,0
474,9,0,0
474,10,0,0
474,11,0,90
474,12,47,115
474,13,0,85
474,14,4,83
474,15,2,92
474,16,0,0
474,17,0,0
474,18,0,0
474,19,0,0
474,20,0,0
474,21,0,0
474,22,0,0
474,23,33,71
474,24,9,47
474,25,0,0
474,26,0,0
474,27,0,0
474,28,1,11
474,29,3,13
474,30,5,84
474,31,0,0
474,32,0,0
474,33,0,0
474,34,0,0
474,35,11,25
474,36,76,91
474,37,6,24
474,38,9,63
474,39,1,141
474,40,0,0
474,41,0,0
474,42,0,113
474,43,51,80
474,44,0,0
474,45,0,0
474,46,1,108
474,47,0,0
474,48,0,84
474,49,0,0
474,50,0,79
474,51,0,38
474,52,0,0
474,53,0,0
474,54,0,81
474,55,0,34
474,56,0,8
474,57,0,103
474,58,6,169
474,59,0,29
474,60,0,20
474,61,15,152
474,62,80,86
474,63,0,30
474,64,0,54
474,65,44,36
474,66,8,51
474,67,0,0
474,68,21,41
474,69,1,14
474,70,3,151
474,71,0,0
474,72,1,107
474,73,6,123
474,74,0,0
474,75,47,122
474,76,2,75
474,77,1,111
474,78,0,0
474,79,0,0
474,80,21,113
474,81,3,95
474,82,3,142
474,83,1,51
474,84,11,76
474,85,14,32
474,86,19,49
474,87,1,130
474,88,0,51
474,89,8,24
474,90,0,0
474,91,3,63
474,92,0,0
474,93,2,21
474,94,0,0
474,95,0,0
474,96,0,0
474,97,0,0
474,98,0,0
474,99,0,0
474,100,0,0
474,101,0,0
474,102,0,0
474,103,0,0
474,104,0,171
474,105,0,0
474,106,0,0
474,107,0,0
474,108,0,0
474,109,0,0
474,110,0,161
474,111,0,67
474,112,0,0
474,113,0,0
474,114,0,0
474,115,0,0
474,116,0,0
474,117,0,0
474,118,0,0
474,119,0,0
474,120,0,0
475,1,0,0
475,2,0,0
475,3,50,17
475,4,0,0
475,5,0,0
475,6,3,204
475,7,2,97
475,8,0,104
475,9,0,0
475,10,84,5
475,11,0,0
475,12,0,0
475,13,4,151
475,14,41,110
475,15,0,0
475,16,0,0
475,17,0,0
475,18,0,0
475,19,7,72
475,20,21,61
475,21,0,0
475,22,0,0
475,23,35,50
475,24,0,65
475,25,0,0
475,26,6,21
475,27,11,38
475,28,0,0
475,29,0,0
475,30,51,81
475,31,0,103
475,32,20,48
475,33,0,0
475,34,1,105
475,35,0,0
475,36,0,0
475,37,0,0
475,38,0,0
475,39,0,42
475,40,0,175
475,41,0,37
475,42,0,0
475,43,0,78
475,44,0,0
475,45,91,130
475,46,1,18
475,47,0,0
475,48,0,14
475,49,0,0
475,50,3,1
475,51,5,161
475,52,2,6
475,53,19,163
475,54,0,0
475,55,1,109
475,56,0,0
475,57,0,36
475,58,0,29
475,59,0,93
475,60,0,0
475,61,19,118
475,62,2,87
475,63,0,0
475,64,4,139
475,65,2,36
475,66,30,116
475,67,8,36
475,68,3,65
475,69,10,40
475,70,0,0
475,71,0,0
475,72,0,0
475,73,0,54
475,74,0,0
475,75,0,0
475,76,0,0
475,77,0,0
475,78,0,0
475,79,0,0
475,80,0,0
475,81,0,0
475,82,0,0
475,83,0,0
475,84,0,0
475,85,0,0
475,86,0,0
475,87,0,0
475,88,0,0
475,89,0,81
475,90,0,0
475,91,0,0
475,92,0,0
475,93,0,0
475,94,0,0
475,95,0,0
475,96,0,0
475,97,0,0
475,98,0,0
475,99,0,0
476,1,0,0
476,2,0,111
476,3,0,0
476,4,25,42
476,5,0,0
476,6,0,0
476,7,0,86
476,8,0,46
476,9,0,0
476,10,0,0
476,11,0,145
476,12,0,0
476,13,0,101
476,14,0,0
476,15,0,0
476,16,0,0
476,17,0,0
476,18,0,0
476,19,0,0
476,20,0,116
476,21,0,0
476,22,0,0
476,23,0,0
476,24,0,0
476,25,0,0
476,26,0,9
476,27,0,0
476,28,0,196
476,29,4,71
476,30,34,83
476,31,0,73
476,32,0,0
476,33,5,23
476,34,11,41
476,35,0,0
476,36,0,0
476,37,62,128
476,38,0,0
476,39,0,0
476,40,0,0
476,41,0,0
476,42,1,117
476,43,1,168
476,44,25,155
476,45,0,68
476,46,0,123
476,47,0,0
476,48,2,19
476,49,0,0
476,50,0,17
476,51,0,0
476,52,0,0
476,53,4,5
476,54,0,0
476,55,19,152
476,56,0,0
476,57,0,0
476,58,0,159
476,59,4,102
476,60,0,0
476,61,3,90
476,62,34,141
476,63,6,50
476,64,3,69
476,65,3,92
476,66,0,0
476,67,0,0
476,68,0,0
476,69,0,0
476,70,0,0
476,71,0,0
476,72,0,0
476,73,0,0
476,74,0,0
476,75,0,0
476,76,0,0
476,77,0,0
476,78,0,0
476,79,0,0
476,80,0,0
476,81,0,0
476,82,0,0
476,83,0,0
476,84,0,0
476,85,0,0
476,86,0,0
476,87,0,0
476,88,0,0
476,89,0,0
476,90,0,0
476,91,0,0
476,92,0,0
476,93,0,0
476,94,0,0
476,95,0,0
477,1,0,0
477,2,0,0
477,3,0,111
477,4,19,44
477,5,0,0
477,6,0,160
477,7,0,0
477,8,27,176
477,9,0,0
477,10,0,141
477,11,0,0
477,12,0,173
477,13,0,0
477,14,0,0
477,15,0,106
477,16,0,141
477,17,0,0
477,18,0,210
477,19,0,0
477,20,0,0
477,21,36,155
477,22,0,0
477,23,0,0
477,24,0,0
477,25,0,144
477,26,0,0
477,27,0,0
477,28,0,0
477,29,0,0
477,30,0,0
477,31,85,102
477,32,0,0
477,33,0,113
477,34,1,52
477,35,0,33
477,36,0,117
477,37,72,131
477,38,0,78
477,39,34,153
477,40,0,53
477,41,0,135
477,42,0,0
477,43,220,154
477,44,0,27
477,45,0,0
477,46,0,0
477,47,4,13
477,48,22,103
477,49,18,114
477,50,0,0
477,51,0,94
477,52,0,0
477,53,4,197
477,54,40,88
477,55,9,63
477,56,3,78
477,57,0,0
477,58,1,49
477,59,0,90
477,60,0,0
477,61,0,0
477,62,0,0
477,63,0,0
477,64,0,0
477,65,0,0
477,66,0,0
477,67,0,0
477,68,0,0
477,69,0,0
477,70,0,0
477,71,0,0
477,72,0,0
477,73,0,0
477,74,0,0
477,75,0,0
477,76,0,0
477,77,0,0
477,78,0,0
477,79,0,0
477,80,0,0
477,81,0,0
477,82,0,0
477,83,0,0
478,1,0,109
478,2,23,45
478,3,0,137
478,4,0,86
478,5,3,119
478,6,0,0
478,7,27,186
478,8,0,122
478,9,0,75
478,10,0,0
478,11,32,163
478,12,0,0
478,13,0,0
478,14,0,109
478,15,0,0
478,16,0,163
478,17,5,139
478,18,0,0
478,19,52,0
478,20,0,0
478,21,0,207
478,22,0,0
478,23,0,0
478,24,0,0
478,25,31,138
478,26,0,0
478,27,0,0
478,28,0,0
478,29,0,0
478,30,0,0
478,31,0,0
478,32,62,72
478,33,0,0
478,34,0,0
478,35,0,57
478,36,0,0
478,37,0,68
478,38,89,89
478,39,0,0
478,40,0,92
478,41,0,108
478,42,0,26
478,43,0,30
478,44,0,0
478,45,191,0
478,46,0,10
478,47,0,39
478,48,0,0
478,49,1,77
478,50,0,100
478,51,0,32
478,52,0,13
478,53,0,0
478,54,0,0
478,55,5,11
478,56,33,104
478,57,0,0
478,58,0,0
478,59,7,55
478,60,0,0
478,61,26,61
478,62,0,127
478,63,5,63
478,64,3,8
478,65,19,61
478,66,2,75
478,67,4,187
478,68,1,31
478,69,0,43
478,70,102,0
478,71,0,0
478,72,42,99
478,73,12,59
478,74,5,82
478,75,0,0
478,76,0,29
478,77,0,31
478,78,0,0
478,79,0,0
478,80,0,0
478,81,0,0
478,82,0,0
478,83,0,0
478,84,0,0
478,85,0,0
478,86,0,130
478,87,0,0
478,88,0,0
478,89,0,0
478,90,0,0
478,91,0,0
478,92,0,0
478,93,0,0
478,94,0,0
478,95,0,55
478,96,0,0
478,97,0,0
478,98,0,0
478,99,0,0
478,100,0,0
479,1,0,0
479,2,24,46
479,3,19,0
479,4,83,0
479,5,0,161
479,6,0,0
479,7,6,117
479,8,26,193
479,9,0,116
479,10,0,156
479,11,0,116
479,12,0,0
479,13,0,0
479,14,37,169
479,15,0,0
479,16,0,98
479,17,0,0
479,18,92,64
479,19,0,161
479,20,5,139
479,21,0,0
479,22,77,0
479,23,0,0
479,24,2,190
479,25,0,0
479,26,0,0
479,27,0,101
479,28,13,54
479,29,24,40
479,30,0,69
479,31,5,60
479,32,0,0
479,33,0,0
479,34,51,57
479,35,85,114
479,36,0,0
479,37,0,0
479,38,0,56
479,39,0,55
479,40,0,0
479,41,0,93
479,42,0,107
479,43,0,39
479,44,174,0
479,45,0,20
479,46,0,0
479,47,0,45
479,48,0,0
479,49,4,0
479,50,0,0
479,51,0,130
479,52,1,122
479,53,263,0
479,54,0,77
479,55,0,0
479,56,0,0
479,57,0,0
479,58,0,0
479,59,9,55
479,60,27,31
479,61,2,9
479,62,0,0
479,63,2,5
479,64,6,13
479,65,2,18
479,66,45,75
479,67,20,85
479,68,1,16
479,69,0,0
479,70,20,95
479,71,2,47
479,72,4,171
479,73,5,113
479,74,1,73
479,75,28,107
479,76,9,74
479,77,114,0
479,78,0,0
479,79,0,16
479,80,0,0
479,81,0,24
479,82,0,0
479,83,0,0
479,84,0,164
479,85,0,0
479,86,0,0
479,87,0,0
479,88,0,0
479,89,0,0
479,90,0,0
479,91,0,147
479,92,0,0
479,93,0,0
479,94,0,0
479,95,0,0
479,96,0,0
479,97,0,42
479,98,0,69
479,99,0,0
479,100,0,0
480,1,21,22
480,2,25,32
480,3,0,0
480,4,0,0
480,5,0,0
480,6,6,101
480,7,1,101
480,8,37,188
480,9,1,59
480,10,0,36
480,11,0,163
480,12,0,134
480,13,0,137
480,14,0,106
480,15,7,142
480,16,0,0
480,17,97,60
480,18,0,0
480,19,0,0
480,20,71,0
480,21,0,0
480,22,0,0
480,23,0,0
480,24,0,0
480,25,0,0
480,26,0,0
480,27,0,0
480,28,0,0
480,29,14,77
480,30,0,0
480,31,1,145
480,32,2,11
480,33,20,52
480,34,0,0
480,35,8,55
480,36,0,0
480,37,47,52
480,38,0,0
480,39,88,113
480,40,0,0
480,41,0,0
480,42,0,0
480,43,1,62
480,44,0,91
480,45,1,124
480,46,0,73
480,47,0,100
480,48,9,0
480,49,0,0
480,50,1,112
480,51,4,111
480,52,0,146
480,53,1,38
480,54,1,25
480,55,0,0
480,56,0,0
480,57,29,56
480,58,25,86
480,59,3,17
480,60,49,54
480,61,2,6
480,62,0,13
480,63,66,85
480,64,0,0
480,65,38,167
480,66,26,99
480,67,10,90
480,68,4,166
480,69,0,138
480,70,0,0
480,71,0,33
480,72,20,113
480,73,0,0
480,74,0,0
480,75,0,0
480,76,0,0
480,77,0,0
480,78,0,0
480,79,0,125
480,80,0,0
480,81,0,134
480,82,0,0
480,83,0,0
480,84,0,0
480,85,0,0
480,86,0,0
480,87,0,216
480,88,0,0
480,89,0,22
480,90,0,0
480,91,0,0
481,1,0,0
481,2,0,0
481,3,5,89
481,4,3,73
481,5,0,80
481,6,0,172
481,7,0,0
481,8,4,138
481,9,0,0
481,10,0,0
481,11,121,66
481,12,0,0
481,13,75,0
481,14,0,155
481,15,0,0
481,16,0,0
481,17,0,0
481,18,0,0
481,19,24,122
481,20,38,53
481,21,40,41
481,22,77,51
481,23,0,115
481,24,0,0
481,25,0,0
481,26,0,0
481,27,0,0
481,28,0,0
481,29,0,58
481,30,158,0
481,31,0,103
481,32,0,47
481,33,0,24
481,34,0,105
481,35,4,0
481,36,0,60
481,37,1,58
481,38,0,53
481,39,0,0
481,40,1,104
481,41,2,69
481,42,0,0
481,43,0,0
481,44,15,172
481,45,107,147
481,46,0,133
481,47,0,0
481,48,38,163
481,49,58,164
481,50,0,0
481,51,74,114
481,52,0,124
481,53,0,98
481,54,0,115
481,55,0,0
481,56,0,0
481,57,0,100
481,58,0,0
481,59,0,0
481,60,0,0
481,61,0,0
481,62,0,0
481,63,0,0
481,64,0,0
481,65,0,0
481,66,0,112
481,67,0,0
481,68,0,0
481,69,0,0
481,70,0,0
481,71,0,0
481,72,0,0
481,73,0,0
481,74,0,0
481,75,0,0
481,76,0,209
481,77,0,0
481,78,0,22
481,79,0,0
481,80,0,0
482,1,52,34
482,2,0,0
482,3,26,0
482,4,0,0
482,5,4,97
482,6,1,102
482,7,0,0
482,8,0,156
482,9,0,0
482,10,56,139
482,11,1,125
482,12,148,60
482,13,0,0
482,14,68,0
482,15,0,140
482,16,0,0
482,17,0,0
482,18,54,118
482,19,0,0
482,20,39,126
482,21,106,52
482,22,0,115
482,23,0,0
482,24,0,78
482,25,58,53
482,26,0,166
482,27,0,60
482,28,31,57
482,29,74,101
482,30,0,52
482,31,0,40
482,32,1,20
482,33,0,96
482,34,0,0
482,35,178,0
482,36,1,133
482,37,0,75
482,38,0,0
482,39,1,95
482,40,1,19
482,41,0,0
482,42,5,29
482,43,35,70
482,44,9,51
482,45,25,62
482,46,1,69
482,47,0,108
482,48,0,0
482,49,0,0
482,50,0,0
482,51,60,114
482,52,0,0
482,53,0,96
482,54,0,115
482,55,0,0
482,56,0,0
482,57,0,0
482,58,0,62
482,59,0,0
482,60,0,0
482,61,0,0
482,62,0,0
482,63,0,0
482,64,0,0
482,65,0,0
482,66,0,0
482,67,0,125
482,68,0,0
482,69,0,0
482,70,0,0
482,71,0,0
482,72,0,0
482,73,0,0
482,74,0,0
482,75,0,0
482,76,0,0
482,77,0,59
482,78,0,0
482,79,0,0
482,80,0,0
482,81,0,0
482,82,0,0
483,1,51,37
483,2,0,0
483,3,3,156
483,4,46,0
483,5,0,152
483,6,0,0
483,7,7,122
483,8,6,93
483,9,0,0
483,10,0,0
483,11,60,135
483,12,3,118
483,13,0,0
483,14,157,61
483,15,0,0
483,16,0,0
483,17,0,0
483,18,15,0
483,19,0,0
483,20,0,0
483,21,0,0
483,22,0,0
483,23,0,0
483,24,0,0
483,25,80,130
483,26,24,106
483,27,14,32
483,28,27,23
483,29,57,56
483,30,0,0
483,31,0,0
483,32,21,35
483,33,0,95
483,34,0,53
483,35,36,26
483,36,0,109
483,37,24,39
483,38,71,98
483,39,0,0
483,40,1,106
483,41,0,43
483,42,5,159
483,43,0,50
483,44,0,0
483,45,0,0
483,46,5,160
483,47,0,78
483,48,17,116
483,49,111,137
483,50,0,47
483,51,0,70
483,52,1,94
483,53,0,0
483,54,0,0
483,55,3,171
483,56,45,165
483,57,0,0
483,58,0,0
483,59,0,0
483,60,0,0
483,61,20,105
483,62,69,116
483,63,0,0
483,64,14,111
483,65,0,0
483,66,0,0
483,67,0,0
483,68,0,0
483,69,0,0
483,70,0,0
483,71,0,0
483,72,0,0
483,73,0,0
483,74,0,0
483,75,0,124
483,76,0,0
483,77,0,0
483,78,0,0
483,79,0,0
483,80,0,0
483,81,0,0
483,82,0,47
483,83,0,30
483,84,0,0
483,85,0,0
483,86,0,0
483,87,0,0
483,88,0,0
483,89,0,0
483,90,0,0
483,91,0,0
484,1,0,0
484,2,49,30
484,3,0,0
484,4,17,208
484,5,3,140
484,6,1,151
484,7,1,145
484,8,0,0
484,9,6,133
484,10,6,99
484,11,1,154
484,12,0,0
484,13,0,0
484,14,56,149
484,15,0,0
484,16,0,0
484,17,0,0
484,18,0,0
484,19,0,0
484,20,99,67
484,21,0,0
484,22,153,76
484,23,0,169
484,24,117,112
484,25,0,0
484,26,37,58
484,27,26,86
484,28,87,73
484,29,50,49
484,30,7,0
484,31,0,0
484,32,1,59
484,33,0,0
484,34,0,0
484,35,101,139
484,36,0,110
484,37,0,44
484,38,2,128
484,39,1,14
484,40,0,16
484,41,0,41
484,42,152,139
484,43,0,0
484,44,0,0
484,45,5,165
484,46,11,159
484,47,62,80
484,48,39,61
484,49,95,97
484,50,148,183
484,51,0,0
484,52,28,102
484,53,13,91
484,54,23,57
484,55,0,0
484,56,0,0
484,57,29,139
484,58,88,92
484,59,2,113
484,60,0,0
484,61,0,0
484,62,0,0
484,63,0,0
484,64,0,0
484,65,0,0
484,66,0,19
484,67,0,0
484,68,0,77
484,69,0,84
484,70,0,0
484,71,0,0
484,72,0,0
484,73,0,0
484,74,0,0
484,75,0,0
484,76,0,36
484,77,0,22
484,78,0,0
484,79,0,0
484,80,0,0
484,81,0,0
484,82,0,0
484,83,0,0
484,84,0,0
484,85,0,0
484,86,0,0
484,87,0,0
485,1,0,0
485,2,58,33
485,3,8,135
485,4,18,127
485,5,5,141
485,6,0,106
485,7,0,69
485,8,9,121
485,9,7,100
485,10,0,0
485,11,0,112
485,12,0,0
485,13,1,104
485,14,110,0
485,15,0,0
485,16,0,0
485,17,0,0
485,18,0,0
485,19,0,0
485,20,95,57
485,21,112,48
485,22,74,132
485,23,0,0
485,24,63,0
485,25,0,0
485,26,0,0
485,27,7,146
485,28,51,77
485,29,47,81
485,30,103,86
485,31,0,0
485,32,0,0
485,33,0,0
485,34,0,0
485,35,0,73
485,36,0,42
485,37,1,121
485,38,0,74
485,39,149,149
485,40,0,0
485,41,0,97
485,42,0,157
485,43,132,139
485,44,0,95
485,45,0,0
485,46,4,80
485,47,1,77
485,48,172,183
485,49,0,0
485,50,5,35
485,51,12,93
485,52,9,40
485,53,51,95
485,54,2,21
485,55,0,4
485,56,0,14
485,57,0,0
485,58,0,0
485,59,0,0
485,60,0,123
485,61,0,190
485,62,0,0
485,63,0,0
485,64,0,23
485,65,0,0
485,66,0,0
485,67,0,92
485,68,0,5
485,69,0,61
485,70,0,0
485,71,0,0
485,72,0,0
485,73,0,0
485,74,0,0
485,75,0,51
485,76,0,0
485,77,0,0
485,78,0,0
485,79,0,0
485,80,0,0
485,81,0,0
485,82,0,0
485,83,0,0
485,84,0,0
485,85,0,0
485,86,0,0
486,1,0,0
486,2,5,133
486,3,22,137
486,4,0,0
486,5,0,183
486,6,3,134
486,7,5,197
486,8,0,121
486,9,0,0
486,10,1,106
486,11,123,0
486,12,0,0
486,13,0,0
486,14,0,0
486,15,0,0
486,16,0,0
486,17,115,54
486,18,107,49
486,19,70,123
486,20,0,0
486,21,0,0
486,22,0,0
486,23,0,0
486,24,0,0
486,25,0,0
486,26,0,0
486,27,0,0
486,28,0,0
486,29,0,0
486,30,84,108
486,31,110,97
486,32,0,0
486,33,1,41
486,34,1,25
486,35,0,0
486,36,0,0
486,37,105,132
486,38,116,121
486,39,0,0
486,40,0,0
486,41,0,0
486,42,2,200
486,43,0,152
486,44,110,127
486,45,1,64
486,46,0,62
486,47,105,121
486,48,0,0
486,49,0,16
486,50,1,69
486,51,154,155
486,52,4,53
486,53,0,90
486,54,0,53
486,55,44,104
486,56,47,83
486,57,0,0
486,58,10,75
486,59,49,87
486,60,0,0
486,61,0,0
486,62,2,24
486,63,0,6
486,64,1,10
486,65,0,0
486,66,0,0
486,67,15,136
486,68,0,0
486,69,1,144
486,70,0,0
486,71,0,0
486,72,0,0
486,73,0,0
486,74,0,0
486,75,0,0
486,76,0,0
486,77,0,135
486,78,0,185
486,79,0,0
486,80,0,0
486,81,0,0
486,82,0,0
486,83,0,201
486,84,0,0
486,85,0,0
486,86,0,51
486,87,0,0
486,88,0,0
486,89,0,0
486,90,0,0
486,91,0,0
486,92,0,0
486,93,0,0
486,94,0,0
486,95,0,0
487,1,21,209
487,2,0,173
487,3,0,165
487,4,0,0
487,5,1,142
487,6,0,0
487,7,0,0
487,8,0,156
487,9,0,152
487,10,2,125
487,11,0,0
487,12,0,0
487,13,184,83
487,14,0,0
487,15,0,0
487,16,0,0
487,17,121,149
487,18,0,0
487,19,0,0
487,20,0,0
487,21,0,0
487,22,0,0
487,23,0,0
487,24,35,72
487,25,6,95
487,26,25,76
487,27,116,136
487,28,4,92
487,29,0,50
487,30,36,75
487,31,107,109
487,32,3,7
487,33,0,63
487,34,5,101
487,35,0,0
487,36,110,130
487,37,142,145
487,38,0,90
487,39,2,17
487,40,2,101
487,41,4,57
487,42,1,130
487,43,0,0
487,44,52,154
487,45,0,0
487,46,0,0
487,47,0,0
487,48,0,0
487,49,0,0
487,50,0,0
487,51,0,0
487,52,0,136
487,53,0,211
487,54,0,0
487,55,0,0
487,56,0,0
487,57,0,0
487,58,0,198
487,59,0,0
487,60,0,0
487,61,0,0
487,62,0,0
487,63,0,49
487,64,0,0
487,65,0,0
487,66,0,0
487,67,0,0
487,68,0,0
487,69,0,0
488,1,0,0
488,2,0,0
488,3,0,161
488,4,79,0
488,5,25,69
488,6,1,100
488,7,95,16
488,8,0,178
488,9,0,64
488,10,0,153
488,11,0,43
488,12,1,91
488,13,0,147
488,14,137,20
488,15,2,123
488,16,0,0
488,17,0,0
488,18,0,0
488,19,0,0
488,20,0,0
488,21,0,0
488,22,0,0
488,23,121,118
488,24,0,134
488,25,79,79
488,26,3,41
488,27,143,108
488,28,1,227
488,29,0,51
488,30,1,55
488,31,0,56
488,32,175,148
488,33,0,0
488,34,0,0
488,35,17,117
488,36,0,69
488,37,10,84
488,38,1,102
488,39,4,105
488,40,2,72
488,41,188,187
488,42,5,132
488,43,48,154
488,44,99,142
488,45,27,119
488,46,0,0
488,47,0,0
488,48,0,0
488,49,0,0
488,50,0,0
488,51,0,0
488,52,0,0
488,53,0,0
488,54,0,0
488,55,0,189
488,56,0,131
488,57,0,0
488,58,0,0
488,59,0,0
488,60,0,201
488,61,0,0
488,62,0,234
488,63,0,0
488,64,0,0
488,65,0,0
488,66,0,0
488,67,0,0
488,68,0,0
488,69,0,0
489,1,0,0
489,2,160,0
489,3,0,143
489,4,0,0
489,5,123,15
489,6,64,0
489,7,1,125
489,8,0,105
489,9,0,0
489,10,0,119
489,11,0,127
489,12,0,62
489,13,0,88
489,14,0,116
489,15,0,151
489,16,0,0
489,17,0,0
489,18,0,0
489,19,0,0
489,20,0,0
489,21,0,0
489,22,0,0
489,23,140,124
489,24,0,136
489,25,0,0
489,26,0,0
489,27,69,79
489,28,2,36
489,29,57,46
489,30,120,79
489,31,0,0
489,32,1,231
489,33,0,45
489,34,0,28
489,35,0,56
489,36,0,8
489,37,0,12
489,38,0,32
489,39,195,0
489,40,7,103
489,41,16,36
489,42,8,103
489,43,0,109
489,44,0,0
489,45,0,0
489,46,3,101
489,47,0,54
489,48,138,166
489,49,1,36
489,50,2,56
489,51,4,163
489,52,26,78
489,53,61,105
489,54,9,11
489,55,9,41
489,56,4,15
489,57,13,80
489,58,39,61
489,59,0,0
489,60,0,0
489,61,33,116
489,62,0,0
489,63,0,0
489,64,0,0
489,65,0,0
489,66,0,0
489,67,0,0
489,68,0,0
489,69,0,0
489,70,0,0
489,71,0,0
489,72,0,138
489,73,0,0
489,74,0,159
489,75,0,0
489,76,0,0
489,77,0,0
489,78,0,0
489,79,0,232
489,80,0,0
489,81,0,0
489,82,0,0
489,83,0,0
489,84,0,128
489,85,0,0
489,86,0,34
489,87,0,0
489,88,0,0
489,89,0,0
489,90,0,0
489,91,0,0
489,92,0,0
489,93,0,0
490,1,0,135
490,2,0,143
490,3,0,0
490,4,63,0
490,5,0,173
490,6,1,92
490,7,1,80
490,8,2,137
490,9,1,128
490,10,0,157
490,11,0,0
490,12,0,0
490,13,0,0
490,14,0,0
490,15,0,0
490,16,143,107
490,17,0,0
490,18,0,0
490,19,86,73
490,20,0,0
490,21,2,35
490,22,0,0
490,23,0,53
490,24,1,166
490,25,121,72
490,26,52,45
490,27,0,0
490,28,0,48
490,29,0,0
490,30,0,90
490,31,0,0
490,32,0,0
490,33,0,40
490,34,0,0
490,35,0,0
490,36,0,89
490,37,0,0
490,38,0,56
490,39,88,0
490,40,1,0
490,41,87,0
490,42,3,87
490,43,15,57
490,44,9,86
490,45,0,0
490,46,0,87
490,47,0,85
490,48,5,85
490,49,14,78
490,50,8,41
490,51,0,110
490,52,0,0
490,53,102,166
490,54,0,0
490,55,54,137
490,56,0,0
490,57,0,0
490,58,0,0
490,59,0,0
490,60,0,0
490,61,0,0
490,62,0,0
490,63,0,114
490,64,0,0
490,65,0,80
490,66,0,0
490,67,0,140
490,68,0,0
490,69,0,0
490,70,0,0
490,71,0,0
490,72,0,0
490,73,0,0
490,74,0,0
490,75,0,0
490,76,0,160
490,77,0,0
490,78,0,0
490,79,0,0
490,80,0,0
490,81,0,0
490,82,0,0
490,83,0,0
491,1,1,155
491,2,88,0
491,3,36,0
491,4,22,0
491,5,5,0
491,6,20,3
491,7,6,0
491,8,23,0
491,9,41,0
491,10,22,0
491,11,0,140
491,12,0,0
491,13,79,76
491,14,0,169
491,15,2,160
491,16,1,150
491,17,63,140
491,18,0,0
491,19,0,0
491,20,34,0
491,21,0,143
491,22,0,0
491,23,0,0
491,24,0,0
491,25,0,0
491,26,0,0
491,27,2,46
491,28,0,0
491,29,0,105
491,30,34,18
491,31,18,36
491,32,6,3
491,33,111,77
491,34,63,70
491,35,0,108
491,36,0,0
491,37,0,0
491,38,0,0
491,39,23,179
491,40,1,31
491,41,0,0
491,42,1,107
491,43,0,76
491,44,1,20
491,45,3,92
491,46,223,179
491,47,24,95
491,48,4,31
491,49,0,0
491,50,0,37
491,51,0,0
491,52,0,0
491,53,4,94
491,54,53,114
491,55,17,49
491,56,37,57
491,57,2,36
491,58,12,88
491,59,0,0
491,60,0,0
491,61,0,0
491,62,0,0
491,63,9,68
491,64,0,84
491,65,0,0
491,66,0,125
491,67,0,57
491,68,0,0
491,69,0,0
491,70,0,62
491,71,0,0
491,72,0,54
491,73,0,0
491,74,0,0
491,75,0,0
491,76,0,0
491,77,0,260
491,78,0,0
491,79,0,0
491,80,0,0
491,81,0,128
491,82,0,0
491,83,0,0
491,84,0,0
492,1,9,221
492,2,0,153
492,3,102,0
492,4,49,0
492,5,39,1
492,6,0,0
492,7,12,0
492,8,44,0
492,9,22,39
492,10,50,39
492,11,68,0
492,12,86,0
492,13,0,181
492,14,58,151
492,15,3,180
492,16,236,153
492,17,104,0
492,18,0,0
492,19,0,0
492,20,0,0
492,21,0,0
492,22,1,93
492,23,0,102
492,24,0,162
492,25,1,114
492,26,66,188
492,27,62,204
492,28,0,0
492,29,0,0
492,30,0,0
492,31,1,100
492,32,0,51
492,33,1,49
492,34,0,134
492,35,3,91
492,36,28,109
492,37,210,169
492,38,5,42
492,39,1,40
492,40,0,0
492,41,11,121
492,42,223,153
492,43,2,42
492,44,0,0
492,45,0,0
492,46,0,0
492,47,12,74
492,48,0,81
492,49,0,0
492,50,0,70
492,51,0,0
492,52,0,0
492,53,0,0
492,54,0,0
492,55,0,0
492,56,0,0
492,57,0,127
492,58,0,0
492,59,0,108
492,60,0,0
492,61,0,74
492,62,0,0
492,63,0,233
492,64,0,0
492,65,0,0
492,66,0,0
492,67,0,0
492,68,0,126
492,69,0,0
492,70,0,0
492,71,0,0
492,72,0,0
492,73,0,0
493,1,11,203
493,2,161,0
493,3,0,0
493,4,108,0
493,5,36,43
493,6,96,37
493,7,0,0
493,8,0,187
493,9,0,0
493,10,0,126
493,11,0,0
493,12,0,127
493,13,232,148
493,14,0,0
493,15,0,0
493,16,0,0
493,17,0,0
493,18,0,129
493,19,0,104
493,20,201,111
493,21,0,159
493,22,0,0
493,23,17,139
493,24,24,59
493,25,28,61
493,26,0,0
493,27,67,205
493,28,0,0
493,29,1,79
493,30,0,0
493,31,0,100
493,32,0,56
493,33,2,100
493,34,34,101
493,35,188,150
493,36,5,94
493,37,0,0
493,38,0,0
493,39,120,165
493,40,20,109
493,41,0,0
493,42,63,94
493,43,8,116
493,44,5,129
493,45,0,0
493,46,9,63
493,47,0,75
493,48,0,0
493,49,0,146
493,50,0,0
493,51,0,0
493,52,0,0
493,53,0,116
493,54,0,0
493,55,0,0
493,56,0,0
493,57,0,150
493,58,0,0
493,59,0,0
493,60,0,0
493,61,0,0
493,62,0,0
493,63,0,0
493,64,0,0
494,1,102,0
494,2,145,2
494,3,0,145
494,4,93,67
494,5,186,24
494,6,1,142
494,7,141,148
494,8,0,0
494,9,0,0
494,10,204,127
494,11,204,148
494,12,0,0
494,13,0,0
494,14,0,140
494,15,1,40
494,16,255,154
494,17,3,164
494,18,11,168
494,19,0,0
494,20,7,40
494,21,3,47
494,22,27,60
494,23,19,42
494,24,8,171
494,25,0,0
494,26,79,198
494,27,0,0
494,28,3,75
494,29,130,146
494,30,0,0
494,31,0,0
494,32,66,142
494,33,0,0
494,34,200,150
494,35,0,0
494,36,0,0
494,37,0,0
494,38,32,191
494,39,0,0
494,40,14,75
494,41,7,66
494,42,0,39
494,43,0,0
494,44,0,0
494,45,0,0
494,46,0,0
494,47,0,0
494,48,0,119
494,49,0,0
494,50,0,0
494,51,0,0
494,52,0,0
494,53,0,0
494,54,0,0
494,55,0,0
494,56,0,0
494,57,0,0
494,58,0,0
494,59,0,0
494,60,0,0
495,1,127,0
495,2,98,29
495,3,1,129
495,4,0,0
495,5,0,0
495,6,219,26
495,7,34,0
495,8,1,140
495,9,0,0
495,10,0,153
495,11,184,19
495,12,96,126
495,13,192,137
495,14,0,0
495,15,0,0
495,16,200,111
495,17,235,150
495,18,0,0
495,19,0,0
495,20,0,129
495,21,280,171
495,22,0,0
495,23,0,0
495,24,13,100
495,25,3,53
495,26,5,15
495,27,42,80
495,28,3,97
495,29,10,107
495,30,88,209
495,31,3,73
495,32,0,0
495,33,0,0
495,34,0,0
495,35,78,178
495,36,0,0
495,37,182,156
495,38,0,0
495,39,50,175
495,40,0,0
495,41,0,0
495,42,12,90
495,43,65,90
495,44,6,54
495,45,0,0
495,46,1,18
495,47,0,0
495,48,0,42
495,49,0,0
495,50,0,0
495,51,0,0
495,52,0,0
495,53,0,108
495,54,0,0
495,55,0,0
495,56,0,0
495,57,0,0
495,58,0,0
495,59,0,0
495,60,0,0
496,1,0,144
496,2,1,66
496,3,0,66
496,4,0,0
496,5,0,127
496,6,0,0
496,7,3,0
496,8,166,0
496,9,128,21
496,10,0,157
496,11,54,195
496,12,3,149
496,13,182,21
496,14,0,0
496,15,91,119
496,16,67,81
496,17,129,68
496,18,0,0
496,19,0,0
496,20,241,138
496,21,0,0
496,22,318,88
496,23,0,0
496,24,0,0
496,25,0,0
496,26,0,0
496,27,156,63
496,28,183,124
496,29,90,50
496,30,3,76
496,31,2,78
496,32,5,82
496,33,97,247
496,34,0,0
496,35,2,65
496,36,0,0
496,37,0,0
496,38,68,184
496,39,0,0
496,40,0,0
496,41,0,0
496,42,14,92
496,43,72,87
496,44,6,44
496,45,1,13
496,46,0,0
496,47,0,48
496,48,0,94
496,49,0,0
496,50,0,0
496,51,0,0
496,52,0,95
496,53,0,0
496,54,0,0
496,55,0,0
496,56,0,0
496,57,0,0
496,58,0,0
496,59,0,0
496,60,0,0
496,61,0,0
496,62,0,0
496,63,0,0
496,64,0,0
496,65,0,0
497,1,0,185
497,2,0,0
497,3,0,126
497,4,0,0
497,5,0,0
497,6,0,0
497,7,71,14
497,8,0,116
497,9,5,0
497,10,132,0
497,11,95,19
497,12,0,103
497,13,0,154
497,14,53,187
497,15,206,0
497,16,0,148
497,17,0,0
497,18,165,17
497,19,88,119
497,20,59,82
497,21,159,104
497,22,0,0
497,23,0,0
497,24,38,172
497,25,0,0
497,26,0,0
497,27,344,87
497,28,0,0
497,29,0,0
497,30,0,0
497,31,182,114
497,32,0,53
497,33,3,113
497,34,5,114
497,35,0,0
497,36,59,178
497,37,111,118
497,38,0,0
497,39,0,0
497,40,0,0
497,41,0,0
497,42,169,158
497,43,0,0
497,44,88,153
497,45,0,0
497,46,0,0
497,47,0,0
497,48,0,75
497,49,8,206
497,50,0,46
497,51,1,74
497,52,0,0
497,53,0,0
497,54,0,0
497,55,0,0
497,56,76,90
497,57,9,39
497,58,10,28
497,59,2,57
497,60,0,112
497,61,0,180
497,62,0,85
497,63,0,0
497,64,0,0
497,65,0,0
497,66,0,54
497,67,0,0
497,68,0,107
497,69,0,0
497,70,0,208
497,71,0,0
497,72,0,0
497,73,0,0
497,74,0,0
497,75,0,0
497,76,0,0
497,77,0,0
497,78,0,0
497,79,0,0
497,80,0,0
497,81,0,0
498,1,0,50
498,2,0,149
498,3,7,194
498,4,0,142
498,5,0,0
498,6,7,0
498,7,113,126
498,8,54,82
498,9,151,106
498,10,0,0
498,11,0,0
498,12,77,0
498,13,3,125
498,14,0,0
498,15,98,0
498,16,296,156
498,17,0,0
498,18,0,50
498,19,0,153
498,20,0,0
498,21,0,0
498,22,13,198
498,23,0,0
498,24,54,147
498,25,109,112
498,26,0,0
498,27,0,0
498,28,0,0
498,29,0,0
498,30,306,39
498,31,0,0
498,32,4,19
498,33,0,0
498,34,54,119
498,35,6,183
498,36,0,0
498,37,134,99
498,38,0,0
498,39,0,0
498,40,0,0
498,41,0,0
498,42,70,49
498,43,46,118
498,44,22,56
498,45,0,0
498,46,0,104
498,47,0,0
498,48,0,0
498,49,0,0
498,50,0,0
498,51,0,0
498,52,0,0
498,53,0,0
498,54,0,114
498,55,0,0
498,56,0,0
498,57,0,0
498,58,0,0
498,59,0,0
498,60,0,0
498,61,0,0
498,62,0,0
498,63,0,0
499,1,0,110
499,2,1,162
499,3,91,0
499,4,0,143
499,5,2,192
499,6,0,0
499,7,7,141
499,8,0,0
499,9,0,0
499,10,82,163
499,11,0,0
499,12,289,148
499,13,2,122
499,14,0,80
499,15,100,0
499,16,200,102
499,17,0,67
499,18,0,0
499,19,0,20
499,20,0,71
499,21,179,94
499,22,202,97
499,23,1,87
499,24,0,76
499,25,1,33
499,26,172,130
499,27,27,141
499,28,0,0
499,29,13,164
499,30,5,172
499,31,0,0
499,32,1,55
499,33,71,161
499,34,195,0
499,35,0,0
499,36,0,0
499,37,254,143
499,38,0,0
499,39,0,0
499,40,2,73
499,41,119,144
499,42,3,21
499,43,52,111
499,44,8,144
499,45,139,93
499,46,12,124
499,47,96,108
499,48,87,144
499,49,0,100
499,50,0,0
499,51,0,0
499,52,0,0
499,53,0,0
499,54,0,0
499,55,0,0
499,56,0,0
499,57,0,0
499,58,0,0
499,59,0,0
499,60,0,0
499,61,0,0
499,62,0,0
499,63,0,0
499,64,0,0
500,1,0,104
500,2,2,167
500,3,0,145
500,4,1,196
500,5,7,129
500,6,0,154
500,7,0,0
500,8,0,0
500,9,287,0
500,10,0,0
500,11,93,156
500,12,5,139
500,13,41,75
500,14,8,92
500,15,0,0
500,16,308,151
500,17,3,23
500,18,135,75
500,19,0,0
500,20,1,150
500,21,0,56
500,22,101,127
500,23,0,25
500,24,110,68
500,25,140,56
500,26,0,85
500,27,1,77
500,28,2,29
500,29,260,159
500,30,0,13
500,31,20,194
500,32,71,183
500,33,0,0
500,34,0,0
500,35,165,99
500,36,128,51
500,37,0,0
500,38,1,68
500,39,146,134
500,40,0,22
500,41,5,107
500,42,47,71
500,43,53,66
500,44,83,126
500,45,0,0
500,46,0,60
500,47,0,77
500,48,0,0
500,49,0,0
500,50,0,0
500,51,0,0
500,52,0,0
500,53,0,0
500,54,0,66
500,55,0,66
500,56,0,0
500,57,0,123
500,58,0,0
500,59,0,0
500,60,0,0
500,61,0,89
500,62,0,0
500,63,0,0
500,64,0,0
500,65,0,0
500,66,0,0
500,67,0,0
500,68,0,0
501,1,0,0
501,2,0,0
501,3,0,143
501,4,280,2
501,5,0,0
501,6,0,115
501,7,0,0
501,8,0,0
501,9,112,141
501,10,5,112
501,11,1,137
501,12,0,0
501,13,26,48
501,14,5,56
501,15,2,138
501,16,18,25
501,17,2,32
501,18,287,166
501,19,37,81
501,20,0,0
501,21,0,0
501,22,0,0
501,23,0,0
501,24,0,0
501,25,1,32
501,26,0,31
501,27,0,0
501,28,1,28
501,29,165,73
501,30,253,100
501,31,0,90
501,32,1,69
501,33,1,29
501,34,0,23
501,35,0,12
501,36,0,0
501,37,86,116
501,38,25,71
501,39,0,0
501,40,58,89
501,41,0,0
501,42,0,0
501,43,281,121
501,44,0,0
501,45,0,0
501,46,0,0
501,47,20,136
501,48,9,107
501,49,89,97
501,50,93,127
501,51,0,0
501,52,0,93
501,53,0,95
501,54,0,0
501,55,0,48
501,56,0,50
501,57,0,0
501,58,0,60
501,59,0,33
501,60,0,0
501,61,0,96
501,62,0,82
501,63,0,0
501,64,0,0
501,65,0,73
501,66,0,0
501,67,0,0
501,68,0,0
501,69,0,114
501,70,0,0
501,71,0,0
501,72,0,166
501,73,0,0
501,74,0,0
501,75,0,0
501,76,0,0
501,77,0,0
501,78,0,0
501,79,0,0
502,1,0,0
502,2,0,0
502,3,0,187
502,4,7,120
502,5,4,77
502,6,22,105
502,7,0,0
502,8,1,148
502,9,0,76
502,10,3,63
502,11,0,38
502,12,87,98
502,13,0,0
502,14,79,82
502,15,1,144
502,16,0,0
502,17,0,0
502,18,262,0
502,19,1,64
502,20,116,0
502,21,161,75
502,22,201,91
502,23,107,32
502,24,0,0
502,25,0,137
502,26,4,40
502,27,341,162
502,28,101,160
502,29,0,0
502,30,12,150
502,31,0,0
502,32,217,14
502,33,262,116
502,34,0,71
502,35,1,40
502,36,0,0
502,37,134,113
502,38,20,122
502,39,145,0
502,40,11,108
502,41,82,89
502,42,0,115
502,43,0,79
502,44,0,78
502,45,0,27
502,46,0,54
502,47,0,0
502,48,0,62
502,49,0,35
502,50,0,0
502,51,0,0
502,52,0,59
502,53,0,21
502,54,0,19
502,55,0,0
502,56,0,0
502,57,0,58
502,58,0,0
502,59,0,0
502,60,0,27
502,61,0,0
502,62,0,86
502,63,0,0
502,64,0,0
502,65,0,0
502,66,0,0
502,67,0,151
502,68,0,0
502,69,0,0
502,70,0,0
502,71,0,0
502,72,0,0
502,73,0,0
502,74,0,0
502,75,0,0
502,76,0,0
502,77,0,0
503,1,0,0
503,2,0,0
503,3,0,184
503,4,11,175
503,5,15,192
503,6,6,148
503,7,0,179
503,8,0,0
503,9,95,91
503,10,0,0
503,11,73,89
503,12,0,0
503,13,0,0
503,14,1,122
503,15,89,0
503,16,93,27
503,17,38,28
503,18,229,72
503,19,100,38
503,20,165,0
503,21,0,101
503,22,5,39
503,23,382,115
503,24,0,0
503,25,9,134
503,26,0,0
503,27,1,39
503,28,0,0
503,29,23,121
503,30,15,111
503,31,0,75
503,32,0,11
503,33,0,45
503,34,0,27
503,35,0,48
503,36,0,23
503,37,0,84
503,38,0,0
503,39,0,0
503,40,0,58
503,41,0,44
503,42,0,0
503,43,0,0
503,44,0,0
503,45,0,61
503,46,0,0
503,47,0,0
503,48,0,0
503,49,0,0
503,50,0,0
503,51,0,0
503,52,0,0
503,53,0,0
503,54,0,0
503,55,0,0
503,56,0,0
503,57,0,0
503,58,0,0
503,59,0,0
503,60,0,0
503,61,0,0
503,62,0,0
503,63,0,0
503,64,0,0
503,65,0,0
503,66,0,0
504,1,64,113
504,2,0,0
504,3,7,171
504,4,0,0
504,5,4,137
504,6,0,164
504,7,140,140
504,8,0,0
504,9,0,0
504,10,0,0
504,11,0,0
504,12,0,0
504,13,0,0
504,14,248,62
504,15,55,14
504,16,30,6
504,17,29,22
504,18,122,38
504,19,169,0
504,20,389,120
504,21,0,0
504,22,0,0
504,23,9,62
504,24,8,38
504,25,3,34
504,26,3,95
504,27,8,87
504,28,0,0
504,29,27,143
504,30,178,0
504,31,0,0
504,32,0,0
504,33,160,117
504,34,3,123
504,35,0,0
504,36,0,49
504,37,0,96
504,38,0,0
504,39,0,93
504,40,0,0
504,41,0,89
504,42,0,0
504,43,0,66
504,44,0,72
504,45,0,0
504,46,0,135
504,47,0,0
504,48,0,105
504,49,0,0
504,50,0,0
504,51,0,0
504,52,0,0
504,53,0,0
504,54,0,0
504,55,0,0
504,56,0,0
504,57,0,0
504,58,0,0
504,59,0,0
504,60,0,0
504,61,0,0
504,62,0,0
504,63,0,0
504,64,0,0
504,65,0,0
505,1,72,129
505,2,0,0
505,3,0,162
505,4,7,176
505,5,0,153
505,6,0,0
505,7,0,111
505,8,14,128
505,9,0,0
505,10,0,0
505,11,3,118
505,12,0,0
505,13,93,101
505,14,251,121
505,15,0,0
505,16,0,0
505,17,0,0
505,18,0,0
505,19,0,0
505,20,274,77
505,21,47,31
505,22,196,0
505,23,94,33
505,24,392,135
505,25,0,0
505,26,147,62
505,27,224,81
505,28,16,100
505,29,0,0
505,30,13,120
505,31,81,132
505,32,0,0
505,33,28,160
505,34,36,80
505,35,84,56
505,36,15,13
505,37,91,37
505,38,1,39
505,39,5,104
505,40,76,97
505,41,0,60
505,42,0,0
505,43,0,0
505,44,0,89
505,45,0,73
505,46,0,0
505,47,0,92
505,48,0,0
505,49,0,128
505,50,0,0
505,51,0,0
505,52,0,0
505,53,0,0
505,54,0,0
505,55,0,0
505,56,0,0
505,57,0,0
505,58,0,125
505,59,0,0
505,60,0,0
505,61,0,0
505,62,0,0
505,63,0,0
505,64,0,0
505,65,0,0
505,66,0,0
505,67,0,0
505,68,0,0
505,69,0,0
505,70,0,0
505,71,0,0
506,1,77,131
506,2,0,0
506,3,0,170
506,4,9,181
506,5,0,155
506,6,2,203
506,7,189,187
506,8,0,158
506,9,18,155
506,10,3,126
506,11,0,0
506,12,2,95
506,13,0,0
506,14,0,0
506,15,249,110
506,16,0,0
506,17,190,0
506,18,1,84
506,19,143,54
506,20,27,28
506,21,163,49
506,22,301,114
506,23,0,0
506,24,0,0
506,25,0,0
506,26,0,0
506,27,0,0
506,28,0,0
506,29,0,0
506,30,16,141
506,31,0,0
506,32,59,110
506,33,22,173
506,34,139,122
506,35,0,0
506,36,80,56
506,37,32,46
506,38,82,42
506,39,0,0
506,40,68,105
506,41,0,0
506,42,0,85
506,43,0,0
506,44,0,66
506,45,0,0
506,46,0,81
506,47,0,0
506,48,0,90
506,49,0,0
506,50,0,141
506,51,0,0
506,52,0,0
506,53,0,0
506,54,0,0
506,55,0,0
506,56,0,0
506,57,0,0
506,58,0,0
506,59,0,0
506,60,0,0
506,61,0,0
506,62,0,0
506,63,0,0
506,64,0,0
506,65,0,0
506,66,0,0
506,67,0,0
506,68,0,0
506,69,0,0
506,70,0,0
506,71,0,0
506,72,0,0
507,1,77,133
507,2,0,0
507,3,17,91
507,4,9,191
507,5,16,105
507,6,0,170
507,7,190,186
507,8,0,155
507,9,2,168
507,10,0,0
507,11,0,0
507,12,0,100
507,13,0,0
507,14,1,112
507,15,0,0
507,16,0,0
507,17,199,0
507,18,0,0
507,19,2,132
507,20,289,116
507,21,326,140
507,22,0,0
507,23,0,0
507,24,387,150
507,25,0,0
507,26,83,177
507,27,16,108
507,28,16,123
507,29,0,0
507,30,120,112
507,31,0,33
507,32,0,107
507,33,0,202
507,34,0,37
507,35,0,85
507,36,0,190
507,37,0,0
507,38,0,117
507,39,0,0
507,40,0,93
507,41,0,26
507,42,0,93
507,43,0,122
507,44,0,79
507,45,0,0
507,46,0,75
507,47,0,105
507,48,0,0
507,49,0,0
507,50,0,0
507,51,0,0
507,52,0,0
507,53,0,138
507,54,0,0
507,55,0,0
507,56,0,0
507,57,0,0
507,58,0,0
507,59,0,0
507,60,0,0
507,61,0,0
507,62,0,0
507,63,0,0
507,64,0,0
507,65,0,0
507,66,0,0
508,1,0,0
508,2,7,172
508,3,114,157
508,4,0,187
508,5,0,0
508,6,2,165
508,7,0,105
508,8,0,92
508,9,0,0
508,10,1,103
508,11,0,0
508,12,0,0
508,13,0,0
508,14,0,0
508,15,3,72
508,16,0,0
508,17,0,0
508,18,1,145
508,19,300,139
508,20,174,89
508,21,0,0
508,22,262,113
508,23,0,0
508,24,7,34
508,25,2,77
508,26,0,0
508,27,39,158
508,28,58,145
508,29,55,72
508,30,18,155
508,31,131,108
508,32,18,124
508,33,166,152
508,34,0,57
508,35,0,134
508,36,0,56
508,37,0,0
508,38,0,0
508,39,0,0
508,40,0,168
508,41,0,30
508,42,0,0
508,43,0,172
508,44,0,0
508,45,0,0
508,46,0,0
508,47,0,0
508,48,0,0
508,49,0,0
508,50,0,0
508,51,0,0
508,52,0,0
508,53,0,0
508,54,0,0
508,55,0,0
508,56,0,0
508,57,0,0
508,58,0,0
508,59,0,0
508,60,0,0
508,61,0,0
509,1,7,183
509,2,0,0
509,3,97,128
509,4,0,196
509,5,37,116
509,6,99,115
509,7,0,0
509,8,0,134
509,9,1,109
509,10,331,51
509,11,0,59
509,12,1,83
509,13,0,0
509,14,0,0
509,15,1,43
509,16,0,50
509,17,0,0
509,18,0,0
509,19,2,126
509,20,11,151
509,21,104,204
509,22,2,152
509,23,198,99
509,24,0,0
509,25,162,59
509,26,131,86
509,27,0,0
509,28,6,114
509,29,0,0
509,30,0,0
509,31,3,138
509,32,0,0
509,33,200,230
509,34,3,44
509,35,4,29
509,36,32,222
509,37,0,0
509,38,0,156
509,39,0,125
509,40,0,33
509,41,0,171
509,42,0,0
509,43,0,43
509,44,0,101
509,45,0,0
509,46,0,0
509,47,0,0
509,48,0,36
509,49,0,200
509,50,0,0
509,51,0,56
509,52,0,104
509,53,0,0
509,54,0,0
509,55,0,0
509,56,0,0
509,57,0,0
509,58,0,0
509,59,0,0
509,60,0,0
509,61,0,0
509,62,0,0
509,63,0,0
509,64,0,0
509,65,0,0
509,66,0,0
509,67,0,0
509,68,0,0
509,69,0,0
509,70,0,0
509,71,0,0
510,1,0,159
510,2,2,196
510,3,142,198
510,4,0,131
510,5,0,116
510,6,1,89
510,7,1,86
510,8,1,119
510,9,0,0
510,10,1,51
510,11,0,49
510,12,0,0
510,13,22,120
510,14,4,132
510,15,13,132
510,16,132,143
510,17,2,52
510,18,0,0
510,19,3,162
510,20,0,0
510,21,0,0
510,22,0,0
510,23,0,0
510,24,0,0
510,25,4,117
510,26,0,0
510,27,7,119
510,28,217,233
510,29,3,26
510,30,4,44
510,31,1,13
510,32,12,127
510,33,2,42
510,34,1,67
510,35,0,151
510,36,0,132
510,37,0,199
510,38,0,28
510,39,0,0
510,40,0,188
510,41,0,88
510,42,0,0
510,43,0,58
510,44,0,0
510,45,0,0
510,46,0,0
510,47,0,0
510,48,0,32
510,49,0,0
510,50,0,0
510,51,0,96
510,52,0,0
510,53,0,0
510,54,0,0
510,55,0,0
510,56,0,0
510,57,0,0
510,58,0,0
510,59,0,0
510,60,0,0
510,61,0,0
510,62,0,0
510,63,0,0
510,64,0,0
510,65,0,0
510,66,0,0
510,67,0,0
510,68,0,0
510,69,0,0
511,1,12,55
511,2,11,74
511,3,0,160
511,4,0,124
511,5,4,162
511,6,149,192
511,7,0,136
511,8,1,113
511,9,9,144
511,10,0,0
511,11,39,97
511,12,6,109
511,13,3,50
511,14,3,56
511,15,0,0
511,16,21,102
511,17,1,92
511,18,3,125
511,19,13,75
511,20,85,86
511,21,69,111
511,22,3,175
511,23,0,0
511,24,5,115
511,25,0,0
511,26,0,0
511,27,134,190
511,28,4,34
511,29,224,222
511,30,2,24
511,31,4,46
511,32,2,18
511,33,14,189
511,34,0,181
511,35,0,73
511,36,0,95
511,37,0,28
511,38,0,0
511,39,0,82
511,40,0,0
511,41,0,59
511,42,0,127
511,43,0,38
511,44,0,0
511,45,0,0
511,46,0,0
511,47,0,0
511,48,0,0
511,49,0,141
511,50,0,0
511,51,0,0
511,52,0,0
511,53,0,0
511,54,0,0
511,55,0,0
511,56,0,0
511,57,0,0
511,58,0,0
511,59,0,0
511,60,0,0
511,61,0,0
511,62,0,0
511,63,0,0
511,64,0,0
511,65,0,0
511,66,0,0
512,1,0,0
512,2,18,105
512,3,21,107
512,4,0,0
512,5,2,136
512,6,154,192
512,7,0,157
512,8,0,112
512,9,7,153
512,10,0,0
512,11,2,143
512,12,93,134
512,13,0,0
512,14,0,0
512,15,0,122
512,16,5,98
512,17,139,238
512,18,6,213
512,19,0,0
512,20,0,0
512,21,0,112
512,22,4,112
512,23,80,70
512,24,129,95
512,25,88,44
512,26,223,207
512,27,0,0
512,28,5,30
512,29,7,215
512,30,0,108
512,31,0,68
512,32,0,28
512,33,0,108
512,34,0,184
512,35,0,120
512,36,0,0
512,37,0,0
512,38,0,0
512,39,0,74
512,40,0,0
512,41,0,0
512,42,0,0
512,43,0,95
512,44,0,0
512,45,0,0
512,46,0,0
512,47,0,0
512,48,0,0
512,49,0,0
512,50,0,0
512,51,0,0
512,52,0,0
512,53,0,0
512,54,0,0
512,55,0,0
512,56,0,0
512,57,0,0
512,58,0,0
512,59,0,0
512,60,0,0
512,61,0,0
512,62,0,0
512,63,0,0
512,64,0,0
512,65,0,0
512,66,0,0
512,67,0,0
512,68,0,0
512,69,0,0
512,70,0,0
512,71,0,0
513,1,0,0
513,2,0,0
513,3,1,90
513,4,26,107
513,5,0,141
513,6,4,63
513,7,0,87
513,8,1,140
513,9,0,0
513,10,2,71
513,11,0,96
513,12,67,79
513,13,51,79
513,14,0,0
513,15,9,13
513,16,147,235
513,17,0,0
513,18,2,100
513,19,1,118
513,20,216,179
513,21,4,99
513,22,32,51
513,23,114,75
513,24,1,6
513,25,126,57
513,26,207,188
513,27,203,152
513,28,106,73
513,29,0,45
513,30,2,188
513,31,34,25
513,32,81,60
513,33,49,32
513,34,76,65
513,35,226,161
513,36,36,194
513,37,262,226
513,38,11,206
513,39,88,146
513,40,0,120
513,41,0,66
513,42,0,111
513,43,0,70
513,44,0,68
513,45,0,161
513,46,0,0
513,47,0,0
513,48,0,0
513,49,0,0
513,50,0,0
513,51,0,0
513,52,0,0
513,53,0,0
513,54,0,0
513,55,0,0
513,56,0,0
513,57,0,0
513,58,0,0
513,59,0,0
513,60,0,0
513,61,0,0
513,62,0,0
513,63,0,0
513,64,0,0
513,65,0,0
513,66,0,0
513,67,0,0
513,68,0,0
513,69,0,0
513,70,0,0
513,71,0,0
513,72,0,0
514,1,3,16
514,2,0,139
514,3,32,95
514,4,0,83
514,5,8,108
514,6,1,90
514,7,0,0
514,8,0,0
514,9,1,82
514,10,0,137
514,11,3,150
514,12,0,0
514,13,2,69
514,14,0,101
514,15,105,130
514,16,0,72
514,17,1,79
514,18,40,83
514,19,15,103
514,20,0,0
514,21,12,12
514,22,5,159
514,23,130,234
514,24,16,174
514,25,0,0
514,26,142,134
514,27,22,101
514,28,111,67
514,29,47,135
514,30,48,68
514,31,152,84
514,32,256,190
514,33,195,134
514,34,5,177
514,35,16,19
514,36,94,53
514,37,118,112
514,38,41,212
514,39,148,172
514,40,0,0
514,41,0,0
514,42,0,0
514,43,122,79
514,44,289,226
514,45,9,207
514,46,120,110
514,47,61,63
514,48,5,64
514,49,0,0
514,50,0,119
514,51,0,69
514,52,0,88
514,53,0,128
514,54,0,221
514,55,0,104
514,56,0,71
514,57,0,55
514,58,0,0
514,59,0,125
514,60,0,0
514,61,0,0
514,62,0,128
514,63,0,99
514,64,0,0
514,65,0,0
514,66,0,0
514,67,0,0
514,68,0,0
514,69,0,0
514,70,0,0
514,71,0,0
514,72,0,0
514,73,0,0
514,74,0,0
514,75,0,0
514,76,0,0
514,77,0,0
514,78,0,0
514,79,0,0
514,80,0,0
514,81,0,0
514,82,0,0
514,83,0,0
514,84,0,0
514,85,0,0
514,86,0,0
514,87,0,0
514,88,0,0
514,89,0,0
514,90,0,0
514,91,0,0
514,92,0,0
514,93,0,0
514,94,0,0
514,95,0,0
514,96,0,0
514,97,0,0
514,98,0,0
514,99,0,0
514,100,0,0
515,1,0,0
515,2,192,0
515,3,31,82
515,4,1,167
515,5,30,102
515,6,1,86
515,7,3,93
515,8,149,0
515,9,10,109
515,10,0,0
515,11,0,0
515,12,0,0
515,13,8,80
515,14,4,71
515,15,2,107
515,16,0,139
515,17,5,99
515,18,0,0
515,19,0,70
515,20,2,66
515,21,31,152
515,22,0,0
515,23,1,138
515,24,7,7
515,25,8,11
515,26,2,23
515,27,18,169
515,28,29,88
515,29,55,114
515,30,91,93
515,31,0,0
515,32,59,34
515,33,42,20
515,34,139,77
515,35,12,51
515,36,5,56
515,37,8,59
515,38,233,141
515,39,0,0
515,40,248,184
515,41,0,39
515,42,4,155
515,43,277,232
515,44,0,0
515,45,145,72
515,46,219,126
515,47,32,24
515,48,111,81
515,49,106,139
515,50,63,116
515,51,0,131
515,52,0,138
515,53,0,49
515,54,0,91
515,55,0,27
515,56,0,52
515,57,0,52
515,58,0,85
515,59,0,196
515,60,0,0
515,61,0,100
515,62,0,140
515,63,0,59
515,64,0,0
515,65,0,63
515,66,0,0
515,67,0,0
515,68,0,0
515,69,0,105
515,70,0,0
515,71,0,0
515,72,0,0
515,73,0,0
515,74,0,0
515,75,0,0
515,76,0,0
515,77,0,0
515,78,0,0
515,79,0,0
515,80,0,0
515,81,0,0
515,82,0,0
515,83,0,0
515,84,0,0
515,85,0,0
515,86,0,0
515,87,0,0
515,88,0,0
515,89,0,0
515,90,0,0
515,91,0,0
515,92,0,0
516,1,19,68
516,2,159,128
516,3,15,49
516,4,3,141
516,5,25,93
516,6,0,70
516,7,17,139
516,8,1,94
516,9,0,0
516,10,179,116
516,11,0,0
516,12,0,67
516,13,2,66
516,14,1,103
516,15,3,111
516,16,5,74
516,17,3,123
516,18,5,70
516,19,0,0
516,20,2,139
516,21,0,0
516,22,0,125
516,23,173,115
516,24,0,0
516,25,1,132
516,26,16,12
516,27,25,154
516,28,72,151
516,29,0,0
516,30,0,0
516,31,181,109
516,32,1,110
516,33,227,149
516,34,231,168
516,35,0,0
516,36,0,38
516,37,296,188
516,38,26,176
516,39,0,0
516,40,0,0
516,41,361,198
516,42,198,108
516,43,85,106
516,44,6,178
516,45,0,108
516,46,0,158
516,47,0,89
516,48,0,0
516,49,0,129
516,50,0,83
516,51,0,79
516,52,0,0
516,53,0,33
516,54,0,0
516,55,0,53
516,56,0,65
516,57,0,0
516,58,0,0
516,59,0,0
516,60,0,0
516,61,0,0
516,62,0,0
516,63,0,0
516,64,0,0
516,65,0,0
516,66,0,0
516,67,0,0
516,68,0,0
516,69,0,0
516,70,0,0
516,71,0,0
516,72,0,0
516,73,0,0
516,74,0,0
516,75,0,0
516,76,0,0
516,77,0,0
516,78,0,0
516,79,0,0
516,80,0,0
516,81,0,0
516,82,0,0
517,1,0,0
517,2,0,0
517,3,0,0
517,4,12,48
517,5,0,0
517,6,0,106
517,7,20,70
517,8,9,48
517,9,3,128
517,10,29,100
517,11,0,56
517,12,3,44
517,13,16,132
517,14,0,0
517,15,1,93
517,16,0,0
517,17,19,94
517,18,0,0
517,19,0,79
517,20,1,54
517,21,2,46
517,22,6,30
517,23,38,120
517,24,4,58
517,25,2,109
517,26,2,128
517,27,0,117
517,28,0,0
517,29,0,0
517,30,6,101
517,31,3,79
517,32,23,152
517,33,149,64
517,34,131,79
517,35,68,141
517,36,76,61
517,37,62,34
517,38,139,90
517,39,0,0
517,40,0,0
517,41,1,39
517,42,0,32
517,43,10,157
517,44,3,110
517,45,0,0
517,46,0,0
517,47,0,0
517,48,0,0
517,49,273,110
517,50,211,124
517,51,175,131
517,52,0,0
517,53,0,158
517,54,0,95
517,55,0,105
517,56,0,0
517,57,0,199
517,58,0,72
517,59,0,31
517,60,0,41
517,61,0,0
517,62,0,56
517,63,0,82
517,64,0,0
517,65,0,31
517,66,0,0
517,67,0,0
517,68,0,0
517,69,0,0
517,70,0,68
517,71,0,0
517,72,0,0
517,73,0,0
517,74,0,0
517,75,0,0
517,76,0,0
517,77,0,0
517,78,0,0
517,79,0,0
517,80,0,0
517,81,0,0
517,82,0,0
517,83,0,0
517,84,0,0
517,85,0,0
517,86,0,0
517,87,0,0
517,88,0,0
517,89,0,0
517,90,0,0
517,91,0,0
517,92,0,0
518,1,0,0
518,2,11,47
518,3,3,100
518,4,22,70
518,5,8,41
518,6,13,34
518,7,3,120
518,8,23,107
518,9,19,79
518,10,0,0
518,11,0,0
518,12,18,51
518,13,8,60
518,14,0,80
518,15,9,62
518,16,1,54
518,17,1,23
518,18,0,0
518,19,4,33
518,20,4,74
518,21,0,0
518,22,0,0
518,23,65,106
518,24,0,65
518,25,11,36
518,26,0,34
518,27,0,39
518,28,0,0
518,29,8,133
518,30,50,127
518,31,0,0
518,32,0,0
518,33,19,110
518,34,0,0
518,35,123,54
518,36,158,91
518,37,81,64
518,38,8,15
518,39,0,0
518,40,5,59
518,41,8,142
518,42,270,135
518,43,248,147
518,44,0,0
518,45,0,0
518,46,0,0
518,47,0,0
518,48,292,196
518,49,169,84
518,50,5,97
518,51,0,110
518,52,0,0
518,53,0,100
518,54,0,0
518,55,0,37
518,56,0,0
518,57,0,32
518,58,0,0
518,59,0,56
518,60,0,0
518,61,0,0
518,62,0,31
518,63,0,0
518,64,0,0
518,65,0,44
518,66,0,0
518,67,0,49
518,68,0,0
518,69,0,0
518,70,0,0
518,71,0,0
518,72,0,0
518,73,0,0
518,74,0,0
518,75,0,0
518,76,0,0
518,77,0,0
518,78,0,0
518,79,0,0
518,80,0,0
518,81,0,0
518,82,0,0
518,83,0,0
518,84,0,0
519,1,0,0
519,2,9,93
519,3,19,72
519,4,32,83
519,5,2,102
519,6,0,0
519,7,0,0
519,8,21,96
519,9,0,0
519,10,3,21
519,11,3,34
519,12,1,80
519,13,8,30
519,14,1,48
519,15,2,35
519,16,0,0
519,17,234,0
519,18,179,0
519,19,0,0
519,20,3,83
519,21,0,0
519,22,67,91
519,23,0,104
519,24,138,138
519,25,0,0
519,26,4,147
519,27,2,75
519,28,0,0
519,29,0,0
519,30,138,63
519,31,86,68
519,32,0,0
519,33,3,11
519,34,0,1
519,35,201,115
519,36,175,116
519,37,5,49
519,38,10,129
519,39,232,97
519,40,213,123
519,41,0,0
519,42,0,0
519,43,0,0
519,44,291,181
519,45,16,121
519,46,70,66
519,47,9,109
519,48,0,5
519,49,0,25
519,50,0,0
519,51,0,15
519,52,0,31
519,53,0,28
519,54,0,0
519,55,0,0
519,56,0,0
519,57,0,0
519,58,0,0
519,59,0,22
519,60,0,0
519,61,0,19
519,62,0,27
519,63,0,85
519,64,0,0
519,65,0,26
519,66,0,10
519,67,0,24
519,68,0,0
519,69,0,0
519,70,0,0
519,71,0,0
519,72,0,0
519,73,0,0
519,74,0,0
519,75,0,0
519,76,0,0
519,77,0,0
519,78,0,0
519,79,0,0
519,80,0,0
519,81,0,0
519,82,0,0
519,83,0,0
520,1,11,56
520,2,19,30
520,3,0,0
520,4,22,33
520,5,15,89
520,6,8,86
520,7,0,0
520,8,2,13
520,9,3,27
520,10,0,28
520,11,10,34
520,12,0,78
520,13,4,35
520,14,37,60
520,15,22,76
520,16,0,0
520,17,4,85
520,18,0,60
520,19,1,82
520,20,1,95
520,21,0,0
520,22,110,82
520,23,16,6
520,24,266,153
520,25,1,78
520,26,4,72
520,27,8,93
520,28,0,0
520,29,107,40
520,30,0,0
520,31,157,69
520,32,62,38
520,33,3,13
520,34,0,4
520,35,0,4
520,36,0,2
520,37,5,26
520,38,0,1
520,39,64,54
520,40,131,59
520,41,120,101
520,42,167,54
520,43,150,108
520,44,263,101
520,45,4,22
520,46,1,20
520,47,24,120
520,48,200,109
520,49,1,17
520,50,0,0
520,51,0,0
520,52,23,118
520,53,0,0
520,54,73,34
520,55,0,45
520,56,8,93
520,57,0,0
520,58,0,19
520,59,0,17
520,60,0,105
520,61,0,0
520,62,0,47
520,63,0,26
520,64,0,22
520,65,0,0
520,66,0,0
520,67,0,0
520,68,0,0
520,69,0,24
520,70,0,0
520,71,0,0
520,72,0,15
520,73,0,23
520,74,0,7
520,75,0,5
520,76,0,15
520,77,0,12
520,78,0,0
520,79,0,0
520,80,0,0
520,81,0,0
520,82,0,0
520,83,0,0
520,84,0,0
520,85,0,0
520,86,0,0
520,87,0,0
521,1,0,0
521,2,3,120
521,3,0,0
521,4,34,115
521,5,32,90
521,6,2,13
521,7,1,23
521,8,11,33
521,9,0,85
521,10,3,20
521,11,2,47
521,12,59,98
521,13,0,0
521,14,2,121
521,15,0,73
521,16,2,71
521,17,1,62
521,18,1,41
521,19,0,0
521,20,103,71
521,21,0,65
521,22,15,1
521,23,354,99
521,24,34,133
521,25,4,77
521,26,4,65
521,27,8,62
521,28,0,0
521,29,102,42
521,30,0,0
521,31,176,63
521,32,68,41
521,33,0,7
521,34,3,16
521,35,3,9
521,36,1,1
521,37,134,88
521,38,237,100
521,39,21,84
521,40,4,28
521,41,0,0
521,42,45,116
521,43,7,42
521,44,232,120
521,45,0,0
521,46,0,0
521,47,0,0
521,48,0,0
521,49,0,0
521,50,0,0
521,51,0,0
521,52,0,65
521,53,0,0
521,54,0,36
521,55,0,3
521,56,0,14
521,57,0,17
521,58,0,42
521,59,0,0
521,60,0,0
521,61,0,38
521,62,0,40
521,63,0,94
521,64,0,0
521,65,0,0
521,66,0,31
521,67,0,0
521,68,0,42
521,69,0,0
521,70,0,45
521,71,0,22
521,72,0,0
521,73,0,0
521,74,0,0
521,75,0,0
521,76,0,0
521,77,0,0
521,78,0,0
521,79,0,0
521,80,0,0
521,81,0,0
521,82,0,0
521,83,0,0
521,84,0,0
521,85,0,0
522,1,4,12
522,2,1,47
522,3,0,0
522,4,0,0
522,5,33,120
522,6,23,65
522,7,9,69
522,8,52,52
522,9,12,63
522,10,43,88
522,11,212,92
522,12,0,0
522,13,5,119
522,14,7,55
522,15,0,73
522,16,0,68
522,17,372,28
522,18,0,49
522,19,1,44
522,20,0,0
522,21,0,0
522,22,60,92
522,23,8,3
522,24,4,3
522,25,2,68
522,26,6,4
522,27,0,0
522,28,202,92
522,29,397,70
522,30,6,10
522,31,0,0
522,32,98,34
522,33,0,1
522,34,0,0
522,35,111,56
522,36,102,37
522,37,4,81
522,38,361,142
522,39,0,0
522,40,128,94
522,41,18,76
522,42,223,100
522,43,40,104
522,44,239,85
522,45,157,25
522,46,45,6
522,47,0,0
522,48,0,0
522,49,68,42
522,50,290,119
522,51,91,27
522,52,13,96
522,53,0,63
522,54,0,36
522,55,0,58
522,56,0,38
522,57,0,30
522,58,0,4
522,59,0,11
522,60,0,24
522,61,0,32
522,62,0,0
522,63,0,41
522,64,0,0
522,65,0,35
522,66,0,0
522,67,0,31
522,68,0,27
522,69,0,0
522,70,0,36
522,71,0,39
522,72,0,0
522,73,0,0
522,74,0,23
522,75,0,0
522,76,0,0
522,77,0,0
522,78,0,0
522,79,0,0
522,80,0,0
522,81,0,0
522,82,0,0
522,83,0,0
522,84,0,0
522,85,0,0
522,86,0,0
522,87,0,0
522,88,0,0
522,89,0,0
522,90,0,0
523,1,3,14
523,2,1,44
523,3,6,57
523,4,22,55
523,5,2,41
523,6,2,22
523,7,2,61
523,8,36,47
523,9,4,5
523,10,35,90
523,11,5,77
523,12,17,52
523,13,11,84
523,14,16,62
523,15,45,48
523,16,2,38
523,17,2,71
523,18,5,43
523,19,1,59
523,20,0,0
523,21,38,74
523,22,218,79
523,23,0,0
523,24,10,33
523,25,1,48
523,26,0,84
523,27,382,22
523,28,0,51
523,29,3,76
523,30,1,43
523,31,0,0
523,32,14,57
523,33,4,48
523,34,8,4
523,35,36,146
523,36,3,1
523,37,4,60
523,38,2,1
523,39,4,4
523,40,210,127
523,41,384,75
523,42,5,6
523,43,2,0
523,44,0,0
523,45,0,2
523,46,0,0
523,47,21,23
523,48,109,36
523,49,125,54
523,50,1,86
523,51,0,0
523,52,123,92
523,53,21,85
523,54,237,88
523,55,0,0
523,56,4,75
523,57,0,0
523,58,233,78
523,59,0,0
523,60,0,0
523,61,313,108
523,62,8,90
523,63,0,69
523,64,0,0
523,65,0,87
523,66,0,63
523,67,0,39
523,68,0,37
523,69,0,0
523,70,0,16
523,71,0,18
523,72,0,0
523,73,0,55
523,74,0,0
523,75,0,53
523,76,0,14
523,77,0,42
523,78,0,0
523,79,0,21
523,80,0,0
523,81,0,0
523,82,0,0
523,83,0,0
523,84,0,0
523,85,0,0
523,86,0,0
523,87,0,0
523,88,0,0
523,89,0,0
523,90,0,0
523,91,0,0
523,92,0,0
523,93,0,0
523,94,0,0
523,95,0,0
523,96,0,0
523,97,0,0
523,98,0,0
524,1,14,72
524,2,8,62
524,3,6,81
524,4,0,7
524,5,40,48
524,6,5,10
524,7,6,78
524,8,23,55
524,9,23,78
524,10,3,64
524,11,297,47
524,12,24,71
524,13,7,83
524,14,0,0
524,15,4,67
524,16,3,98
524,17,0,61
524,18,1,32
524,19,0,0
524,20,6,55
524,21,233,94
524,22,1,51
524,23,0,0
524,24,13,29
524,25,1,29
524,26,0,21
524,27,4,117
524,28,1,67
524,29,7,30
524,30,0,67
524,31,2,71
524,32,0,0
524,33,0,0
524,34,19,73
524,35,16,49
524,36,1,23
524,37,4,54
524,38,9,6
524,39,38,127
524,40,9,109
524,41,8,1
524,42,4,3
524,43,378,80
524,44,5,3
524,45,0,0
524,46,0,0
524,47,0,0
524,48,238,66
524,49,265,75
524,50,158,100
524,51,9,66
524,52,7,71
524,53,1,30
524,54,233,78
524,55,4,13
524,56,3,8
524,57,0,0
524,58,265,58
524,59,0,0
524,60,263,108
524,61,0,0
524,62,82,27
524,63,0,10
524,64,33,45
524,65,0,31
524,66,0,38
524,67,0,96
524,68,0,69
524,69,0,74
524,70,0,37
524,71,0,0
524,72,0,7
524,73,0,15
524,74,0,66
524,75,0,12
524,76,0,51
524,77,0,0
524,78,0,12
524,79,0,32
524,80,0,10
524,81,0,0
524,82,0,20
524,83,0,0
524,84,0,0
524,85,0,0
524,86,0,0
524,87,0,0
524,88,0,0
524,89,0,0
524,90,0,0
524,91,0,0
524,92,0,0
524,93,0,0
524,94,0,0
524,95,0,0
524,96,0,0
524,97,0,0
524,98,0,0
524,99,0,0
524,100,0,0
524,101,0,0
524,102,0,0
525,1,0,0
525,2,0,0
525,3,6,68
525,4,1,61
525,5,30,104
525,6,4,97
525,7,4,105
525,8,229,96
525,9,0,0
525,10,4,60
525,11,0,0
525,12,10,40
525,13,1,36
525,14,0,28
525,15,3,67
525,16,1,48
525,17,2,56
525,18,0,38
525,19,7,39
525,20,23,12
525,21,3,72
525,22,0,0
525,23,0,0
525,24,8,47
525,25,2,39
525,26,9,43
525,27,0,0
525,28,12,17
525,29,15,112
525,30,5,2
525,31,3,0
525,32,3,3
525,33,24,94
525,34,117,39
525,35,95,41
525,36,0,0
525,37,0,0
525,38,248,67
525,39,164,99
525,40,9,58
525,41,5,31
525,42,5,41
525,43,3,66
525,44,0,0
525,45,71,24
525,46,44,15
525,47,0,4
525,48,0,25
525,49,0,0
525,50,0,13
525,51,0,42
525,52,0,9
525,53,0,14
525,54,0,13
525,55,0,0
525,56,0,65
525,57,0,26
525,58,0,0
525,59,0,38
525,60,0,13
525,61,0,4
525,62,0,15
525,63,0,12
525,64,0,73
525,65,0,23
525,66,0,27
525,67,0,0
525,68,0,0
525,69,0,44
525,70,0,0
525,71,0,0
525,72,0,0
525,73,0,0
525,74,0,0
525,75,0,0
525,76,0,12
525,77,0,0
525,78,0,0
525,79,0,0
525,80,0,0
525,81,0,0
525,82,0,0
525,83,0,0
525,84,0,0
525,85,0,0
525,86,0,0
525,87,0,0
525,88,0,0
525,89,0,0
525,90,0,0
525,91,0,0
525,92,0,0
525,93,0,0
525,94,0,0
525,95,0,0
526,1,0,0
526,2,0,0
526,3,0,0
526,4,0,0
526,5,0,30
526,6,12,36
526,7,9,60
526,8,3,48
526,9,1,59
526,10,0,35
526,11,1,48
526,12,29,89
526,13,34,73
526,14,13,75
526,15,14,53
526,16,2,62
526,17,2,40
526,18,10,43
526,19,3,44
526,20,54,38
526,21,2,35
526,22,1,43
526,23,1,69
526,24,0,0
526,25,1,55
526,26,7,56
526,27,2,55
526,28,1,51
526,29,0,57
526,30,0,48
526,31,1,35
526,32,10,46
526,33,3,46
526,34,0,0
526,35,0,0
526,36,0,0
526,37,13,2
526,38,2,14
526,39,0,3
526,40,3,6
526,41,7,19
526,42,3,74
526,43,11,96
526,44,201,0
526,45,6,1
526,46,6,2
526,47,3,26
526,48,168,72
526,49,0,0
526,50,289,95
526,51,12,92
526,52,0,0
526,53,0,0
526,54,1,17
526,55,97,20
526,56,6,14
526,57,0,30
526,58,0,0
526,59,0,90
526,60,0,39
526,61,0,12
526,62,0,19
526,63,0,31
526,64,0,46
526,65,0,0
526,66,0,40
526,67,0,62
526,68,0,41
526,69,0,0
526,70,0,0
526,71,0,23
526,72,0,13
526,73,0,25
526,74,0,0
526,75,0,0
526,76,0,44
526,77,0,0
526,78,0,0
526,79,0,0
526,80,0,0
526,81,0,0
526,82,0,0
526,83,0,0
526,84,0,0
526,85,0,0
526,86,0,0
526,87,0,0
526,88,0,0
526,89,0,0
526,90,0,0
526,91,0,0
526,92,0,0
526,93,0,0
526,94,0,0
526,95,0,0
526,96,0,0
526,97,0,0
527,1,0,0
527,2,0,0
527,3,7,50
527,4,97,97
527,5,24,78
527,6,15,51
527,7,3,81
527,8,2,62
527,9,13,47
527,10,13,49
527,11,0,31
527,12,3,42
527,13,2,61
527,14,0,15
527,15,0,30
527,16,12,45
527,17,1,55
527,18,0,50
527,19,56,42
527,20,2,22
527,21,1,40
527,22,6,77
527,23,0,58
527,24,1,28
527,25,13,52
527,26,0,57
527,27,0,0
527,28,0,0
527,29,2,60
527,30,14,2
527,31,2,10
527,32,0,4
527,33,5,14
527,34,10,93
527,35,23,93
527,36,193,97
527,37,0,0
527,38,69,74
527,39,3,33
527,40,4,35
527,41,279,84
527,42,6,13
527,43,10,101
527,44,0,0
527,45,2,6
527,46,0,0
527,47,0,0
527,48,0,0
527,49,268,93
527,50,1,20
527,51,80,12
527,52,6,14
527,53,98,76
527,54,0,35
527,55,0,19
527,56,0,26
527,57,0,43
527,58,0,0
527,59,0,33
527,60,0,0
527,61,0,0
527,62,0,0
527,63,0,35
527,64,0,0
527,65,0,40
527,66,0,0
527,67,0,0
527,68,0,0
527,69,0,0
527,70,0,0
527,71,0,0
527,72,0,0
527,73,0,0
527,74,0,0
527,75,0,0
527,76,0,0
527,77,0,0
527,78,0,0
527,79,0,0
527,80,0,0
527,81,0,0
527,82,0,0
527,83,0,0
527,84,0,0
527,85,0,0
527,86,0,0
527,87,0,0
527,88,0,0
527,89,0,0
527,90,0,0
527,91,0,0
527,92,0,0
527,93,0,0
527,94,0,0
527,95,0,0
528,1,0,0
528,2,0,0
528,3,0,0
528,4,95,103
528,5,0,0
528,6,0,65
528,7,38,118
528,8,0,0
528,9,3,93
528,10,32,86
528,11,33,58
528,12,9,61
528,13,9,29
528,14,0,29
528,15,91,61
528,16,2,41
528,17,1,70
528,18,2,48
528,19,0,15
528,20,1,31
528,21,5,18
528,22,1,49
528,23,39,29
528,24,5,79
528,25,5,87
528,26,0,0
528,27,2,114
528,28,178,89
528,29,1,63
528,30,2,53
528,31,0,0
528,32,30,20
528,33,0,0
528,34,4,62
528,35,12,1
528,36,1,1
528,37,4,16
528,38,4,66
528,39,0,0
528,40,4,11
528,41,51,119
528,42,7,75
528,43,0,0
528,44,0,0
528,45,185,65
528,46,231,78
528,47,68,66
528,48,0,0
528,49,2,26
528,50,3,25
528,51,0,0
528,52,1,36
528,53,0,0
528,54,28,99
528,55,6,84
528,56,8,18
528,57,0,0
528,58,93,9
528,59,10,12
528,60,83,69
528,61,0,7
528,62,0,33
528,63,0,55
528,64,0,140
528,65,0,92
528,66,0,49
528,67,0,0
528,68,0,34
528,69,0,0
528,70,0,0
528,71,0,42
528,72,0,0
528,73,0,0
528,74,0,0
528,75,0,0
528,76,0,0
528,77,0,0
528,78,0,0
528,79,0,0
528,80,0,0
528,81,0,0
528,82,0,0
528,83,0,0
528,84,0,0
528,85,0,0
528,86,0,0
528,87,0,0
528,88,0,0
528,89,0,0
528,90,0,0
528,91,0,0
528,92,0,0
528,93,0,0
528,94,0,0
528,95,0,0
528,96,0,0
528,97,0,0
528,98,0,0
529,1,0,0
529,2,0,0
529,3,0,0
529,4,0,0
529,5,0,0
529,6,0,70
529,7,2,76
529,8,68,87
529,9,0,81
529,10,19,73
529,11,97,67
529,12,3,68
529,13,35,37
529,14,5,26
529,15,6,93
529,16,1,72
529,17,21,10
529,18,0,0
529,19,8,6
529,20,0,0
529,21,0,0
529,22,6,73
529,23,9,6
529,24,6,19
529,25,4,11
529,26,0,0
529,27,0,0
529,28,9,74
529,29,236,91
529,30,0,0
529,31,0,0
529,32,9,8
529,33,0,0
529,34,2,33
529,35,3,25
529,36,0,0
529,37,4,45
529,38,103,73
529,39,312,61
529,40,0,0
529,41,0,0
529,42,85,47
529,43,58,19
529,44,0,7
529,45,0,23
529,46,0,48
529,47,0,125
529,48,0,0
529,49,0,33
529,50,0,32
529,51,0,0
529,52,0,0
529,53,0,42
529,54,0,0
529,55,0,0
529,56,0,32
529,57,0,0
529,58,0,0
529,59,0,0
529,60,0,0
529,61,0,0
529,62,0,0
529,63,0,0
529,64,0,0
529,65,0,0
529,66,0,0
529,67,0,0
529,68,0,0
529,69,0,0
529,70,0,0
529,71,0,0
529,72,0,0
529,73,0,0
529,74,0,0
529,75,0,0
529,76,0,0
529,77,0,0
529,78,0,0
529,79,0,0
530,1,0,0
530,2,0,0
530,3,0,0
530,4,0,0
530,5,0,0
530,6,1,43
530,7,0,76
530,8,57,111
530,9,2,35
530,10,33,93
530,11,0,61
530,12,0,90
530,13,18,68
530,14,108,86
530,15,3,93
530,16,12,119
530,17,0,0
530,18,0,0
530,19,21,9
530,20,3,11
530,21,6,0
530,22,0,0
530,23,0,0
530,24,5,74
530,25,5,74
530,26,4,1
530,27,12,0
530,28,1,71
530,29,0,0
530,30,0,0
530,31,6,67
530,32,4,90
530,33,2,10
530,34,1,10
530,35,5,35
530,36,0,0
530,37,0,24
530,38,1,23
530,39,5,37
530,40,96,52
530,41,0,0
530,42,42,65
530,43,0,0
530,44,0,0
530,45,13,61
530,46,0,0
530,47,57,23
530,48,0,21
530,49,0,49
530,50,0,0
530,51,0,0
530,52,0,12
530,53,0,31
530,54,0,55
530,55,0,54
530,56,0,0
530,57,0,18
530,58,0,18
530,59,0,0
530,60,0,0
530,61,0,0
530,62,0,9
530,63,0,0
530,64,0,0
530,65,0,0
530,66,0,0
530,67,0,0
530,68,0,0
530,69,0,0
530,70,0,0
530,71,0,0
530,72,0,0
530,73,0,0
530,74,0,0
530,75,0,0
530,76,0,0
530,77,0,0
530,78,0,0
530,79,0,0
530,80,0,0
530,81,0,0
531,1,0,0
531,2,4,38
531,3,0,0
531,4,54,59
531,5,0,0
531,6,0,0
531,7,19,84
531,8,0,75
531,9,105,39
531,10,100,47
531,11,16,68
531,12,37,88
531,13,0,91
531,14,0,102
531,15,15,56
531,16,2,87
531,17,5,92
531,18,0,0
531,19,14,121
531,20,11,79
531,21,0,0
531,22,349,0
531,23,0,0
531,24,19,8
531,25,12,9
531,26,0,0
531,27,7,48
531,28,1,45
531,29,10,4
531,30,1,64
531,31,224,120
531,32,0,0
531,33,6,73
531,34,3,93
531,35,8,75
531,36,1,10
531,37,71,84
531,38,7,85
531,39,0,0
531,40,0,0
531,41,0,0
531,42,0,31
531,43,0,25
531,44,0,27
531,45,0,78
531,46,0,0
531,47,0,114
531,48,0,98
531,49,0,33
531,50,0,0
531,51,0,60
531,52,0,41
531,53,0,58
531,54,0,51
531,55,0,35
531,56,0,16
531,57,0,15
531,58,0,0
531,59,0,0
531,60,0,0
531,61,0,0
531,62,0,0
531,63,0,0
531,64,0,0
531,65,0,0
531,66,0,0
531,67,0,0
531,68,0,0
531,69,0,0
531,70,0,0
531,71,0,0
531,72,0,0
531,73,0,0
531,74,0,0
531,75,0,0
531,76,0,0
531,77,0,0
532,1,0,0
532,2,6,38
532,3,0,0
532,4,0,0
532,5,0,0
532,6,100,81
532,7,28,55
532,8,8,58
532,9,0,0
532,10,47,79
532,11,21,66
532,12,6,53
532,13,9,76
532,14,158,67
532,15,3,93
532,16,3,38
532,17,0,0
532,18,3,52
532,19,5,81
532,20,16,72
532,21,4,40
532,22,6,73
532,23,2,44
532,24,0,0
532,25,0,0
532,26,5,78
532,27,22,9
532,28,0,0
532,29,0,64
532,30,231,120
532,31,0,0
532,32,3,12
532,33,2,15
532,34,0,0
532,35,0,55
532,36,4,52
532,37,8,8
532,38,113,95
532,39,1,46
532,40,4,51
532,41,68,45
532,42,28,52
532,43,5,56
532,44,4,49
532,45,0,0
532,46,0,0
532,47,50,54
532,48,0,0
532,49,0,0
532,50,357,54
532,51,0,0
532,52,55,91
532,53,0,69
532,54,0,54
532,55,0,39
532,56,0,32
532,57,0,26
532,58,0,0
532,59,0,19
532,60,0,22
532,61,0,43
532,62,0,0
532,63,0,0
532,64,0,35
532,65,0,49
532,66,0,0
532,67,0,81
532,68,0,29
532,69,0,26
532,70,0,24
532,71,0,0
532,72,0,0
532,73,0,41
532,74,0,0
532,75,0,0
532,76,0,0
532,77,0,0
532,78,0,0
532,79,0,0
532,80,0,0
532,81,0,0
532,82,0,0
532,83,0,0
532,84,0,0
532,85,0,0
532,86,0,0
532,87,0,0
532,88,0,0
532,89,0,0
532,90,0,0
532,91,0,0
532,92,0,0
532,93,0,0
532,94,0,0
532,95,0,0
532,96,0,0
532,97,0,0
532,98,0,0
532,99,0,0
532,100,0,0
533,1,0,0
533,2,0,0
533,3,0,0
533,4,7,29
533,5,0,0
533,6,0,0
533,7,0,0
533,8,0,0
533,9,60,74
533,10,0,0
533,11,0,0
533,12,0,68
533,13,0,0
533,14,104,84
533,15,13,38
533,16,8,46
533,17,0,0
533,18,50,68
533,19,29,101
533,20,7,86
533,21,170,61
533,22,5,65
533,23,11,80
533,24,2,59
533,25,8,73
533,26,6,45
533,27,0,0
533,28,0,0
533,29,3,75
533,30,3,75
533,31,6,95
533,32,0,0
533,33,3,60
533,34,4,16
533,35,2,48
533,36,1,42
533,37,10,4
533,38,221,62
533,39,2,21
533,40,93,65
533,41,3,51
533,42,3,54
533,43,0,0
533,44,163,87
533,45,7,85
533,46,0,0
533,47,0,0
533,48,0,0
533,49,334,65
533,50,0,0
533,51,45,97
533,52,0,17
533,53,0,23
533,54,0,28
533,55,0,26
533,56,0,0
533,57,0,51
533,58,0,0
533,59,0,0
533,60,0,0
533,61,0,0
533,62,0,60
533,63,0,0
533,64,0,0
533,65,0,0
533,66,0,0
533,67,0,0
533,68,0,0
533,69,0,0
533,70,0,0
533,71,0,0
533,72,0,0
533,73,0,0
533,74,0,0
533,75,0,0
533,76,0,0
533,77,0,0
533,78,0,0
533,79,0,0
533,80,0,0
533,81,0,0
533,82,0,0
533,83,0,0
533,84,0,0
533,85,0,0
533,86,0,0
533,87,0,0
533,88,0,0
533,89,0,0
533,90,0,0
533,91,0,0
534,1,0,0
534,2,0,0
534,3,105,0
534,4,16,49
534,5,2,67
534,6,0,0
534,7,0,0
534,8,0,0
534,9,0,55
534,10,0,0
534,11,0,0
534,12,0,0
534,13,89,61
534,14,31,40
534,15,0,0
534,16,7,46
534,17,36,47
534,18,1,80
534,19,2,9
534,20,0,0
534,21,6,48
534,22,1,56
534,23,19,34
534,24,148,46
534,25,28,26
534,26,160,89
534,27,1,104
534,28,10,73
534,29,3,67
534,30,3,47
534,31,0,0
534,32,1,22
534,33,2,21
534,34,0,25
534,35,0,0
534,36,4,18
534,37,4,70
534,38,145,55
534,39,92,44
534,40,0,0
534,41,7,16
534,42,4,7
534,43,4,91
534,44,2,83
534,45,6,2
534,46,120,84
534,47,6,40
534,48,0,0
534,49,48,57
534,50,0,20
534,51,1,9
534,52,217,73
534,53,0,0
534,54,4,16
534,55,0,0
534,56,299,54
534,57,344,76
534,58,0,0
534,59,1,13
534,60,0,13
534,61,0,15
534,62,0,39
534,63,0,46
534,64,0,22
534,65,0,7
534,66,0,26
534,67,0,44
534,68,0,5
534,69,0,99
534,70,0,3
534,71,0,38
534,72,0,36
534,73,0,14
534,74,0,28
534,75,0,44
534,76,0,0
534,77,0,0
534,78,0,0
534,79,0,0
534,80,0,23
534,81,0,0
534,82,0,0
534,83,0,0
534,84,0,0
534,85,0,0
534,86,0,0
534,87,0,0
534,88,0,0
534,89,0,0
534,90,0,0
534,91,0,0
534,92,0,0
534,93,0,0
534,94,0,0
534,95,0,0
534,96,0,0
534,97,0,0
534,98,0,0
534,99,0,0
534,100,0,0
534,101,0,0
534,102,0,0
535,1,0,0
535,2,0,0
535,3,107,0
535,4,14,49
535,5,1,67
535,6,0,53
535,7,94,62
535,8,28,46
535,9,9,44
535,10,39,40
535,11,1,57
535,12,0,0
535,13,1,15
535,14,1,58
535,15,3,56
535,16,30,44
535,17,151,50
535,18,50,27
535,19,41,31
535,20,0,0
535,21,22,65
535,22,166,95
535,23,19,54
535,24,9,71
535,25,2,65
535,26,3,43
535,27,353,0
535,28,2,43
535,29,0,10
535,30,3,15
535,31,0,25
535,32,0,0
535,33,4,19
535,34,3,77
535,35,28,1
535,36,8,16
535,37,196,89
535,38,0,0
535,39,2,34
535,40,4,6
535,41,3,84
535,42,4,2
535,43,2,0
535,44,176,74
535,45,4,3
535,46,0,35
535,47,4,27
535,48,13,47
535,49,64,42
535,50,3,32
535,51,1,5
535,52,0,1
535,53,59,55
535,54,0,16
535,55,1,8
535,56,0,0
535,57,0,0
535,58,0,0
535,59,1,6
535,60,8,14
535,61,3,6
535,62,0,4
535,63,1,14
535,64,191,47
535,65,0,0
535,66,253,41
535,67,0,0
535,68,1,42
535,69,0,12
535,70,0,0
535,71,0,10
535,72,0,43
535,73,0,19
535,74,0,25
535,75,0,0
535,76,0,23
535,77,0,28
535,78,0,0
535,79,0,27
535,80,0,83
535,81,0,43
535,82,0,0
535,83,0,0
535,84,0,0
535,85,0,0
535,86,0,0
535,87,0,0
535,88,0,0
535,89,0,0
535,90,0,0
535,91,0,0
535,92,0,0
535,93,0,0
535,94,0,0
535,95,0,0
535,96,0,0
535,97,0,0
535,98,0,0
535,99,0,0
535,100,0,0
535,101,0,0
535,102,0,0
535,103,0,0
535,104,0,0
535,105,0,0
535,106,0,0
535,107,0,0
535,108,0,0
535,109,0,0
535,110,0,0
535,111,0,0
536,1,0,0
536,2,0,0
536,3,10,43
536,4,1,66
536,5,1,86
536,6,24,35
536,7,0,0
536,8,17,18
536,9,0,0
536,10,6,40
536,11,0,10
536,12,0,8
536,13,3,49
536,14,3,42
536,15,32,40
536,16,5,53
536,17,0,85
536,18,155,54
536,19,90,45
536,20,0,59
536,21,0,52
536,22,4,89
536,23,17,39
536,24,3,18
536,25,10,60
536,26,5,22
536,27,11,26
536,28,4,69
536,29,1,47
536,30,0,0
536,31,4,48
536,32,221,75
536,33,3,81
536,34,83,62
536,35,7,16
536,36,2,77
536,37,0,0
536,38,3,36
536,39,3,88
536,40,0,0
536,41,3,3
536,42,1,7
536,43,1,76
536,44,3,3
536,45,0,39
536,46,2,26
536,47,93,76
536,48,4,27
536,49,1,4
536,50,1,1
536,51,0,0
536,52,1,9
536,53,0,0
536,54,0,0
536,55,0,0
536,56,1,6
536,57,346,104
536,58,7,14
536,59,1,16
536,60,0,0
536,61,0,0
536,62,0,6
536,63,0,18
536,64,0,0
536,65,0,3
536,66,0,4
536,67,0,40
536,68,0,23
536,69,0,95
536,70,0,0
536,71,0,7
536,72,0,27
536,73,0,59
536,74,0,27
536,75,0,0
536,76,0,0
536,77,0,0
536,78,0,41
536,79,0,36
536,80,0,0
536,81,0,0
536,82,0,0
536,83,0,4
536,84,0,0
536,85,0,0
536,86,0,0
536,87,0,0
536,88,0,0
536,89,0,0
536,90,0,0
536,91,0,0
536,92,0,0
536,93,0,0
536,94,0,0
536,95,0,0
536,96,0,0
536,97,0,0
536,98,0,0
536,99,0,0
536,100,0,0
536,101,0,0
536,102,0,0
536,103,0,0
536,104,0,0
536,105,0,0
536,106,0,0
536,107,0,0
537,1,0,0
537,2,0,0
537,3,0,53
537,4,0,0
537,5,0,48
537,6,0,0
537,7,0,0
537,8,28,56
537,9,17,47
537,10,0,0
537,11,3,43
537,12,0,7
537,13,0,13
537,14,0,8
537,15,0,0
537,16,124,48
537,17,0,29
537,18,71,35
537,19,2,71
537,20,2,118
537,21,104,47
537,22,222,0
537,23,1,64
537,24,0,65
537,25,3,109
537,26,280,0
537,27,6,32
537,28,3,18
537,29,9,24
537,30,0,0
537,31,365,0
537,32,0,29
537,33,1,30
537,34,1,74
537,35,0,0
537,36,6,51
537,37,218,64
537,38,3,52
537,39,10,64
537,40,73,51
537,41,2,13
537,42,4,47
537,43,12,2
537,44,9,15
537,45,3,41
537,46,6,38
537,47,8,34
537,48,3,91
537,49,0,0
537,50,2,78
537,51,0,0
537,52,6,58
537,53,3,15
537,54,0,27
537,55,30,58
537,56,0,0
537,57,2,14
537,58,0,0
537,59,0,0
537,60,6,14
537,61,0,0
537,62,0,0
537,63,1,4
537,64,7,47
537,65,324,94
537,66,4,14
537,67,196,61
537,68,0,0
537,69,0,0
537,70,0,0
537,71,0,0
537,72,0,56
537,73,0,0
537,74,0,52
537,75,0,28
537,76,0,54
537,77,0,0
537,78,0,0
537,79,0,0
537,80,0,0
537,81,0,0
537,82,0,0
537,83,0,0
537,84,0,0
537,85,0,0
537,86,0,0
537,87,0,0
537,88,0,0
537,89,0,0
537,90,0,0
537,91,0,0
537,92,0,0
537,93,0,0
537,94,0,0
537,95,0,0
537,96,0,0
537,97,0,0
537,98,0,0
537,99,0,0
537,100,0,0
537,101,0,0
537,102,0,0
537,103,0,0
537,104,0,0
537,105,0,0
537,106,0,0
537,107,0,0
538,1,0,0
538,2,0,0
538,3,63,41
538,4,0,0
538,5,23,55
538,6,0,69
538,7,0,87
538,8,0,0
538,9,0,0
538,10,0,0
538,11,0,0
538,12,21,33
538,13,0,0
538,14,18,54
538,15,0,0
538,16,0,0
538,17,4,47
538,18,0,0
538,19,0,15
538,20,0,4
538,21,0,0
538,22,129,45
538,23,0,31
538,24,94,26
538,25,1,67
538,26,25,70
538,27,2,110
538,28,12,53
538,29,135,66
538,30,1,70
538,31,18,60
538,32,1,61
538,33,4,109
538,34,330,0
538,35,5,36
538,36,11,25
538,37,7,103
538,38,4,34
538,39,1,32
538,40,3,104
538,41,5,47
538,42,190,56
538,43,38,64
538,44,72,48
538,45,2,13
538,46,11,1
538,47,11,1
538,48,0,19
538,49,2,30
538,50,2,28
538,51,5,61
538,52,2,29
538,53,8,30
538,54,8,7
538,55,5,6
538,56,0,63
538,57,19,55
538,58,76,44
538,59,6,58
538,60,1,12
538,61,1,12
538,62,5,43
538,63,0,0
538,64,0,0
538,65,3,14
538,66,4,18
538,67,1,6
538,68,337,92
538,69,6,77
538,70,278,110
538,71,119,58
538,72,119,39
538,73,0,0
538,74,0,0
538,75,0,0
538,76,0,0
538,77,0,0
538,78,0,41
538,79,0,12
538,80,0,0
538,81,0,26
538,82,0,41
538,83,0,58
538,84,0,0
538,85,0,49
538,86,0,0
538,87,0,0
538,88,0,0
538,89,0,0
538,90,0,0
538,91,0,0
538,92,0,0
538,93,0,0
538,94,0,0
538,95,0,0
538,96,0,0
538,97,0,0
538,98,0,0
538,99,0,0
538,100,0,0
538,101,0,0
538,102,0,0
538,103,0,0
538,104,0,0
538,105,0,0
538,106,0,0
538,107,0,0
538,108,0,0
538,109,0,0
538,110,0,0
538,111,0,0
538,112,0,0
539,1,0,0
539,2,0,0
539,3,0,0
539,4,65,44
539,5,0,0
539,6,27,57
539,7,0,0
539,8,1,72
539,9,33,56
539,10,0,0
539,11,89,84
539,12,0,0
539,13,0,46
539,14,6,61
539,15,0,25
539,16,1,23
539,17,0,0
539,18,0,0
539,19,23,86
539,20,0,0
539,21,25,70
539,22,1,111
539,23,1,61
539,24,3,47
539,25,1,40
539,26,24,62
539,27,0,49
539,28,4,101
539,29,0,0
539,30,3,32
539,31,1,48
539,32,3,85
539,33,0,53
539,34,3,63
539,35,0,0
539,36,184,57
539,37,84,44
539,38,13,1
539,39,1,12
539,40,8,1
539,41,2,48
539,42,15,2
539,43,21,104
539,44,2,33
539,45,1,27
539,46,2,37
539,47,6,66
539,48,4,19
539,49,7,2
539,50,5,18
539,51,2,7
539,52,4,9
539,53,8,67
539,54,1,33
539,55,0,0
539,56,0,0
539,57,333,68
539,58,4,26
539,59,60,70
539,60,91,36
539,61,251,107
539,62,4,14
539,63,1,8
539,64,110,36
539,65,0,0
539,66,0,0
539,67,0,49
539,68,0,59
539,69,0,0
539,70,0,58
539,71,0,44
539,72,0,20
539,73,0,0
539,74,0,45
539,75,0,44
539,76,0,41
539,77,0,26
539,78,0,56
539,79,0,22
539,80,0,0
539,81,0,0
539,82,0,28
539,83,0,26
539,84,0,0
539,85,0,73
539,86,0,0
539,87,0,9
539,88,0,0
539,89,0,0
539,90,0,0
539,91,0,0
539,92,0,0
539,93,0,0
539,94,0,0
539,95,0,0
539,96,0,0
539,97,0,0
539,98,0,0
539,99,0,0
539,100,0,0
539,101,0,0
539,102,0,0
539,103,0,0
539,104,0,0
539,105,0,0
539,106,0,0
539,107,0,0
539,108,0,0
539,109,0,0
539,110,0,0
539,111,0,0
539,112,0,0
539,113,0,0
539,114,0,0
540,1,0,0
540,2,0,0
540,3,0,0
540,4,69,43
540,5,0,0
540,6,0,0
540,7,2,72
540,8,43,76
540,9,0,0
540,10,0,0
540,11,0,49
540,12,10,54
540,13,0,0
540,14,0,0
540,15,6,78
540,16,37,85
540,17,1,61
540,18,2,52
540,19,1,58
540,20,175,76
540,21,179,0
540,22,228,0
540,23,0,0
540,24,17,35
540,25,1,47
540,26,15,0
540,27,5,67
540,28,193,81
540,29,2,86
540,30,2,54
540,31,1,61
540,32,0,0
540,33,162,57
540,34,43,69
540,35,12,3
540,36,1,12
540,37,7,0
540,38,0,55
540,39,1,2
540,40,16,4
540,41,0,39
540,42,2,54
540,43,7,43
540,44,10,4
540,45,5,9
540,46,5,76
540,47,0,29
540,48,0,0
540,49,100,53
540,50,0,0
540,51,350,66
540,52,4,28
540,53,0,0
540,54,0,0
540,55,285,75
540,56,2,80
540,57,105,88
540,58,3,86
540,59,2,20
540,60,0,0
540,61,299,53
540,62,78,45
540,63,37,69
540,64,0,39
540,65,0,51
540,66,0,38
540,67,0,0
540,68,0,11
540,69,0,14
540,70,0,15
540,71,0,3
540,72,0,21
540,73,0,13
540,74,0,22
540,75,0,62
540,76,0,11
540,77,0,27
540,78,0,0
540,79,0,0
540,80,0,0
540,81,0,30
540,82,0,26
540,83,0,0
540,84,0,0
540,85,0,0
540,86,0,0
540,87,0,0
540,88,0,0
540,89,0,0
540,90,0,0
540,91,0,0
540,92,0,0
540,93,0,0
540,94,0,0
540,95,0,0
540,96,0,0
540,97,0,0
540,98,0,0
540,99,0,0
540,100,0,0
540,101,0,0
540,102,0,0
540,103,0,0
540,104,0,0
540,105,0,0
540,106,0,0
540,107,0,0
540,108,0,0
540,109,0,0
540,110,0,0
540,111,0,0
540,112,0,0
540,113,0,0
541,1,0,0
541,2,69,41
541,3,2,18
541,4,0,0
541,5,0,0
541,6,0,0
541,7,0,61
541,8,0,0
541,9,0,0
541,10,0,0
541,11,0,0
541,12,1,43
541,13,11,41
541,14,0,0
541,15,0,0
541,16,3,43
541,17,1,41
541,18,28,66
541,19,0,0
541,20,8,32
541,21,132,9
541,22,0,0
541,23,34,19
541,24,47,26
541,25,14,78
541,26,0,0
541,27,144,57
541,28,359,0
541,29,7,65
541,30,2,51
541,31,2,52
541,32,243,87
541,33,5,113
541,34,355,0
541,35,0,0
541,36,0,0
541,37,68,35
541,38,121,28
541,39,14,6
541,40,7,0
541,41,0,54
541,42,2,2
541,43,11,3
541,44,4,72
541,45,15,4
541,46,3,82
541,47,4,0
541,48,5,21
541,49,5,2
541,50,4,73
541,51,0,0
541,52,1,35
541,53,99,47
541,54,0,1
541,55,369,75
541,56,0,0
541,57,0,0
541,58,2,94
541,59,105,84
541,60,0,35
541,61,1,55
541,62,0,0
541,63,0,0
541,64,289,53
541,65,0,69
541,66,0,0
541,67,0,21
541,68,0,16
541,69,0,23
541,70,0,73
541,71,0,14
541,72,0,33
541,73,0,25
541,74,0,0
541,75,0,0
541,76,0,46
541,77,0,0
541,78,0,0
541,79,0,49
541,80,0,0
541,81,0,0
541,82,0,0
541,83,0,0
541,84,0,0
541,85,0,0
541,86,0,0
541,87,0,0
541,88,0,0
541,89,0,0
541,90,0,0
541,91,0,0
541,92,0,0
541,93,0,0
541,94,0,0
541,95,0,0
541,96,0,0
541,97,0,0
541,98,0,0
541,99,0,0
541,100,0,0
541,101,0,0
541,102,0,0
541,103,0,0
541,104,0,0
542,1,0,0
542,2,0,0
542,3,1,50
542,4,0,0
542,5,0,0
542,6,0,0
542,7,7,68
542,8,4,23
542,9,1,37
542,10,5,16
542,11,0,0
542,12,0,0
542,13,11,75
542,14,44,67
542,15,137,18
542,16,0,0
542,17,41,31
542,18,77,30
542,19,17,83
542,20,8,76
542,21,1,63
542,22,1,74
542,23,1,49
542,24,223,88
542,25,6,89
542,26,22,10
542,27,10,57
542,28,3,2
542,29,25,0
542,30,4,1
542,31,6,1
542,32,0,0
542,33,0,0
542,34,16,0
542,35,4,21
542,36,1,40
542,37,0,2
542,38,338,80
542,39,0,0
542,40,287,79
542,41,9,11
542,42,2,24
542,43,115,70
542,44,165,44
542,45,0,0
542,46,0,0
542,47,0,69
542,48,0,23
542,49,0,24
542,50,0,27
542,51,0,7
542,52,0,0
542,53,0,26
542,54,0,22
542,55,0,34
542,56,0,0
542,57,0,0
542,58,0,25
542,59,0,0
542,60,0,35
542,61,0,37
542,62,0,0
542,63,0,0
542,64,0,0
542,65,0,0
542,66,0,0
542,67,0,0
542,68,0,0
542,69,0,0
542,70,0,0
542,71,0,0
542,72,0,0
542,73,0,0
542,74,0,0
542,75,0,0
542,76,0,0
542,77,0,0
542,78,0,0
542,79,0,0
542,80,0,0
543,1,0,0
543,2,0,0
543,3,0,0
543,4,0,0
543,5,0,0
543,6,0,0
543,7,8,64
543,8,0,0
543,9,0,0
543,10,122,68
543,11,20,71
543,12,0,0
543,13,6,43
543,14,51,61
543,15,5,75
543,16,118,14
543,17,0,0
543,18,71,26
543,19,0,0
543,20,24,29
543,21,4,30
543,22,5,38
543,23,152,65
543,24,0,0
543,25,2,62
543,26,1,73
543,27,3,70
543,28,54,50
543,29,128,36
543,30,10,58
543,31,6,2
543,32,0,0
543,33,23,1
543,34,7,2
543,35,12,109
543,36,3,41
543,37,0,0
543,38,3,32
543,39,6,23
543,40,13,1
543,41,0,0
543,42,2,12
543,43,0,0
543,44,2,4
543,45,0,0
543,46,0,0
543,47,0,0
543,48,284,78
543,49,2,14
543,50,4,82
543,51,7,9
543,52,0,0
543,53,0,0
543,54,6,26
543,55,17,78
543,56,0,0
543,57,0,0
543,58,0,0
543,59,0,0
543,60,0,51
543,61,0,27
543,62,0,16
543,63,0,12
543,64,0,32
543,65,0,22
543,66,0,0
543,67,0,37
543,68,0,21
543,69,0,0
543,70,0,33
543,71,0,53
543,72,0,0
543,73,0,0
543,74,0,45
543,75,0,0
543,76,0,0
543,77,0,0
543,78,0,0
543,79,0,0
543,80,0,0
543,81,0,0
543,82,0,0
543,83,0,0
543,84,0,0
543,85,0,0
543,86,0,0
543,87,0,0
543,88,0,0
543,89,0,0
543,90,0,0
543,91,0,0
543,92,0,0
543,93,0,0
543,94,0,0
543,95,0,0
543,96,0,0
544,1,0,0
544,2,0,0
544,3,0,24
544,4,0,0
544,5,4,60
544,6,0,0
544,7,1,46
544,8,0,0
544,9,8,49
544,10,0,0
544,11,0,0
544,12,0,0
544,13,0,0
544,14,85,62
544,15,19,67
544,16,101,20
544,17,7,45
544,18,50,55
544,19,7,62
544,20,4,37
544,21,0,0
544,22,36,34
544,23,7,52
544,24,152,73
544,25,0,0
544,26,11,8
544,27,2,2
544,28,20,1
544,29,348,22
544,30,10,1
544,31,2,1
544,32,1,8
544,33,5,48
544,34,3,45
544,35,23,76
544,36,4,67
544,37,0,0
544,38,14,1
544,39,0,0
544,40,1,15
544,41,3,3
544,42,0,5
544,43,0,0
544,44,0,0
544,45,197,0
544,46,0,5
544,47,2,15
544,48,5,80
544,49,0,0
544,50,155,96
544,51,2,39
544,52,1,22
544,53,11,32
544,54,0,0
544,55,0,0
544,56,6,29
544,57,1,25
544,58,3,16
544,59,1,25
544,60,0,58
544,61,0,25
544,62,0,24
544,63,0,0
544,64,0,17
544,65,0,75
544,66,0,28
544,67,0,0
544,68,0,23
544,69,0,0
544,70,0,0
544,71,0,19
544,72,0,9
544,73,0,31
544,74,0,32
544,75,0,0
544,76,0,0
544,77,0,47
544,78,0,0
544,79,0,0
544,80,0,0
544,81,0,0
544,82,0,0
544,83,0,0
544,84,0,0
544,85,0,0
544,86,0,0
544,87,0,0
544,88,0,0
544,89,0,0
544,90,0,0
544,91,0,0
544,92,0,0
544,93,0,0
544,94,0,0
544,95,0,0
545,1,0,0
545,2,0,0
545,3,0,15
545,4,0,1
545,5,0,0
545,6,0,26
545,7,9,19
545,8,0,47
545,9,0,0
545,10,247,0
545,11,0,0
545,12,0,0
545,13,7,86
545,14,0,0
545,15,0,0
545,16,0,0
545,17,0,0
545,18,3,92
545,19,147,63
545,20,0,0
545,21,0,0
545,22,21,68
545,23,0,0
545,24,7,57
545,25,4,33
545,26,31,61
545,27,0,0
545,28,20,49
545,29,64,31
545,30,2,93
545,31,135,66
545,32,0,0
545,33,1,106
545,34,31,134
545,35,0,0
545,36,3,78
545,37,0,0
545,38,0,0
545,39,0,0
545,40,6,55
545,41,4,35
545,42,27,2
545,43,15,45
545,44,187,0
545,45,11,1
545,46,2,0
545,47,1,11
545,48,9,79
545,49,2,63
545,50,0,0
545,51,233,100
545,52,0,0
545,53,3,6
545,54,0,1
545,55,0,0
545,56,0,8
545,57,0,0
545,58,2,15
545,59,0,0
545,60,5,70
545,61,0,7
545,62,2,14
545,63,11,89
545,64,0,0
545,65,5,12
545,66,0,0
545,67,2,10
545,68,0,0
545,69,0,0
545,70,1,40
545,71,44,41
545,72,108,29
545,73,45,43
545,74,0,39
545,75,0,29
545,76,0,10
545,77,0,62
545,78,0,32
545,79,0,0
545,80,0,0
545,81,0,21
545,82,0,22
545,83,0,5
545,84,0,44
545,85,0,21
545,86,0,0
545,87,0,23
545,88,0,0
545,89,0,0
545,90,0,10
545,91,0,0
545,92,0,0
545,93,0,0
545,94,0,0
545,95,0,0
545,96,0,0
545,97,0,0
545,98,0,0
545,99,0,0
545,100,0,0
545,101,0,0
545,102,0,0
545,103,0,0
545,104,0,0
545,105,0,0
545,106,0,0
545,107,0,0
545,108,0,0
546,1,0,13
546,2,0,1
546,3,0,0
546,4,0,19
546,5,20,49
546,6,2,58
546,7,0,0
546,8,0,0
546,9,0,0
546,10,0,0
546,11,1,72
546,12,0,0
546,13,12,75
546,14,0,0
546,15,0,0
546,16,0,0
546,17,70,34
546,18,31,50
546,19,2,94
546,20,7,7
546,21,86,10
546,22,0,0
546,23,0,0
546,24,8,78
546,25,6,38
546,26,32,58
546,27,0,0
546,28,2,90
546,29,182,82
546,30,30,53
546,31,0,0
546,32,0,0
546,33,1,99
546,34,3,72
546,35,0,0
546,36,17,78
546,37,17,1
546,38,3,11
546,39,1,33
546,40,235,92
546,41,0,0
546,42,4,78
546,43,0,0
546,44,0,8
546,45,0,0
546,46,1,14
546,47,5,77
546,48,0,0
546,49,0,0
546,50,0,7
546,51,0,9
546,52,2,49
546,53,9,68
546,54,0,0
546,55,1,6
546,56,0,0
546,57,129,36
546,58,0,0
546,59,41,27
546,60,2,18
546,61,0,22
546,62,0,68
546,63,0,35
546,64,0,0
546,65,0,0
546,66,0,32
546,67,0,34
546,68,0,0
546,69,0,14
546,70,0,0
546,71,0,77
546,72,0,0
546,73,0,23
546,74,0,54
546,75,0,17
546,76,0,0
546,77,0,0
546,78,0,0
546,79,0,0
546,80,0,0
546,81,0,0
546,82,0,0
546,83,0,0
546,84,0,0
546,85,0,0
546,86,0,0
546,87,0,0
546,88,0,0
546,89,0,0
546,90,0,0
546,91,0,0
547,1,0,12
547,2,0,0
547,3,0,16
547,4,1,13
547,5,14,40
547,6,1,48
547,7,0,0
547,8,0,0
547,9,114,71
547,10,0,0
547,11,21,51
547,12,0,67
547,13,0,0
547,14,86,80
547,15,24,44
547,16,0,0
547,17,18,24
547,18,46,25
547,19,89,13
547,20,0,0
547,21,8,68
547,22,7,45
547,23,36,88
547,24,0,0
547,25,0,0
547,26,231,108
547,27,0,0
547,28,153,0
547,29,0,0
547,30,0,0
547,31,3,73
547,32,0,0
547,33,0,0
547,34,109,62
547,35,0,0
547,36,198,0
547,37,24,83
547,38,25,0
547,39,5,0
547,40,1,20
547,41,4,68
547,42,220,92
547,43,0,0
547,44,0,0
547,45,0,0
547,46,0,0
547,47,1,10
547,48,0,0
547,49,4,19
547,50,0,0
547,51,1,4
547,52,0,0
547,53,0,0
547,54,1,21
547,55,8,92
547,56,348,84
547,57,0,0
547,58,154,38
547,59,78,58
547,60,22,18
547,61,0,12
547,62,0,46
547,63,0,0
547,64,0,12
547,65,0,40
547,66,0,9
547,67,0,0
547,68,0,17
547,69,0,0
547,70,0,16
547,71,0,58
547,72,0,18
547,73,0,0
547,74,0,16
547,75,0,0
547,76,0,0
547,77,0,58
547,78,0,57
547,79,0,0
547,80,0,0
547,81,0,0
547,82,0,0
547,83,0,0
547,84,0,0
547,85,0,0
547,86,0,0
547,87,0,0
547,88,0,0
547,89,0,0
547,90,0,0
547,91,0,0
547,92,0,0
547,93,0,0
547,94,0,0
548,1,0,0
548,2,0,19
548,3,2,41
548,4,0,0
548,5,124,76
548,6,20,47
548,7,227,0
548,8,0,64
548,9,0,0
548,10,2,47
548,11,0,0
548,12,64,46
548,13,8,47
548,14,39,47
548,15,0,0
548,16,30,55
548,17,50,27
548,18,16,16
548,19,95,10
548,20,0,0
548,21,7,63
548,22,0,0
548,23,6,40
548,24,0,0
548,25,22,52
548,26,19,62
548,27,0,0
548,28,207,95
548,29,0,0
548,30,0,0
548,31,31,126
548,32,3,90
548,33,1,77
548,34,2,78
548,35,0,0
548,36,208,0
548,37,100,74
548,38,9,42
548,39,24,1
548,40,10,51
548,41,253,0
548,42,9,0
548,43,5,0
548,44,3,70
548,45,2,26
548,46,78,52
548,47,102,67
548,48,4,71
548,49,0,27
548,50,2,4
548,51,2,13
548,52,2,44
548,53,0,0
548,54,1,5
548,55,3,28
548,56,5,66
548,57,12,61
548,58,0,0
548,59,0,0
548,60,67,65
548,61,12,56
548,62,0,0
548,63,222,108
548,64,0,0
548,65,94,47
548,66,0,19
548,67,4,16
548,68,0,13
548,69,0,36
548,70,0,21
548,71,0,52
548,72,0,0
548,73,0,16
548,74,0,0
548,75,0,44
548,76,0,24
548,77,0,13
548,78,0,0
548,79,0,0
548,80,0,0
548,81,0,0
548,82,0,0
548,83,0,0
548,84,0,0
548,85,0,0
548,86,0,0
548,87,0,0
548,88,0,0
548,89,0,0
548,90,0,0
548,91,0,0
548,92,0,0
548,93,0,0
548,94,0,0
548,95,0,0
548,96,0,0
548,97,0,0
548,98,0,0
548,99,0,0
548,100,0,0
549,1,0,0
549,2,0,0
549,3,23,51
549,4,12,13
549,5,1,64
549,6,1,29
549,7,2,4
549,8,4,14
549,9,61,49
549,10,7,47
549,11,31,43
549,12,14,28
549,13,101,44
549,14,1,124
549,15,28,21
549,16,0,0
549,17,0,0
549,18,9,83
549,19,0,0
549,20,26,56
549,21,0,0
549,22,23,51
549,23,140,58
549,24,83,35
549,25,0,0
549,26,25,119
549,27,2,114
549,28,13,44
549,29,0,51
549,30,3,109
549,31,7,66
549,32,0,47
549,33,12,20
549,34,7,8
549,35,92,62
549,36,0,0
549,37,0,0
549,38,3,45
549,39,32,1
549,40,68,49
549,41,9,0
549,42,3,1
549,43,3,24
549,44,88,67
549,45,12,17
549,46,6,70
549,47,0,0
549,48,0,0
549,49,82,92
549,50,0,0
549,51,2,49
549,52,1,13
549,53,0,12
549,54,2,11
549,55,2,62
549,56,1,5
549,57,1,1
549,58,0,0
549,59,2,23
549,60,0,3
549,61,0,8
549,62,3,47
549,63,2,5
549,64,0,11
549,65,259,81
549,66,24,84
549,67,0,0
549,68,0,0
549,69,247,52
549,70,125,98
549,71,93,60
549,72,0,11
549,73,0,9
549,74,0,4
549,75,0,14
549,76,0,31
549,77,0,20
549,78,0,13
549,79,0,0
549,80,0,0
549,81,0,34
549,82,0,15
549,83,0,32
549,84,0,0
549,85,0,0
549,86,0,4
549,87,0,0
549,88,0,0
549,89,0,0
549,90,0,0
549,91,0,0
549,92,0,0
549,93,0,0
549,94,0,0
549,95,0,0
549,96,0,0
549,97,0,0
549,98,0,0
549,99,0,0
549,100,0,0
549,101,0,0
549,102,0,0
549,103,0,0
549,104,0,0
549,105,0,0
549,106,0,0
549,107,0,0
549,108,0,0
549,109,0,0
549,110,0,0
549,111,0,0
550,1,0,0
550,2,0,0
550,3,17,42
550,4,0,0
550,5,2,66
550,6,3,66
550,7,0,0
550,8,0,0
550,9,0,0
550,10,56,54
550,11,36,43
550,12,31,56
550,13,0,0
550,14,1,113
550,15,101,33
550,16,0,0
550,17,0,0
550,18,0,0
550,19,8,67
550,20,0,0
550,21,8,73
550,22,0,73
550,23,313,0
550,24,0,0
550,25,0,0
550,26,0,0
550,27,68,86
550,28,2,123
550,29,15,80
550,30,0,0
550,31,0,0
550,32,2,68
550,33,7,65
550,34,236,0
550,35,1,41
550,36,0,0
550,37,0,0
550,38,30,1
550,39,259,0
550,40,12,0
550,41,3,29
550,42,5,11
550,43,13,2
550,44,8,10
550,45,0,0
550,46,0,0
550,47,3,60
550,48,0,0
550,49,0,13
550,50,2,8
550,51,0,44
550,52,2,28
550,53,1,8
550,54,3,35
550,55,49,60
550,56,0,0
550,57,236,68
550,58,0,0
550,59,139,116
550,60,0,11
550,61,0,10
550,62,0,0
550,63,0,37
550,64,0,12
550,65,0,9
550,66,0,38
550,67,0,40
550,68,0,0
550,69,0,0
550,70,0,13
550,71,0,64
550,72,0,32
550,73,0,0
550,74,0,0
550,75,0,0
550,76,0,0
550,77,0,0
550,78,0,0
550,79,0,0
550,80,0,0
550,81,0,0
550,82,0,0
550,83,0,0
550,84,0,0
550,85,0,0
550,86,0,0
550,87,0,0
550,88,0,0
550,89,0,0
550,90,0,0
550,91,0,0
550,92,0,0
551,1,0,0
551,2,0,0
551,3,0,0
551,4,0,0
551,5,0,0
551,6,0,0
551,7,0,0
551,8,0,0
551,9,0,0
551,10,2,75
551,11,3,86
551,12,130,61
551,13,0,0
551,14,0,0
551,15,57,54
551,16,11,18
551,17,0,52
551,18,23,37
551,19,0,0
551,20,79,70
551,21,1,73
551,22,80,43
551,23,0,0
551,24,0,0
551,25,3,34
551,26,61,11
551,27,0,0
551,28,10,50
551,29,2,39
551,30,99,0
551,31,8,74
551,32,0,0
551,33,2,97
551,34,0,0
551,35,0,0
551,36,70,119
551,37,6,51
551,38,0,31
551,39,0,0
551,40,1,55
551,41,2,47
551,42,4,39
551,43,0,0
551,44,0,0
551,45,38,0
551,46,132,93
551,47,239,0
551,48,3,29
551,49,7,11
551,50,16,1
551,51,15,9
551,52,0,0
551,53,0,41
551,54,4,40
551,55,0,0
551,56,0,22
551,57,0,10
551,58,29,51
551,59,0,0
551,60,168,54
551,61,41,74
551,62,164,47
551,63,137,41
551,64,140,105
551,65,1,26
551,66,0,0
551,67,0,35
551,68,0,0
551,69,0,0
551,70,0,0
551,71,0,0
551,72,0,67
551,73,0,34
551,74,0,0
551,75,0,0
551,76,0,14
551,77,0,0
551,78,0,0
551,79,0,1
551,80,0,1
551,81,0,0
551,82,0,0
551,83,0,0
551,84,0,0
551,85,0,0
551,86,0,0
551,87,0,0
551,88,0,0
551,89,0,0
551,90,0,0
551,91,0,0
551,92,0,0
551,93,0,0
551,94,0,0
551,95,0,0
551,96,0,0
551,97,0,0
551,98,0,0
551,99,0,0
551,100,0,0
551,101,0,0
551,102,0,0
551,103,0,0
551,104,0,0
551,105,0,0
552,1,0,3
552,2,0,0
552,3,0,0
552,4,0,0
552,5,0,0
552,6,2,74
552,7,4,76
552,8,0,0
552,9,0,55
552,10,0,0
552,11,0,0
552,12,34,48
552,13,29,40
552,14,68,73
552,15,0,100
552,16,0,0
552,17,0,0
552,18,0,0
552,19,0,0
552,20,0,0
552,21,0,0
552,22,12,71
552,23,10,77
552,24,226,52
552,25,0,0
552,26,6,0
552,27,2,96
552,28,6,0
552,29,0,0
552,30,0,0
552,31,0,0
552,32,63,121
552,33,0,0
552,34,138,98
552,35,220,0
552,36,5,11
552,37,0,0
552,38,14,1
552,39,14,7
552,40,0,0
552,41,0,0
552,42,0,31
552,43,4,23
552,44,3,40
552,45,0,0
552,46,3,16
552,47,1,38
552,48,1,25
552,49,0,0
552,50,0,9
552,51,25,51
552,52,0,0
552,53,189,17
552,54,70,14
552,55,140,55
552,56,0,0
552,57,155,53
552,58,137,38
552,59,0,0
552,60,0,0
552,61,148,112
552,62,1,52
552,63,0,0
552,64,0,15
552,65,0,0
552,66,0,24
552,67,0,0
552,68,0,14
552,69,0,65
552,70,0,25
552,71,0,0
552,72,0,0
552,73,0,0
552,74,0,58
552,75,0,0
552,76,0,15
552,77,0,0
552,78,0,0
552,79,0,0
552,80,0,0
552,81,0,0
552,82,0,0
552,83,0,0
552,84,0,0
552,85,0,0
552,86,0,0
552,87,0,0
552,88,0,0
552,89,0,0
552,90,0,0
552,91,0,0
552,92,0,0
552,93,0,0
552,94,0,0
552,95,0,0
552,96,0,0
552,97,0,0
552,98,0,0
552,99,0,0
552,100,0,0
552,101,0,0
552,102,0,0
552,103,0,0
552,104,0,0
553,1,0,0
553,2,29,28
553,3,0,0
553,4,7,53
553,5,0,0
553,6,1,67
553,7,0,0
553,8,0,0
553,9,4,48
553,10,0,0
553,11,219,74
553,12,81,81
553,13,8,82
553,14,28,47
553,15,6,34
553,16,0,0
553,17,0,0
553,18,0,0
553,19,0,0
553,20,0,0
553,21,0,0
553,22,6,56
553,23,245,56
553,24,0,0
553,25,14,94
553,26,0,0
553,27,0,0
553,28,270,99
553,29,0,0
553,30,0,0
553,31,50,0
553,32,130,89
553,33,221,0
553,34,22,16
553,35,210,103
553,36,2,8
553,37,8,1
553,38,1,16
553,39,0,0
553,40,1,4
553,41,2,17
553,42,0,0
553,43,1,0
553,44,0,0
553,45,0,0
553,46,26,50
553,47,0,8
553,48,157,62
553,49,55,93
553,50,174,55
553,51,0,0
553,52,143,35
553,53,24,22
553,54,0,34
553,55,0,20
553,56,0,28
553,57,0,32
553,58,0,0
553,59,0,10
553,60,0,14
553,61,0,33
553,62,0,0
553,63,0,42
553,64,0,27
553,65,0,0
553,66,0,95
553,67,0,0
553,68,0,53
553,69,0,8
553,70,0,0
553,71,0,0
553,72,0,0
553,73,0,0
553,74,0,0
553,75,0,0
553,76,0,0
553,77,0,0
553,78,0,0
553,79,0,0
553,80,0,0
553,81,0,0
553,82,0,0
553,83,0,0
553,84,0,0
553,85,0,0
553,86,0,0
553,87,0,0
553,88,0,0
553,89,0,0
553,90,0,0
553,91,0,0
553,92,0,0
553,93,0,0
553,94,0,0
553,95,0,0
553,96,0,0
553,97,0,0
553,98,0,0
553,99,0,0
554,1,0,0
554,2,0,0
554,3,22,11
554,4,2,35
554,5,0,0
554,6,6,29
554,7,0,0
554,8,0,0
554,9,8,56
554,10,1,66
554,11,5,41
554,12,0,0
554,13,0,0
554,14,0,0
554,15,212,70
554,16,0,0
554,17,85,65
554,18,5,71
554,19,23,50
554,20,0,0
554,21,9,59
554,22,0,0
554,23,0,0
554,24,0,0
554,25,0,0
554,26,0,0
554,27,244,57
554,28,0,0
554,29,25,0
554,30,14,58
554,31,273,93
554,32,4,60
554,33,108,95
554,34,0,0
554,35,45,0
554,36,204,0
554,37,245,0
554,38,19,82
554,39,14,0
554,40,16,4
554,41,38,74
554,42,24,84
554,43,4,72
554,44,14,1
554,45,4,8
554,46,2,1
554,47,0,0
554,48,0,0
554,49,2,2
554,50,71,36
554,51,1,16
554,52,58,29
554,53,0,4
554,54,55,26
554,55,31,30
554,56,3,6
554,57,0,0
554,58,166,65
554,59,0,0
554,60,0,0
554,61,0,0
554,62,152,36
554,63,61,16
554,64,0,0
554,65,0,0
554,66,140,41
554,67,0,0
554,68,4,5
554,69,0,0
554,70,0,0
554,71,26,20
554,72,0,34
554,73,0,0
554,74,0,0
554,75,0,0
554,76,0,0
554,77,0,0
554,78,0,8
554,79,0,13
554,80,0,20
554,81,0,0
554,82,0,22
554,83,0,44
554,84,0,51
554,85,0,0
554,86,0,0
554,87,0,0
554,88,0,0
554,89,0,0
554,90,0,0
554,91,0,0
554,92,0,0
554,93,0,0
554,94,0,0
554,95,0,0
554,96,0,0
554,97,0,0
554,98,0,0
554,99,0,0
554,100,0,0
554,101,0,0
554,102,0,0
554,103,0,0
554,104,0,0
554,105,0,0
554,106,0,0
554,107,0,0
554,108,0,0
555,1,0,0
555,2,4,5
555,3,0,0
555,4,28,12
555,5,0,0
555,6,1,40
555,7,1,33
555,8,0,0
555,9,0,0
555,10,0,0
555,11,0,0
555,12,0,0
555,13,6,59
555,14,0,0
555,15,0,0
555,16,184,63
555,17,0,0
555,18,90,56
555,19,9,55
555,20,3,67
555,21,51,25
555,22,25,82
555,23,0,0
555,24,93,11
555,25,0,0
555,26,0,0
555,27,0,0
555,28,0,0
555,29,0,0
555,30,0,73
555,31,207,53
555,32,0,0
555,33,0,0
555,34,0,0
555,35,9,68
555,36,131,101
555,37,0,0
555,38,8,40
555,39,0,0
555,40,0,0
555,41,39,0
555,42,206,0
555,43,0,0
555,44,0,0
555,45,0,0
555,46,434,96
555,47,21,80
555,48,248,0
555,49,0,0
555,50,24,2
555,51,14,3
555,52,0,0
555,53,38,66
555,54,5,28
555,55,21,87
555,56,0,0
555,57,2,5
555,58,7,0
555,59,3,71
555,60,0,0
555,61,2,2
555,62,63,33
555,63,0,13
555,64,0,0
555,65,104,43
555,66,0,6
555,67,75,54
555,68,0,0
555,69,0,0
555,70,0,0
555,71,0,0
555,72,0,0
555,73,239,59
555,74,0,0
555,75,0,0
555,76,3,4
555,77,4,4
555,78,192,80
555,79,160,24
555,80,0,0
555,81,0,0
555,82,0,23
555,83,0,17
555,84,0,12
555,85,0,0
555,86,0,0
555,87,0,46
555,88,0,23
555,89,0,38
555,90,0,0
555,91,0,9
555,92,0,17
555,93,0,0
555,94,0,0
555,95,0,0
555,96,0,0
555,97,0,0
555,98,0,0
555,99,0,0
555,100,0,0
555,101,0,0
555,102,0,0
555,103,0,0
555,104,0,0
555,105,0,0
555,106,0,0
555,107,0,0
555,108,0,0
556,1,0,0
556,2,15,12
556,3,0,0
556,4,0,0
556,5,0,0
556,6,0,0
556,7,3,50
556,8,0,0
556,9,0,0
556,10,0,0
556,11,5,59
556,12,0,0
556,13,7,75
556,14,86,80
556,15,1,92
556,16,167,47
556,17,0,0
556,18,0,0
556,19,3,58
556,20,0,51
556,21,225,47
556,22,0,0
556,23,10,101
556,24,2,87
556,25,210,0
556,26,216,0
556,27,131,0
556,28,2,0
556,29,6,31
556,30,3,25
556,31,2,20
556,32,5,99
556,33,1,14
556,34,11,81
556,35,42,66
556,36,11,41
556,37,0,0
556,38,0,0
556,39,0,0
556,40,0,0
556,41,179,63
556,42,254,0
556,43,15,75
556,44,22,0
556,45,11,1
556,46,45,77
556,47,5,44
556,48,0,0
556,49,4,27
556,50,15,73
556,51,0,0
556,52,3,4
556,53,5,1
556,54,3,35
556,55,8,45
556,56,0,0
556,57,0,0
556,58,3,5
556,59,0,11
556,60,0,0
556,61,73,40
556,62,64,27
556,63,89,18
556,64,39,84
556,65,3,31
556,66,2,9
556,67,0,0
556,68,45,32
556,69,1,15
556,70,0,29
556,71,0,0
556,72,0,52
556,73,0,0
556,74,0,0
556,75,0,38
556,76,0,53
556,77,0,0
556,78,0,21
556,79,0,14
556,80,0,16
556,81,0,37
556,82,0,0
556,83,0,8
556,84,0,0
556,85,0,0
556,86,0,0
556,87,0,0
556,88,0,0
556,89,0,0
556,90,0,0
556,91,0,0
556,92,0,0
556,93,0,0
556,94,0,0
556,95,0,0
556,96,0,0
556,97,0,0
556,98,0,0
556,99,0,0
556,100,0,0
556,101,0,0
556,102,0,0
556,103,0,0
556,104,0,0
556,105,0,0
556,106,0,0
556,107,0,0
557,1,0,0
557,2,21,9
557,3,0,0
557,4,0,0
557,5,0,0
557,6,0,0
557,7,1,51
557,8,0,0
557,9,11,57
557,10,0,0
557,11,0,11
557,12,0,0
557,13,5,38
557,14,92,86
557,15,1,92
557,16,3,55
557,17,1,41
557,18,253,41
557,19,0,60
557,20,0,0
557,21,0,0
557,22,0,51
557,23,3,74
557,24,1,67
557,25,32,77
557,26,11,50
557,27,3,67
557,28,3,65
557,29,2,24
557,30,11,41
557,31,0,0
557,32,173,0
557,33,14,12
557,34,79,0
557,35,197,69
557,36,192,0
557,37,0,0
557,38,44,0
557,39,2,25
557,40,0,0
557,41,36,79
557,42,5,32
557,43,0,0
557,44,15,65
557,45,2,10
557,46,10,1
557,47,5,43
557,48,0,0
557,49,2,3
557,50,1,20
557,51,4,60
557,52,181,70
557,53,4,29
557,54,200,75
557,55,0,5
557,56,33,72
557,57,4,44
557,58,0,0
557,59,66,32
557,60,0,14
557,61,0,16
557,62,0,24
557,63,0,88
557,64,0,13
557,65,0,0
557,66,0,25
557,67,0,9
557,68,0,0
557,69,0,15
557,70,0,78
557,71,0,0
557,72,0,7
557,73,0,31
557,74,0,47
557,75,0,0
557,76,0,16
557,77,0,0
557,78,0,0
557,79,0,0
557,80,0,0
557,81,0,0
557,82,0,0
557,83,0,0
557,84,0,0
557,85,0,0
557,86,0,0
557,87,0,0
557,88,0,0
557,89,0,0
557,90,0,0
557,91,0,0
557,92,0,0
557,93,0,0
558,1,29,0
558,2,0,0
558,3,0,0
558,4,0,0
558,5,5,61
558,6,0,0
558,7,7,60
558,8,1,35
558,9,5,60
558,10,0,0
558,11,0,0
558,12,0,0
558,13,90,77
558,14,54,32
558,15,1,60
558,16,227,38
558,17,0,63
558,18,0,0
558,19,2,47
558,20,0,70
558,21,32,105
558,22,18,74
558,23,0,0
558,24,2,55
558,25,0,29
558,26,6,46
558,27,0,46
558,28,3,52
558,29,3,19
558,30,0,0
558,31,8,25
558,32,158,84
558,33,2,44
558,34,185,0
558,35,204,65
558,36,238,0
558,37,0,0
558,38,3,27
558,39,0,0
558,40,36,85
558,41,370,59
558,42,12,10
558,43,4,31
558,44,3,37
558,45,0,0
558,46,3,7
558,47,5,48
558,48,5,3
558,49,3,33
558,50,239,50
558,51,11,41
558,52,0,7
558,53,8,18
558,54,5,77
558,55,17,58
558,56,116,34
558,57,2,23
558,58,0,13
558,59,0,2
558,60,0,6
558,61,0,2
558,62,0,7
558,63,0,28
558,64,0,25
558,65,0,0
558,66,0,65
558,67,0,0
558,68,0,6
558,69,0,56
558,70,0,0
558,71,0,11
558,72,0,11
558,73,0,0
558,74,0,2
558,75,0,1
558,76,0,0
558,77,0,0
558,78,0,0
558,79,0,0
558,80,0,0
558,81,0,0
558,82,0,0
558,83,0,0
558,84,0,0
558,85,0,0
558,86,0,0
558,87,0,0
558,88,0,0
558,89,0,0
558,90,0,0
558,91,0,0
558,92,0,0
558,93,0,0
558,94,0,0
559,1,0,0
559,2,0,0
559,3,0,0
559,4,0,0
559,5,0,0
559,6,0,0
559,7,4,54
559,8,2,44
559,9,64,68
559,10,0,0
559,11,14,46
559,12,0,0
559,13,0,71
559,14,0,0
559,15,0,0
559,16,0,0
559,17,0,0
559,18,94,74
559,19,5,90
559,20,0,0
559,21,79,32
559,22,0,0
559,23,0,70
559,24,2,51
559,25,1,45
559,26,21,0
559,27,2,47
559,28,37,108
559,29,0,0
559,30,11,60
559,31,2,49
559,32,0,41
559,33,3,34
559,34,2,50
559,35,2,53
559,36,10,10
559,37,1,3
559,38,1,9
559,39,0,7
559,40,2,12
559,41,6,13
559,42,0,44
559,43,0,0
559,44,190,0
559,45,272,1
559,46,215,71
559,47,52,2
559,48,175,0
559,49,0,0
559,50,0,10
559,51,0,0
559,52,0,0
559,53,2,7
559,54,2,42
559,55,44,86
559,56,0,19
559,57,6,89
559,58,28,4
559,59,0,0
559,60,2,43
559,61,12,5
559,62,8,36
559,63,1,17
559,64,0,0
559,65,4,31
559,66,0,0
559,67,4,54
559,68,0,0
559,69,0,0
559,70,3,39
559,71,184,44
559,72,68,39
559,73,195,43
559,74,12,47
559,75,135,10
559,76,0,0
559,77,0,0
559,78,0,6
559,79,10,24
559,80,15,49
559,81,15,22
559,82,122,32
559,83,0,3
559,84,0,6
559,85,0,69
559,86,0,42
559,87,0,0
559,88,0,0
559,89,0,29
559,90,0,20
559,91,0,0
559,92,0,0
559,93,0,53
559,94,0,0
559,95,0,0
559,96,0,60
559,97,0,10
559,98,0,5
559,99,0,0
559,100,0,2
559,101,0,0
559,102,0,0
559,103,0,0
559,104,0,0
559,105,0,0
559,106,0,0
559,107,0,0
559,108,0,0
559,109,0,0
559,110,0,0
559,111,0,0
559,112,0,0
559,113,0,0
559,114,0,0
559,115,0,0
559,116,0,0
559,117,0,0
559,118,0,0
559,119,0,0
560,1,1,8
560,2,0,0
560,3,0,0
560,4,0,0
560,5,9,67
560,6,2,44
560,7,0,0
560,8,0,0
560,9,156,60
560,10,106,82
560,11,23,46
560,12,6,95
560,13,0,0
560,14,0,0
560,15,0,0
560,16,83,32
560,17,0,83
560,18,2,0
560,19,32,0
560,20,1,87
560,21,0,0
560,22,41,109
560,23,25,42
560,24,0,0
560,25,0,0
560,26,2,33
560,27,6,29
560,28,1,60
560,29,4,34
560,30,0,54
560,31,0,0
560,32,120,114
560,33,3,51
560,34,11,26
560,35,5,73
560,36,5,26
560,37,1,20
560,38,3,11
560,39,183,0
560,40,7,11
560,41,264,0
560,42,20,0
560,43,21,0
560,44,9,0
560,45,0,19
560,46,1,6
560,47,0,0
560,48,0,0
560,49,0,3
560,50,44,80
560,51,10,62
560,52,0,7
560,53,2,11
560,54,28,0
560,55,2,5
560,56,12,60
560,57,13,4
560,58,75,70
560,59,0,0
560,60,0,0
560,61,5,30
560,62,4,17
560,63,0,0
560,64,5,27
560,65,0,0
560,66,0,0
560,67,3,46
560,68,0,0
560,69,216,47
560,70,17,56
560,71,0,0
560,72,0,0
560,73,128,8
560,74,0,0
560,75,1,6
560,76,0,0
560,77,8,27
560,78,53,50
560,79,0,40
560,80,0,29
560,81,0,0
560,82,0,6
560,83,0,8
560,84,0,89
560,85,0,49
560,86,0,78
560,87,0,0
560,88,0,0
560,89,0,27
560,90,0,11
560,91,0,0
560,92,0,23
560,93,0,10
560,94,0,0
560,95,0,11
560,96,0,0
560,97,0,0
560,98,0,0
560,99,0,0
560,100,0,0
560,101,0,0
560,102,0,0
560,103,0,0
560,104,0,0
560,105,0,0
560,106,0,0
560,107,0,0
560,108,0,0
560,109,0,0
560,110,0,0
560,111,0,0
560,112,0,0
560,113,0,0
560,114,0,0
560,115,0,0
560,116,0,0
560,117,0,0
560,118,0,0
560,119,0,0
560,120,0,0
561,1,0,0
561,2,1,5
561,3,0,0
561,4,0,36
561,5,16,48
561,6,0,0
561,7,10,78
561,8,14,47
561,9,0,0
561,10,149,53
561,11,36,28
561,12,81,70
561,13,17,32
561,14,56,44
561,15,6,98
561,16,0,0
561,17,79,31
561,18,1,85
561,19,43,105
561,20,24,56
561,21,0,0
561,22,0,0
561,23,3,65
561,24,116,112
561,25,1,83
561,26,0,0
561,27,3,72
561,28,6,31
561,29,3,31
561,30,6,9
561,31,15,6
561,32,16,84
561,33,261,0
561,34,1,15
561,35,41,0
561,36,2,16
561,37,2,12
561,38,0,0
561,39,14,61
561,40,0,0
561,41,3,7
561,42,28,1
561,43,3,3
561,44,5,39
561,45,3,0
561,46,1,7
561,47,3,43
561,48,2,84
561,49,11,8
561,50,6,37
561,51,8,0
561,52,1,0
561,53,56,58
561,54,2,9
561,55,4,20
561,56,2,21
561,57,2,7
561,58,0,0
561,59,0,0
561,60,237,41
561,61,0,0
561,62,1,4
561,63,3,9
561,64,7,17
561,65,0,52
561,66,0,15
561,67,0,0
561,68,0,0
561,69,0,0
561,70,0,0
561,71,0,72
561,72,0,0
561,73,0,0
561,74,0,0
561,75,0,43
561,76,0,0
561,77,0,0
561,78,0,0
561,79,0,0
561,80,0,0
561,81,0,0
561,82,0,0
561,83,0,0
561,84,0,0
561,85,0,0
561,86,0,0
561,87,0,0
561,88,0,0
561,89,0,0
561,90,0,0
561,91,0,0
561,92,0,0
561,93,0,0
561,94,0,0
561,95,0,0
561,96,0,0
561,97,0,0
561,98,0,0
561,99,0,0
561,100,0,0
562,1,0,0
562,2,0,31
562,3,11,51
562,4,12,74
562,5,10,47
562,6,0,0
562,7,184,52
562,8,0,0
562,9,55,0
562,10,0,0
562,11,50,38
562,12,0,0
562,13,7,96
562,14,82,39
562,15,1,86
562,16,0,0
562,17,2,82
562,18,42,103
562,19,0,0
562,20,8,38
562,21,0,0
562,22,0,0
562,23,8,51
562,24,4,104
562,25,104,102
562,26,5,67
562,27,6,36
562,28,3,26
562,29,5,12
562,30,10,96
562,31,253,0
562,32,48,1
562,33,3,19
562,34,3,3
562,35,6,77
562,36,2,7
562,37,14,0
562,38,1,3
562,39,8,46
562,40,4,0
562,41,3,5
562,42,20,2
562,43,6,45
562,44,3,87
562,45,5,4
562,46,7,1
562,47,2,5
562,48,4,45
562,49,59,80
562,50,3,12
562,51,1,24
562,52,1,23
562,53,225,40
562,54,0,0
562,55,1,2
562,56,0,0
562,57,5,15
562,58,8,16
562,59,16,54
562,60,0,0
562,61,2,37
562,62,0,0
562,63,0,32
562,64,0,24
562,65,0,5
562,66,0,50
562,67,0,0
562,68,0,0
562,69,0,10
562,70,0,0
562,71,0,47
562,72,0,0
562,73,0,47
562,74,0,38
562,75,0,50
562,76,0,0
562,77,0,0
562,78,0,36
562,79,0,12
562,80,0,39
562,81,0,0
562,82,0,0
562,83,0,0
562,84,0,0
562,85,0,0
562,86,0,0
562,87,0,0
562,88,0,0
562,89,0,0
562,90,0,0
562,91,0,0
562,92,0,0
562,93,0,0
562,94,0,0
562,95,0,0
563,1,0,0
563,2,0,29
563,3,14,54
563,4,0,0
563,5,12,50
563,6,0,0
563,7,13,45
563,8,203,52
563,9,49,0
563,10,0,0
563,11,0,0
563,12,0,0
563,13,0,0
563,14,4,54
563,15,4,43
563,16,0,0
563,17,0,0
563,18,0,0
563,19,88,37
563,20,0,0
563,21,0,0
563,22,0,43
563,23,3,78
563,24,3,74
563,25,10,67
563,26,23,54
563,27,34,83
563,28,0,0
563,29,3,84
563,30,0,0
563,31,0,0
563,32,5,46
563,33,5,40
563,34,4,106
563,35,0,0
563,36,103,97
563,37,7,72
563,38,1,22
563,39,4,12
563,40,2,26
563,41,3,71
563,42,10,85
563,43,10,21
563,44,0,0
563,45,5,6
563,46,24,0
563,47,10,9
563,48,12,84
563,49,10,2
563,50,29,78
563,51,8,7
563,52,0,0
563,53,2,18
563,54,0,0
563,55,2,13
563,56,7,14
563,57,0,0
563,58,0,0
563,59,0,0
563,60,0,10
563,61,0,0
563,62,0,0
563,63,0,0
563,64,0,0
563,65,0,0
563,66,0,0
563,67,0,0
563,68,0,34
563,69,0,11
563,70,0,29
563,71,0,0
563,72,0,0
563,73,0,0
563,74,0,0
563,75,0,0
563,76,0,0
563,77,0,0
563,78,0,0
563,79,0,0
563,80,0,0
563,81,0,0
563,82,0,0
563,83,0,0
563,84,0,0
563,85,0,0
564,1,0,0
564,2,0,0
564,3,0,27
564,4,14,55
564,5,0,0
564,6,0,0
564,7,17,59
564,8,0,0
564,9,0,0
564,10,197,44
564,11,0,0
564,12,7,44
564,13,5,34
564,14,0,0
564,15,0,0
564,16,0,0
564,17,0,0
564,18,0,0
564,19,1,36
564,20,0,0
564,21,55,26
564,22,2,54
564,23,18,50
564,24,1,45
564,25,289,0
564,26,34,94
564,27,0,0
564,28,0,0
564,29,5,82
564,30,3,96
564,31,0,0
564,32,205,0
564,33,4,94
564,34,119,94
564,35,1,25
564,36,4,15
564,37,4,32
564,38,7,54
564,39,5,65
564,40,5,67
564,41,59,77
564,42,7,20
564,43,0,0
564,44,0,0
564,45,22,99
564,46,15,0
564,47,10,6
564,48,195,41
564,49,183,72
564,50,9,35
564,51,13,2
564,52,3,77
564,53,0,0
564,54,0,0
564,55,0,0
564,56,1,23
564,57,1,10
564,58,0,0
564,59,4,21
564,60,0,0
564,61,10,53
564,62,0,0
564,63,0,0
564,64,0,0
564,65,0,0
564,66,0,0
564,67,0,0
564,68,0,0
564,69,0,0
564,70,0,0
564,71,0,0
564,72,0,0
564,73,0,0
564,74,0,0
564,75,0,24
564,76,0,12
564,77,0,0
564,78,0,0
564,79,0,0
564,80,0,0
564,81,0,0
564,82,0,0
564,83,0,0
564,84,0,0
564,85,0,0
564,86,0,0
564,87,0,0
564,88,0,0
564,89,0,0
564,90,0,0
564,91,0,0
565,1,65,0
565,2,0,0
565,3,0,0
565,4,19,62
565,5,0,0
565,6,0,0
565,7,199,45
565,8,10,65
565,9,29,59
565,10,0,50
565,11,5,30
565,12,0,0
565,13,0,0
565,14,0,0
565,15,0,0
565,16,0,0
565,17,0,0
565,18,27,34
565,19,22,51
565,20,44,97
565,21,0,0
565,22,0,0
565,23,1,93
565,24,7,92
565,25,1,71
565,26,1,43
565,27,4,61
565,28,109,88
565,29,3,73
565,30,0,0
565,31,0,0
565,32,4,14
565,33,2,25
565,34,3,21
565,35,4,72
565,36,2,32
565,37,0,0
565,38,3,11
565,39,18,92
565,40,17,0
565,41,12,6
565,42,0,0
565,43,199,33
565,44,203,69
565,45,7,28
565,46,3,43
565,47,1,44
565,48,0,0
565,49,0,0
565,50,0,0
565,51,3,18
565,52,0,0
565,53,0,0
565,54,0,0
565,55,17,50
565,56,0,0
565,57,0,0
565,58,0,0
565,59,0,0
565,60,12,29
565,61,0,0
565,62,0,0
565,63,0,17
565,64,0,16
565,65,0,0
565,66,0,24
565,67,0,0
565,68,0,0
565,69,0,0
565,70,0,6
565,71,0,0
565,72,0,0
565,73,0,0
565,74,0,0
565,75,0,0
565,76,0,57
565,77,0,0
565,78,0,0
565,79,0,0
565,80,0,0
565,81,0,0
565,82,0,0
565,83,0,0
565,84,0,0
565,85,0,0
565,86,0,0
565,87,0,0
565,88,0,0
565,89,0,0
565,90,0,0
565,91,0,0
565,92,0,0
565,93,0,0
565,94,0,0
565,95,0,0
565,96,0,0
565,97,0,0
565,98,0,0
566,1,0,0
566,2,0,0
566,3,16,51
566,4,0,0
566,5,0,0
566,6,0,0
566,7,0,0
566,8,0,0
566,9,0,0
566,10,0,0
566,11,191,42
566,12,11,68
566,13,22,0
566,14,0,81
566,15,49,32
566,16,0,21
566,17,98,61
566,18,5,43
566,19,1,54
566,20,19,49
566,21,0,0
566,22,0,0
566,23,0,0
566,24,0,0
566,25,0,0
566,26,55,25
566,27,19,33
566,28,189,45
566,29,0,0
566,30,20,48
566,31,0,0
566,32,43,95
566,33,3,70
566,34,4,61
566,35,5,82
566,36,0,0
566,37,22,44
566,38,3,74
566,39,0,0
566,40,282,62
566,41,18,9
566,42,3,33
566,43,0,0
566,44,9,66
566,45,8,44
566,46,22,48
566,47,0,0
566,48,311,66
566,49,4,43
566,50,2,46
566,51,0,0
566,52,0,0
566,53,0,0
566,54,0,0
566,55,0,0
566,56,5,20
566,57,0,0
566,58,48,46
566,59,156,24
566,60,0,0
566,61,0,47
566,62,0,0
566,63,0,0
566,64,0,0
566,65,0,25
566,66,0,0
566,67,0,0
566,68,0,0
566,69,0,0
566,70,0,51
566,71,0,41
566,72,0,0
566,73,0,0
566,74,0,14
566,75,0,0
566,76,0,0
566,77,0,0
566,78,0,0
566,79,0,0
566,80,0,0
566,81,0,0
566,82,0,0
566,83,0,0
566,84,0,0
566,85,0,0
566,86,0,0
566,87,0,0
566,88,0,0
566,89,0,0
566,90,0,0
566,91,0,0
566,92,0,0
566,93,0,0
566,94,0,0
566,95,0,0
566,96,0,0
566,97,0,0
567,1,0,0
567,2,34,0
567,3,2,32
567,4,0,0
567,5,0,0
567,6,0,0
567,7,13,49
567,8,0,0
567,9,19,71
567,10,0,0
567,11,0,0
567,12,0,0
567,13,0,0
567,14,176,39
567,15,31,0
567,16,0,77
567,17,0,0
567,18,36,17
567,19,0,0
567,20,39,34
567,21,88,37
567,22,8,42
567,23,1,65
567,24,0,0
567,25,19,25
567,26,8,41
567,27,9,51
567,28,31,6
567,29,0,0
567,30,0,0
567,31,23,10
567,32,176,43
567,33,0,0
567,34,37,31
567,35,23,58
567,36,0,0
567,37,137,55
567,38,2,106
567,39,233,0
567,40,22,102
567,41,0,0
567,42,0,0
567,43,24,50
567,44,0,0
567,45,2,65
567,46,0,0
567,47,0,0
567,48,253,59
567,49,5,65
567,50,4,39
567,51,60,75
567,52,4,71
567,53,8,56
567,54,21,67
567,55,0,0
567,56,311,61
567,57,17,2
567,58,12,6
567,59,3,34
567,60,0,0
567,61,31,38
567,62,3,6
567,63,0,1
567,64,0,0
567,65,340,88
567,66,0,0
567,67,0,0
567,68,64,28
567,69,25,33
567,70,0,0
567,71,0,50
567,72,0,0
567,73,0,33
567,74,0,0
567,75,0,0
567,76,0,0
567,77,0,22
567,78,0,11
567,79,0,0
567,80,0,0
567,81,0,0
567,82,0,0
567,83,0,0
567,84,0,0
567,85,0,0
567,86,0,0
567,87,0,0
567,88,0,0
567,89,0,0
567,90,0,0
567,91,0,0
567,92,0,0
567,93,0,0
567,94,0,0
567,95,0,0
567,96,0,0
567,97,0,0
567,98,0,0
567,99,0,0
567,100,0,0
567,101,0,0
567,102,0,0
567,103,0,0
567,104,0,0
567,105,0,0
568,1,0,0
568,2,1,34
568,3,0,0
568,4,0,0
568,5,0,0
568,6,0,0
568,7,14,52
568,8,0,0
568,9,19,61
568,10,0,0
568,11,0,0
568,12,0,0
568,13,149,26
568,14,46,40
568,15,0,0
568,16,32,0
568,17,0,74
568,18,0,0
568,19,9,70
568,20,0,0
568,21,50,38
568,22,145,14
568,23,95,51
568,24,0,0
568,25,4,67
568,26,18,25
568,27,13,53
568,28,60,15
568,29,6,51
568,30,62,38
568,31,0,0
568,32,19,47
568,33,133,61
568,34,5,97
568,35,3,81
568,36,25,67
568,37,17,66
568,38,0,0
568,39,31,84
568,40,4,71
568,41,162,47
568,42,137,25
568,43,3,59
568,44,63,74
568,45,0,0
568,46,17,73
568,47,0,0
568,48,8,35
568,49,3,26
568,50,0,0
568,51,3,1
568,52,0,0
568,53,0,0
568,54,140,50
568,55,50,48
568,56,0,0
568,57,0,0
568,58,65,23
568,59,25,29
568,60,82,31
568,61,0,44
568,62,0,0
568,63,0,0
568,64,0,35
568,65,0,0
568,66,0,0
568,67,0,0
568,68,0,0
568,69,0,23
568,70,0,0
568,71,0,0
568,72,0,0
568,73,0,0
568,74,0,0
568,75,0,0
568,76,0,0
568,77,0,0
568,78,0,0
568,79,0,0
568,80,0,0
568,81,0,0
568,82,0,0
568,83,0,0
568,84,0,0
568,85,0,0
568,86,0,0
568,87,0,0
568,88,0,0
568,89,0,0
568,90,0,0
568,91,0,0
568,92,0,0
568,93,0,0
568,94,0,0
568,95,0,0
568,96,0,0
568,97,0,0
568,98,0,0
568,99,0,0
568,100,0,0
568,101,0,0
569,1,0,0
569,2,0,0
569,3,0,0
569,4,2,32
569,5,0,0
569,6,20,59
569,7,1,62
569,8,0,0
569,9,0,0
569,10,0,0
569,11,93,48
569,12,38,0
569,13,10,69
569,14,80,59
569,15,0,0
569,16,22,12
569,17,55,32
569,18,5,70
569,19,7,16
569,20,12,49
569,21,0,0
569,22,81,16
569,23,14,14
569,24,7,52
569,25,44,23
569,26,54,38
569,27,120,0
569,28,0,0
569,29,3,84
569,30,139,70
569,31,0,0
569,32,20,99
569,33,175,54
569,34,40,41
569,35,0,0
569,36,18,53
569,37,31,71
569,38,7,70
569,39,175,43
569,40,122,27
569,41,16,12
569,42,224,0
569,43,63,72
569,44,0,0
569,45,29,5
569,46,0,0
569,47,5,33
569,48,0,0
569,49,0,0
569,50,6,23
569,51,4,23
569,52,3,67
569,53,139,50
569,54,50,49
569,55,67,25
569,56,17,28
569,57,0,0
569,58,88,37
569,59,0,0
569,60,0,0
569,61,0,0
569,62,0,0
569,63,0,0
569,64,0,0
569,65,0,0
569,66,0,31
569,67,0,0
569,68,0,0
569,69,0,0
569,70,0,0
569,71,0,0
569,72,0,0
569,73,0,0
569,74,0,0
569,75,0,0
569,76,0,0
569,77,0,0
569,78,0,0
569,79,0,0
569,80,0,0
569,81,0,0
569,82,0,0
569,83,0,0
569,84,0,0
569,85,0,0
569,86,0,0
569,87,0,0
569,88,0,0
569,89,0,0
569,90,0,0
569,91,0,0
569,92,0,0
569,93,0,0
569,94,0,0
569,95,0,0
569,96,0,0
569,97,0,0
569,98,0,0
569,99,0,0
569,100,0,0
569,101,0,0
569,102,0,0
569,103,0,0
570,1,0,0
570,2,0,0
570,3,0,0
570,4,2,21
570,5,58,37
570,6,61,31
570,7,18,64
570,8,0,58
570,9,0,0
570,10,0,0
570,11,0,0
570,12,55,15
570,13,9,18
570,14,0,32
570,15,0,0
570,16,0,0
570,17,33,0
570,18,43,21
570,19,0,0
570,20,0,21
570,21,8,45
570,22,0,0
570,23,0,0
570,24,88,61
570,25,7,20
570,26,0,45
570,27,26,20
570,28,14,10
570,29,57,27
570,30,7,47
570,31,14,17
570,32,78,15
570,33,48,20
570,34,0,0
570,35,56,35
570,36,0,0
570,37,103,46
570,38,0,0
570,39,89,49
570,40,10,79
570,41,37,24
570,42,67,44
570,43,0,0
570,44,9,45
570,45,18,36
570,46,37,79
570,47,5,64
570,48,1,14
570,49,12,5
570,50,0,0
570,51,0,0
570,52,28,1
570,53,105,99
570,54,8,48
570,55,14,3
570,56,0,0
570,57,0,0
570,58,0,0
570,59,0,0
570,60,9,60
570,61,161,49
570,62,152,54
570,63,0,0
570,64,0,0
570,65,0,0
570,66,3,72
570,67,46,49
570,68,0,0
570,69,0,0
570,70,0,50
570,71,0,0
570,72,0,0
570,73,0,0
570,74,0,48
570,75,0,51
570,76,0,0
570,77,0,0
570,78,0,0
570,79,0,0
570,80,0,0
570,81,0,0
570,82,0,0
570,83,0,0
570,84,0,0
570,85,0,0
570,86,0,0
570,87,0,0
570,88,0,0
570,89,0,0
570,90,0,0
570,91,0,0
570,92,0,0
570,93,0,0
570,94,0,0
570,95,0,0
570,96,0,0
570,97,0,0
570,98,0,0
570,99,0,0
570,100,0,0
570,101,0,0
570,102,0,0
570,103,0,0
570,104,0,0
570,105,0,0
570,106,0,0
570,107,0,0
570,108,0,0
570,109,0,0
570,110,0,0
570,111,0,0
571,1,0,0
571,2,2,29
571,3,63,42
571,4,59,35
571,5,20,60
571,6,0,0
571,7,0,0
571,8,0,0
571,9,1,35
571,10,0,0
571,11,0,0
571,12,0,18
571,13,0,8
571,14,13,59
571,15,0,0
571,16,84,66
571,17,8,21
571,18,3,49
571,19,33,16
571,20,23,15
571,21,54,24
571,22,6,43
571,23,0,0
571,24,0,0
571,25,12,17
571,26,36,14
571,27,1,80
571,28,28,51
571,29,0,0
571,30,2,74
571,31,139,48
571,32,0,0
571,33,89,50
571,34,10,79
571,35,6,16
571,36,95,35
571,37,212,0
571,38,60,48
571,39,0,0
571,40,20,33
571,41,30,76
571,42,7,32
571,43,9,68
571,44,7,18
571,45,13,17
571,46,116,0
571,47,91,0
571,48,29,2
571,49,8,87
571,50,0,0
571,51,10,2
571,52,0,0
571,53,5,38
571,54,2,44
571,55,4,52
571,56,0,0
571,57,6,3
571,58,0,0
571,59,0,0
571,60,0,0
571,61,0,0
571,62,5,65
571,63,0,16
571,64,0,0
571,65,0,0
571,66,0,20
571,67,0,53
571,68,0,0
571,69,0,87
571,70,0,0
571,71,0,0
571,72,0,0
571,73,0,0
571,74,0,0
571,75,0,60
571,76,0,0
571,77,0,0
571,78,0,0
571,79,0,0
571,80,0,0
571,81,0,0
571,82,0,0
571,83,0,0
571,84,0,0
571,85,0,0
571,86,0,0
571,87,0,0
571,88,0,0
571,89,0,0
571,90,0,0
571,91,0,0
571,92,0,0
571,93,0,0
571,94,0,0
571,95,0,0
571,96,0,0
571,97,0,0
571,98,0,0
571,99,0,0
571,100,0,0
571,101,0,0
571,102,0,0
572,1,0,0
572,2,12,4
572,3,7,24
572,4,27,37
572,5,53,33
572,6,0,0
572,7,86,31
572,8,71,35
572,9,10,48
572,10,0,0
572,11,0,0
572,12,0,0
572,13,0,0
572,14,0,0
572,15,0,0
572,16,0,0
572,17,1,33
572,18,6,52
572,19,0,0
572,20,2,50
572,21,89,35
572,22,4,45
572,23,0,0
572,24,0,0
572,25,0,0
572,26,35,27
572,27,15,23
572,28,0,0
572,29,16,6
572,30,27,54
572,31,2,69
572,32,142,48
572,33,88,52
572,34,25,44
572,35,11,77
572,36,9,17
572,37,98,33
572,38,219,0
572,39,60,47
572,40,7,84
572,41,17,38
572,42,23,64
572,43,3,31
572,44,7,75
572,45,0,0
572,46,6,17
572,47,15,20
572,48,0,0
572,49,179,76
572,50,4,82
572,51,0,0
572,52,15,1
572,53,23,0
572,54,94,0
572,55,0,0
572,56,0,0
572,57,6,59
572,58,2,4
572,59,0,0
572,60,0,0
572,61,17,52
572,62,0,15
572,63,166,20
572,64,50,14
572,65,0,0
572,66,0,0
572,67,0,24
572,68,0,0
572,69,0,0
572,70,0,0
572,71,0,3
572,72,0,50
572,73,0,0
572,74,0,0
572,75,0,0
572,76,0,0
572,77,0,0
572,78,0,67
572,79,0,0
572,80,0,0
572,81,0,0
572,82,0,0
572,83,0,0
572,84,0,0
572,85,0,0
572,86,0,0
572,87,0,0
572,88,0,0
572,89,0,0
572,90,0,0
572,91,0,0
572,92,0,0
572,93,0,0
572,94,0,0
572,95,0,0
572,96,0,0
572,97,0,0
572,98,0,0
572,99,0,0
572,100,0,0
572,101,0,0
572,102,0,0
572,103,0,0
572,104,0,0
572,105,0,0
572,106,0,0
572,107,0,0
572,108,0,0
572,109,0,0
573,1,0,0
573,2,9,25
573,3,68,47
573,4,126,69
573,5,12,45
573,6,0,0
573,7,0,0
573,8,0,0
573,9,0,0
573,10,1,64
573,11,1,71
573,12,0,0
573,13,0,0
573,14,71,46
573,15,39,33
573,16,0,0
573,17,0,0
573,18,0,0
573,19,0,0
573,20,141,50
573,21,87,56
573,22,18,35
573,23,9,80
573,24,7,20
573,25,37,33
573,26,104,34
573,27,60,47
573,28,24,87
573,29,8,42
573,30,3,15
573,31,11,11
573,32,168,77
573,33,0,0
573,34,0,0
573,35,8,21
573,36,26,3
573,37,3,10
573,38,0,0
573,39,0,0
573,40,0,0
573,41,0,0
573,42,229,79
573,43,0,0
573,44,101,0
573,45,4,0
573,46,0,0
573,47,2,39
573,48,0,0
573,49,5,57
573,50,5,2
573,51,0,0
573,52,0,0
573,53,0,5
573,54,0,0
573,55,211,59
573,56,19,52
573,57,0,0
573,58,0,14
573,59,0,0
573,60,0,0
573,61,0,0
573,62,0,0
573,63,0,0
573,64,0,0
573,65,0,58
573,66,0,0
573,67,0,0
573,68,0,0
573,69,0,0
573,70,0,0
573,71,0,75
573,72,0,0
573,73,0,0
573,74,0,0
573,75,0,0
573,76,0,0
573,77,0,0
573,78,0,0
573,79,0,0
573,80,0,0
573,81,0,0
573,82,0,0
573,83,0,0
573,84,0,0
573,85,0,0
573,86,0,0
573,87,0,0
573,88,0,0
573,89,0,0
573,90,0,0
573,91,0,0
573,92,0,0
573,93,0,0
573,94,0,0
573,95,0,0
573,96,0,0
573,97,0,0
573,98,0,0
573,99,0,0
573,100,0,0
573,101,0,0
573,102,0,0
573,103,0,0
573,104,0,0
573,105,0,0
573,106,0,0
573,107,0,0
573,108,0,0
573,109,0,0
573,110,0,0
573,111,0,0
574,1,0,0
574,2,0,0
574,3,3,17
574,4,53,46
574,5,67,32
574,6,0,0
574,7,0,0
574,8,17,33
574,9,8,43
574,10,0,0
574,11,71,57
574,12,0,0
574,13,0,0
574,14,0,0
574,15,0,0
574,16,0,0
574,17,0,0
574,18,69,44
574,19,39,33
574,20,0,0
574,21,120,39
574,22,28,61
574,23,0,0
574,24,113,48
574,25,5,46
574,26,85,51
574,27,7,85
574,28,16,21
574,29,131,47
574,30,18,38
574,31,31,106
574,32,0,0
574,33,9,34
574,34,0,0
574,35,3,59
574,36,3,63
574,37,4,73
574,38,0,0
574,39,6,12
574,40,16,16
574,41,0,0
574,42,160,65
574,43,12,27
574,44,0,0
574,45,31,62
574,46,107,28
574,47,0,0
574,48,144,46
574,49,142,0
574,50,0,0
574,51,3,40
574,52,0,0
574,53,50,57
574,54,3,4
574,55,0,0
574,56,0,0
574,57,0,5
574,58,6,27
574,59,5,33
574,60,227,68
574,61,22,52
574,62,0,15
574,63,0,0
574,64,0,0
574,65,0,0
574,66,0,0
574,67,0,0
574,68,0,0
574,69,0,65
574,70,0,0
574,71,0,0
574,72,0,0
574,73,0,0
574,74,0,0
574,75,0,14
574,76,0,0
574,77,0,0
574,78,0,0
574,79,0,70
574,80,0,0
574,81,0,0
574,82,0,6
574,83,0,0
574,84,0,0
574,85,0,0
574,86,0,0
574,87,0,0
574,88,0,0
574,89,0,0
574,90,0,0
574,91,0,0
574,92,0,0
574,93,0,0
574,94,0,0
574,95,0,0
574,96,0,0
574,97,0,0
574,98,0,0
574,99,0,0
574,100,0,0
574,101,0,0
574,102,0,0
574,103,0,0
574,104,0,0
574,105,0,0
574,106,0,0
574,107,0,0
574,108,0,0
575,1,0,0
575,2,0,0
575,3,0,0
575,4,5,19
575,5,56,54
575,6,60,23
575,7,16,35
575,8,6,49
575,9,0,0
575,10,70,34
575,11,17,20
575,12,0,0
575,13,0,0
575,14,72,66
575,15,198,39
575,16,0,0
575,17,0,0
575,18,0,0
575,19,75,49
575,20,39,38
575,21,0,0
575,22,110,44
575,23,1,48
575,24,6,28
575,25,11,42
575,26,100,38
575,27,0,0
575,28,0,0
575,29,5,75
575,30,8,63
575,31,69,51
575,32,11,69
575,33,0,0
575,34,13,23
575,35,133,45
575,36,4,70
575,37,5,71
575,38,0,0
575,39,5,50
575,40,21,24
575,41,3,58
575,42,58,81
575,43,2,67
575,44,4,85
575,45,7,8
575,46,2,15
575,47,116,57
575,48,12,26
575,49,0,0
575,50,143,66
575,51,0,0
575,52,0,0
575,53,0,0
575,54,0,0
575,55,214,97
575,56,8,84
575,57,0,0
575,58,3,40
575,59,0,0
575,60,9,46
575,61,47,48
575,62,0,0
575,63,0,0
575,64,2,15
575,65,2,52
575,66,3,27
575,67,2,16
575,68,0,0
575,69,0,0
575,70,0,0
575,71,0,0
575,72,0,0
575,73,0,0
575,74,0,0
575,75,0,0
575,76,0,0
575,77,0,0
575,78,0,14
575,79,0,0
575,80,0,0
575,81,0,0
575,82,0,44
575,83,0,40
575,84,0,0
575,85,0,0
575,86,0,8
575,87,0,4
575,88,0,0
575,89,0,0
575,90,0,0
575,91,0,0
575,92,0,0
575,93,0,0
575,94,0,0
575,95,0,0
575,96,0,0
575,97,0,0
575,98,0,0
575,99,0,0
575,100,0,0
575,101,0,0
575,102,0,0
575,103,0,0
575,104,0,0
575,105,0,0
575,106,0,0
575,107,0,0
575,108,0,0
575,109,0,0
575,110,0,0
575,111,0,0
575,112,0,0
575,113,0,0
575,114,0,0
575,115,0,0
575,116,0,0
575,117,0,0
575,118,0,0
576,1,0,0
576,2,62,60
576,3,56,15
576,4,19,27
576,5,0,0
576,6,75,38
576,7,20,21
576,8,2,76
576,9,61,58
576,10,203,35
576,11,0,0
576,12,0,0
576,13,0,0
576,14,35,55
576,15,91,52
576,16,0,0
576,17,3,36
576,18,116,41
576,19,0,41
576,20,7,29
576,21,11,44
576,22,0,0
576,23,10,35
576,24,104,38
576,25,0,0
576,26,9,27
576,27,3,45
576,28,4,79
576,29,0,0
576,30,5,55
576,31,61,50
576,32,0,0
576,33,0,0
576,34,0,0
576,35,23,46
576,36,150,47
576,37,9,75
576,38,3,46
576,39,22,23
576,40,1,35
576,41,4,30
576,42,5,39
576,43,1,61
576,44,3,71
576,45,4,10
576,46,3,18
576,47,39,10
576,48,0,0
576,49,195,105
576,50,0,0
576,51,186,0
576,52,4,75
576,53,0,0
576,54,7,47
576,55,0,0
576,56,5,4
576,57,0,0
576,58,0,0
576,59,7,50
576,60,58,50
576,61,2,23
576,62,0,0
576,63,0,0
576,64,0,0
576,65,2,21
576,66,1,32
576,67,0,0
576,68,0,0
576,69,3,22
576,70,0,0
576,71,0,0
576,72,0,0
576,73,0,0
576,74,0,65
576,75,0,0
576,76,0,0
576,77,0,0
576,78,0,16
576,79,0,0
576,80,0,0
576,81,0,72
576,82,0,0
576,83,0,9
576,84,0,0
576,85,0,0
576,86,0,0
576,87,0,0
576,88,0,0
576,89,0,0
576,90,0,0
576,91,0,0
576,92,0,0
576,93,0,0
576,94,0,0
576,95,0,0
576,96,0,0
576,97,0,0
576,98,0,0
576,99,0,0
576,100,0,0
576,101,0,0
576,102,0,0
576,103,0,0
576,104,0,0
576,105,0,0
576,106,0,0
576,107,0,0
576,108,0,0
576,109,0,0
576,110,0,0
576,111,0,0
576,112,0,0
576,113,0,0
576,114,0,0
576,115,0,0
576,116,0,0
576,117,0,0
576,118,0,0
576,119,0,0
576,120,0,0
577,1,0,0
577,2,2,42
577,3,2,55
577,4,58,17
577,5,15,16
577,6,0,0
577,7,88,43
577,8,25,19
577,9,9,56
577,10,22,57
577,11,0,0
577,12,0,0
577,13,0,0
577,14,200,39
577,15,2,78
577,16,0,0
577,17,0,0
577,18,0,0
577,19,0,0
577,20,0,0
577,21,0,0
577,22,116,79
577,23,0,0
577,24,3,61
577,25,48,23
577,26,90,27
577,27,4,25
577,28,3,23
577,29,14,44
577,30,104,45
577,31,11,31
577,32,13,21
577,33,7,15
577,34,2,47
577,35,4,87
577,36,0,0
577,37,0,0
577,38,3,51
577,39,65,52
577,40,0,0
577,41,24,52
577,42,146,50
577,43,5,56
577,44,3,33
577,45,3,49
577,46,30,40
577,47,2,37
577,48,5,50
577,49,4,59
577,50,31,6
577,51,6,22
577,52,145,76
577,53,0,0
577,54,44,11
577,55,0,0
577,56,24,79
577,57,126,69
577,58,0,0
577,59,0,0
577,60,5,86
577,61,19,6
577,62,285,89
577,63,0,0
577,64,9,42
577,65,4,3
577,66,10,35
577,67,48,43
577,68,0,0
577,69,0,0
577,70,0,0
577,71,0,20
577,72,1,8
577,73,2,10
577,74,2,12
577,75,1,31
577,76,0,0
577,77,0,0
577,78,1,10
577,79,2,30
577,80,0,0
577,81,2,14
577,82,0,7
577,83,0,0
577,84,0,0
577,85,0,0
577,86,0,0
577,87,0,0
577,88,0,15
577,89,0,63
577,90,0,0
577,91,0,0
577,92,0,0
577,93,0,16
577,94,0,0
577,95,0,38
577,96,0,42
577,97,0,5
577,98,0,0
577,99,0,0
577,100,0,0
577,101,0,0
577,102,0,0
577,103,0,0
577,104,0,0
577,105,0,0
577,106,0,0
577,107,0,0
577,108,0,0
577,109,0,0
577,110,0,0
577,111,0,0
577,112,0,0
577,113,0,0
577,114,0,0
577,115,0,0
577,116,0,0
577,117,0,0
577,118,0,0
577,119,0,0
577,120,0,0
577,121,0,0
577,122,0,0
577,123,0,0
577,124,0,0
577,125,0,0
577,126,0,0
577,127,0,0
577,128,0,0
577,129,0,0
578,1,0,0
578,2,0,0
578,3,4,39
578,4,56,35
578,5,82,34
578,6,10,4
578,7,53,28
578,8,9,51
578,9,0,0
578,10,3,40
578,11,14,26
578,12,0,0
578,13,69,47
578,14,28,74
578,15,0,0
578,16,71,9
578,17,0,0
578,18,125,17
578,19,0,0
578,20,0,0
578,21,0,0
578,22,135,71
578,23,0,0
578,24,3,57
578,25,12,33
578,26,30,14
578,27,95,33
578,28,4,32
578,29,0,0
578,30,5,25
578,31,7,69
578,32,0,0
578,33,22,55
578,34,0,58
578,35,12,34
578,36,12,16
578,37,9,13
578,38,3,61
578,39,4,85
578,40,0,0
578,41,0,0
578,42,79,65
578,43,0,0
578,44,0,0
578,45,9,40
578,46,17,53
578,47,142,50
578,48,4,43
578,49,4,38
578,50,5,48
578,51,29,36
578,52,1,40
578,53,3,53
578,54,38,4
578,55,3,9
578,56,1,22
578,57,33,82
578,58,0,0
578,59,4,21
578,60,125,63
578,61,54,1
578,62,18,11
578,63,30,80
578,64,133,64
578,65,6,79
578,66,8,19
578,67,211,0
578,68,5,72
578,69,16,5
578,70,8,42
578,71,141,16
578,72,109,34
578,73,5,4
578,74,8,77
578,75,8,31
578,76,33,40
578,77,0,0
578,78,1,17
578,79,218,77
578,80,0,0
578,81,0,0
578,82,1,5
578,83,0,20
578,84,0,0
578,85,1,14
578,86,38,78
578,87,4,22
578,88,0,0
578,89,0,9
578,90,0,0
578,91,3,6
578,92,0,0
578,93,0,7
578,94,0,0
578,95,3,18
578,96,0,0
578,97,0,7
578,98,0,5
578,99,0,0
578,100,0,0
578,101,0,67
578,102,0,13
578,103,0,0
578,104,0,0
578,105,0,0
578,106,0,49
578,107,0,35
578,108,0,27
578,109,0,1
578,110,0,0
578,111,0,0
578,112,0,0
578,113,0,0
578,114,0,0
578,115,0,0
578,116,0,0
578,117,0,0
578,118,0,0
578,119,0,0
578,120,0,0
578,121,0,0
578,122,0,0
578,123,0,0
578,124,0,0
578,125,0,0
578,126,0,0
578,127,0,0
578,128,0,0
578,129,0,0
578,130,0,0
578,131,0,0
578,132,0,0
578,133,0,0
578,134,0,0
578,135,0,0
578,136,0,0
578,137,0,0
578,138,0,0
578,139,0,0
578,140,0,0
578,141,0,0
579,1,0,0
579,2,0,0
579,3,5,37
579,4,68,20
579,5,24,22
579,6,103,53
579,7,16,50
579,8,4,42
579,9,7,14
579,10,11,20
579,11,0,0
579,12,0,0
579,13,62,45
579,14,32,72
579,15,69,8
579,16,0,0
579,17,0,0
579,18,0,0
579,19,132,22
579,20,0,0
579,21,24,38
579,22,0,0
579,23,0,0
579,24,138,66
579,25,0,0
579,26,0,0
579,27,0,0
579,28,22,27
579,29,6,43
579,30,3,28
579,31,2,26
579,32,35,64
579,33,0,0
579,34,2,86
579,35,19,46
579,36,18,28
579,37,4,49
579,38,9,97
579,39,0,0
579,40,2,50
579,41,1,40
579,42,9,50
579,43,181,100
579,44,98,25
579,45,6,54
579,46,4,87
579,47,3,39
579,48,24,32
579,49,28,72
579,50,2,10
579,51,21,42
579,52,7,1
579,53,49,0
579,54,2,30
579,55,32,61
579,56,2,14
579,57,5,4
579,58,45,9
579,59,8,88
579,60,19,20
579,61,208,0
579,62,4,72
579,63,5,40
579,64,134,19
579,65,114,27
579,66,0,0
579,67,9,32
579,68,28,38
579,69,3,13
579,70,0,0
579,71,209,63
579,72,0,0
579,73,0,0
579,74,0,6
579,75,0,35
579,76,37,70
579,77,3,17
579,78,0,0
579,79,2,10
579,80,0,8
579,81,169,99
579,82,4,8
579,83,0,7
579,84,0,0
579,85,0,0
579,86,0,12
579,87,0,3
579,88,0,10
579,89,0,106
579,90,0,80
579,91,0,0
579,92,0,0
579,93,0,0
579,94,0,0
579,95,0,52
579,96,0,0
579,97,0,0
579,98,0,0
579,99,0,0
579,100,0,0
579,101,0,44
579,102,0,29
579,103,0,0
579,104,0,0
579,105,0,0
579,106,0,0
579,107,0,0
579,108,0,0
579,109,0,0
579,110,0,0
579,111,0,0
579,112,0,0
579,113,0,0
579,114,0,0
579,115,0,0
579,116,0,0
579,117,0,0
579,118,0,0
579,119,0,0
579,120,0,0
579,121,0,0
579,122,0,0
579,123,0,0
579,124,0,0
579,125,0,0
579,126,0,0
579,127,0,0
579,128,0,0
579,129,0,0
579,130,0,0
579,131,0,0
579,132,0,0
579,133,0,0
579,134,0,0
579,135,0,0
579,136,0,0
579,137,0,0
579,138,0,0
579,139,0,0
579,140,0,0
579,141,0,0
580,1,0,0
580,2,2,4
580,3,2,42
580,4,0,0
580,5,23,62
580,6,3,42
580,7,8,12
580,8,0,0
580,9,96,40
580,10,10,17
580,11,60,43
580,12,34,27
580,13,42,26
580,14,25,71
580,15,74,12
580,16,0,0
580,17,49,28
580,18,0,0
580,19,116,34
580,20,14,44
580,21,0,0
580,22,0,0
580,23,0,0
580,24,0,0
580,25,88,45
580,26,0,0
580,27,0,0
580,28,7,52
580,29,0,0
580,30,1,29
580,31,3,27
580,32,1,65
580,33,34,57
580,34,5,66
580,35,26,43
580,36,15,30
580,37,8,69
580,38,0,0
580,39,0,0
580,40,2,60
580,41,2,59
580,42,10,45
580,43,114,0
580,44,181,105
580,45,0,0
580,46,115,24
580,47,7,75
580,48,6,93
580,49,2,49
580,50,2,11
580,51,28,67
580,52,6,1
580,53,51,0
580,54,1,25
580,55,23,34
580,56,6,87
580,57,5,9
580,58,0,0
580,59,38,10
580,60,153,88
580,61,9,88
580,62,11,26
580,63,10,9
580,64,215,0
580,65,27,2
580,66,5,46
580,67,128,17
580,68,115,32
580,69,4,35
580,70,5,17
580,71,67,47
580,72,0,0
580,73,0,0
580,74,3,22
580,75,38,33
580,76,0,0
580,77,4,69
580,78,4,19
580,79,0,0
580,80,0,0
580,81,5,33
580,82,0,0
580,83,0,24
580,84,0,0
580,85,0,14
580,86,0,2
580,87,0,2
580,88,0,0
580,89,0,10
580,90,0,0
580,91,0,0
580,92,0,0
580,93,0,46
580,94,0,86
580,95,0,0
580,96,0,0
580,97,0,0
580,98,0,0
580,99,0,0
580,100,0,0
580,101,0,0
580,102,0,52
580,103,0,12
580,104,0,0
580,105,0,67
580,106,0,0
580,107,0,0
580,108,0,0
580,109,0,0
580,110,0,0
580,111,0,0
580,112,0,0
580,113,0,0
580,114,0,0
580,115,0,0
580,116,0,0
580,117,0,0
580,118,0,0
580,119,0,0
580,120,0,0
580,121,0,0
580,122,0,0
580,123,0,0
580,124,0,0
580,125,0,0
580,126,0,0
580,127,0,0
580,128,0,0
580,129,0,0
580,130,0,0
580,131,0,0
580,132,0,0
580,133,0,0
580,134,0,0
580,135,0,0
580,136,0,0
580,137,0,0
580,138,0,0
580,139,0,0
580,140,0,0
580,141,0,0
580,142,0,0
580,143,0,0
580,144,0,0
580,145,0,0
580,146,0,0
580,147,0,0
580,148,0,0
580,149,0,0
581,1,0,0
581,2,0,0
581,3,0,0
581,4,6,25
581,5,0,0
581,6,0,0
581,7,7,46
581,8,1,34
581,9,2,50
581,10,8,16
581,11,0,0
581,12,20,19
581,13,0,0
581,14,0,0
581,15,117,39
581,16,97,53
581,17,6,0
581,18,0,0
581,19,89,50
581,20,0,0
581,21,152,39
581,22,10,52
581,23,0,0
581,24,0,0
581,25,0,0
581,26,0,0
581,27,0,0
581,28,0,0
581,29,6,26
581,30,3,30
581,31,46,60
581,32,31,48
581,33,22,35
581,34,158,33
581,35,7,87
581,36,0,0
581,37,6,96
581,38,0,0
581,39,8,53
581,40,35,62
581,41,0,0
581,42,123,21
581,43,6,68
581,44,3,42
581,45,2,70
581,46,3,18
581,47,27,54
581,48,6,3
581,49,1,4
581,50,49,1
581,51,0,40
581,52,25,34
581,53,6,95
581,54,7,10
581,55,5,20
581,56,4,14
581,57,8,75
581,58,22,26
581,59,7,89
581,60,23,1
581,61,2,34
581,62,9,12
581,63,74,49
581,64,20,43
581,65,0,0
581,66,278,74
581,67,0,0
581,68,0,0
581,69,4,31
581,70,6,80
581,71,3,58
581,72,0,0
581,73,0,0
581,74,0,0
581,75,0,19
581,76,0,0
581,77,0,0
581,78,0,35
581,79,0,0
581,80,0,0
581,81,0,0
581,82,0,0
581,83,0,0
581,84,0,0
581,85,0,0
581,86,0,0
581,87,0,0
581,88,0,0
581,89,0,0
581,90,0,0
581,91,0,66
581,92,0,0
581,93,0,0
581,94,0,0
581,95,0,0
581,96,0,0
581,97,0,0
581,98,0,0
581,99,0,0
581,100,0,0
581,101,0,0
581,102,0,0
581,103,0,0
581,104,0,0
581,105,0,0
581,106,0,0
581,107,0,0
581,108,0,0
581,109,0,0
581,110,0,0
581,111,0,0
581,112,0,0
581,113,0,0
581,114,0,0
581,115,0,0
581,116,0,0
581,117,0,0
581,118,0,0
581,119,0,0
581,120,0,0
581,121,0,0
582,1,0,0
582,2,4,10
582,3,12,25
582,4,136,54
582,5,0,0
582,6,0,0
582,7,6,41
582,8,1,33
582,9,0,0
582,10,0,54
582,11,3,17
582,12,76,41
582,13,0,0
582,14,29,29
582,15,0,0
582,16,0,0
582,17,0,0
582,18,0,0
582,19,23,27
582,20,0,0
582,21,49,23
582,22,6,0
582,23,78,35
582,24,35,51
582,25,0,0
582,26,200,42
582,27,0,0
582,28,9,41
582,29,0,0
582,30,0,0
582,31,0,0
582,32,3,69
582,33,0,0
582,34,9,39
582,35,151,69
582,36,44,69
582,37,79,24
582,38,11,92
582,39,92,12
582,40,0,0
582,41,0,0
582,42,0,0
582,43,8,68
582,44,5,58
582,45,3,75
582,46,30,63
582,47,26,45
582,48,9,5
582,49,1,14
582,50,54,3
582,51,2,31
582,52,26,38
582,53,6,68
582,54,10,92
582,55,0,0
582,56,9,91
582,57,293,3
582,58,53,113
582,59,7,83
582,60,0,0
582,61,11,11
582,62,11,1
582,63,6,30
582,64,75,52
582,65,5,20
582,66,3,18
582,67,13,12
582,68,0,0
582,69,0,0
582,70,13,37
582,71,274,88
582,72,0,0
582,73,0,0
582,74,3,34
582,75,0,0
582,76,190,61
582,77,2,36
582,78,0,0
582,79,0,0
582,80,0,0
582,81,0,0
582,82,0,0
582,83,0,34
582,84,0,0
582,85,0,0
582,86,0,0
582,87,0,0
582,88,0,0
582,89,0,0
582,90,0,0
582,91,0,0
582,92,0,0
582,93,0,0
582,94,0,0
582,95,0,0
582,96,0,0
582,97,0,0
582,98,0,0
582,99,0,0
582,100,0,0
582,101,0,0
582,102,0,0
582,103,0,0
582,104,0,0
582,105,0,0
582,106,0,0
582,107,0,0
582,108,0,0
582,109,0,0
582,110,0,0
582,111,0,0
582,112,0,0
582,113,0,0
582,114,0,0
582,115,0,0
582,116,0,0
582,117,0,0
582,118,0,0
583,1,0,0
583,2,4,12
583,3,19,25
583,4,171,48
583,5,0,0
583,6,0,0
583,7,0,0
583,8,0,0
583,9,8,63
583,10,0,0
583,11,3,46
583,12,0,0
583,13,70,40
583,14,36,35
583,15,40,22
583,16,0,0
583,17,32,17
583,18,2,0
583,19,77,39
583,20,0,0
583,21,43,60
583,22,0,0
583,23,0,0
583,24,0,0
583,25,0,0
583,26,195,40
583,27,0,0
583,28,0,0
583,29,16,39
583,30,0,0
583,31,0,0
583,32,0,0
583,33,0,0
583,34,0,0
583,35,5,61
583,36,0,0
583,37,5,57
583,38,0,0
583,39,11,23
583,40,6,35
583,41,0,0
583,42,85,25
583,43,99,13
583,44,0,0
583,45,0,0
583,46,0,0
583,47,7,85
583,48,19,119
583,49,10,60
583,50,11,35
583,51,2,17
583,52,11,3
583,53,120,62
583,54,60,0
583,55,2,35
583,56,19,28
583,57,12,99
583,58,0,0
583,59,0,0
583,60,276,3
583,61,24,52
583,62,28,3
583,63,0,0
583,64,4,51
583,65,8,10
583,66,0,0
583,67,7,76
583,68,7,14
583,69,52,40
583,70,0,0
583,71,30,44
583,72,0,0
583,73,209,4
583,74,8,3
583,75,9,0
583,76,3,9
583,77,4,29
583,78,71,49
583,79,6,25
583,80,2,16
583,81,11,13
583,82,13,34
583,83,292,78
583,84,0,0
583,85,0,0
583,86,4,28
583,87,0,0
583,88,0,0
583,89,0,0
583,90,198,62
583,91,0,0
583,92,0,0
583,93,0,18
583,94,18,56
583,95,0,0
583,96,0,0
583,97,0,0
583,98,0,0
583,99,0,0
583,100,0,0
583,101,0,0
583,102,0,0
583,103,0,34
583,104,0,0
583,105,0,0
583,106,0,0
583,107,0,14
583,108,0,1
583,109,0,3
583,110,0,0
583,111,0,8
583,112,0,2
583,113,0,2
583,114,0,0
583,115,0,20
583,116,0,0
583,117,0,0
583,118,0,0
583,119,0,0
583,120,0,0
583,121,0,0
583,122,0,0
583,123,0,0
583,124,0,0
583,125,0,0
583,126,0,0
583,127,0,0
583,128,0,0
583,129,0,0
583,130,0,0
583,131,0,0
583,132,0,0
583,133,0,0
583,134,0,0
583,135,0,0
583,136,0,0
583,137,0,0
584,1,13,32
584,2,0,0
584,3,0,0
584,4,0,0
584,5,0,0
584,6,0,0
584,7,51,31
584,8,51,22
584,9,40,65
584,10,245,0
584,11,38,20
584,12,0,0
584,13,0,0
584,14,2,0
584,15,27,15
584,16,83,45
584,17,0,0
584,18,41,36
584,19,0,0
584,20,0,0
584,21,0,0
584,22,197,29
584,23,0,0
584,24,0,0
584,25,23,55
584,26,4,37
584,27,3,28
584,28,0,0
584,29,5,74
584,30,7,26
584,31,292,79
584,32,130,34
584,33,0,0
584,34,0,0
584,35,21,109
584,36,9,64
584,37,10,55
584,38,15,54
584,39,10,8
584,40,117,66
584,41,64,0
584,42,3,74
584,43,6,38
584,44,10,66
584,45,24,41
584,46,0,0
584,47,14,7
584,48,5,41
584,49,0,0
584,50,6,57
584,51,0,0
584,52,40,38
584,53,230,90
584,54,20,40
584,55,0,0
584,56,16,2
584,57,1,16
584,58,18,37
584,59,1,2
584,60,0,0
584,61,3,30
584,62,44,39
584,63,5,30
584,64,2,27
584,65,126,49
584,66,13,34
584,67,0,0
584,68,47,23
584,69,166,47
584,70,0,0
584,71,17,52
584,72,0,0
584,73,220,51
584,74,7,83
584,75,0,0
584,76,4,24
584,77,198,60
584,78,0,0
584,79,0,0
584,80,0,25
584,81,14,48
584,82,0,0
584,83,0,0
584,84,9,91
584,85,0,0
584,86,0,0
584,87,0,0
584,88,0,0
584,89,0,39
584,90,0,0
584,91,0,0
584,92,0,0
584,93,0,0
584,94,0,0
584,95,0,0
584,96,0,0
584,97,0,0
584,98,0,0
584,99,0,0
584,100,0,0
584,101,0,14
584,102,0,2
584,103,0,5
584,104,0,9
584,105,0,4
584,106,0,0
584,107,0,0
584,108,0,0
584,109,0,0
584,110,0,0
584,111,0,0
584,112,0,0
584,113,0,0
584,114,0,0
584,115,0,0
584,116,0,0
584,117,0,0
584,118,0,0
584,119,0,0
584,120,0,0
584,121,0,0
584,122,0,0
584,123,0,0
584,124,0,0
584,125,0,0
584,126,0,0
584,127,0,0
584,128,0,0
584,129,0,0
584,130,0,0
584,131,0,0
584,132,0,0
585,1,111,49
585,2,164,46
585,3,0,0
585,4,0,0
585,5,0,0
585,6,0,0
585,7,0,0
585,8,8,19
585,9,0,0
585,10,36,30
585,11,0,0
585,12,0,0
585,13,46,23
585,14,30,47
585,15,1,97
585,16,36,13
585,17,0,0
585,18,23,23
585,19,28,14
585,20,76,31
585,21,0,0
585,22,39,41
585,23,0,0
585,24,0,0
585,25,0,0
585,26,0,0
585,27,26,62
585,28,0,0
585,29,5,41
585,30,2,30
585,31,76,39
585,32,289,83
585,33,96,17
585,34,18,59
585,35,5,54
585,36,64,95
585,37,3,71
585,38,11,79
585,39,14,71
585,40,11,51
585,41,83,38
585,42,90,62
585,43,62,3
585,44,47,15
585,45,6,41
585,46,0,0
585,47,8,67
585,48,24,44
585,49,0,0
585,50,5,41
585,51,14,9
585,52,13,20
585,53,8,3
585,54,0,0
585,55,44,26
585,56,223,83
585,57,11,40
585,58,5,77
585,59,11,1
585,60,0,13
585,61,14,21
585,62,3,1
585,63,1,4
585,64,7,16
585,65,3,19
585,66,0,0
585,67,3,81
585,68,0,0
585,69,26,33
585,70,2,26
585,71,159,56
585,72,13,21
585,73,12,24
585,74,218,74
585,75,11,43
585,76,0,0
585,77,211,59
585,78,5,83
585,79,0,0
585,80,3,19
585,81,218,49
585,82,0,0
585,83,0,0
585,84,1,21
585,85,15,41
585,86,0,0
585,87,0,0
585,88,0,0
585,89,6,83
585,90,0,0
585,91,0,0
585,92,0,0
585,93,0,15
585,94,0,0
585,95,0,38
585,96,0,0
585,97,0,0
585,98,0,0
585,99,0,0
585,100,0,0
585,101,0,0
585,102,0,0
585,103,0,9
585,104,0,9
585,105,0,0
585,106,0,0
585,107,0,0
585,108,0,0
585,109,0,0
585,110,0,0
585,111,0,0
585,112,0,0
585,113,0,0
585,114,0,0
585,115,0,0
585,116,0,0
585,117,0,0
585,118,0,0
585,119,0,0
585,120,0,0
585,121,0,0
585,122,0,0
585,123,0,0
585,124,0,0
586,1,8,1
586,2,117,58
586,3,132,31
586,4,0,0
586,5,0,0
586,6,6,59
586,7,0,0
586,8,0,0
586,9,0,0
586,10,0,0
586,11,46,21
586,12,43,23
586,13,0,0
586,14,0,0
586,15,2,78
586,16,0,0
586,17,17,25
586,18,27,13
586,19,45,18
586,20,26,18
586,21,5,95
586,22,99,33
586,23,0,0
586,24,38,40
586,25,0,0
586,26,0,0
586,27,0,0
586,28,0,0
586,29,0,0
586,30,29,52
586,31,2,45
586,32,81,37
586,33,311,79
586,34,26,57
586,35,93,22
586,36,3,68
586,37,3,92
586,38,3,84
586,39,0,0
586,40,18,52
586,41,2,30
586,42,64,75
586,43,2,42
586,44,3,37
586,45,10,0
586,46,129,0
586,47,7,47
586,48,8,50
586,49,31,34
586,50,11,65
586,51,271,0
586,52,2,82
586,53,11,50
586,54,95,34
586,55,88,44
586,56,20,7
586,57,41,9
586,58,5,50
586,59,6,64
586,60,0,0
586,61,16,36
586,62,0,0
586,63,1,37
586,64,4,5
586,65,28,35
586,66,12,6
586,67,9,4
586,68,252,82
586,69,17,31
586,70,7,72
586,71,8,0
586,72,1,11
586,73,16,19
586,74,5,1
586,75,1,5
586,76,2,13
586,77,2,14
586,78,1,33
586,79,0,0
586,80,4,3
586,81,24,31
586,82,4,74
586,83,0,0
586,84,5,26
586,85,0,0
586,86,157,40
586,87,7,28
586,88,4,13
586,89,83,30
586,90,213,57
586,91,10,38
586,92,0,0
586,93,5,90
586,94,0,0
586,95,4,16
586,96,1,7
586,97,210,48
586,98,0,0
586,99,1,21
586,100,0,0
586,101,15,42
586,102,0,0
586,103,0,0
586,104,0,0
586,105,0,0
586,106,0,0
586,107,0,14
586,108,0,0
586,109,0,0
586,110,0,0
586,111,0,0
586,112,0,0
586,113,0,41
586,114,0,0
586,115,0,4
586,116,0,0
586,117,0,11
586,118,0,2
586,119,0,5
586,120,0,6
586,121,0,0
586,122,0,0
586,123,0,0
586,124,0,0
586,125,0,0
586,126,0,0
586,127,0,0
586,128,0,0
586,129,0,0
586,130,0,0
586,131,0,0
586,132,0,0
586,133,0,0
586,134,0,0
586,135,0,0
586,136,0,0
586,137,0,0
586,138,0,0
586,139,0,0
586,140,0,0
586,141,0,0
587,1,0,0
587,2,0,0
587,3,4,11
587,4,2,18
587,5,95,45
587,6,0,0
587,7,0,0
587,8,2,53
587,9,0,0
587,10,0,0
587,11,0,0
587,12,0,0
587,13,113,44
587,14,0,0
587,15,0,0
587,16,2,71
587,17,0,0
587,18,0,0
587,19,31,32
587,20,1,54
587,21,64,23
587,22,33,24
587,23,7,59
587,24,132,60
587,25,0,0
587,26,0,0
587,27,30,55
587,28,0,0
587,29,0,0
587,30,0,0
587,31,0,0
587,32,0,0
587,33,78,0
587,34,134,43
587,35,255,59
587,36,28,53
587,37,0,0
587,38,6,65
587,39,0,0
587,40,3,42
587,41,2,56
587,42,0,29
587,43,130,55
587,44,13,71
587,45,0,0
587,46,3,70
587,47,14,27
587,48,24,22
587,49,0,0
587,50,149,14
587,51,15,37
587,52,162,46
587,53,0,25
587,54,19,30
587,55,42,18
587,56,5,56
587,57,8,52
587,58,4,50
587,59,79,33
587,60,151,52
587,61,17,33
587,62,7,61
587,63,2,76
587,64,11,40
587,65,93,38
587,66,56,32
587,67,5,8
587,68,41,3
587,69,85,57
587,70,10,45
587,71,46,70
587,72,7,58
587,73,2,5
587,74,0,0
587,75,4,30
587,76,2,29
587,77,0,0
587,78,6,4
587,79,11,22
587,80,6,4
587,81,11,7
587,82,67,36
587,83,17,26
587,84,3,13
587,85,18,19
587,86,7,0
587,87,3,10
587,88,1,12
587,89,0,0
587,90,2,32
587,91,4,1
587,92,54,42
587,93,4,76
587,94,1,14
587,95,5,3
587,96,0,0
587,97,12,25
587,98,0,19
587,99,2,65
587,100,8,18
587,101,89,32
587,102,242,63
587,103,13,38
587,104,0,0
587,105,4,16
587,106,0,0
587,107,29,52
587,108,199,50
587,109,0,0
587,110,2,16
587,111,6,34
587,112,38,29
587,113,0,0
587,114,0,0
587,115,0,0
587,116,0,0
587,117,0,0
587,118,0,0
587,119,0,0
587,120,0,14
587,121,0,0
587,122,0,0
587,123,0,32
587,124,0,12
587,125,0,41
587,126,0,12
587,127,0,6
587,128,0,4
587,129,0,5
587,130,0,4
587,131,0,2
587,132,0,0
587,133,0,0
587,134,0,0
587,135,0,0
587,136,0,0
587,137,0,0
587,138,0,0
587,139,0,0
587,140,0,0
588,1,0,0
588,2,0,0
588,3,0,0
588,4,4,28
588,5,110,47
588,6,0,0
588,7,0,0
588,8,0,0
588,9,0,0
588,10,1,51
588,11,0,0
588,12,114,42
588,13,0,0
588,14,0,0
588,15,0,0
588,16,32,33
588,17,0,0
588,18,6,60
588,19,114,42
588,20,41,30
588,21,4,58
588,22,17,43
588,23,0,0
588,24,0,0
588,25,0,0
588,26,37,54
588,27,6,34
588,28,5,33
588,29,78,40
588,30,0,0
588,31,96,0
588,32,161,43
588,33,275,64
588,34,33,89
588,35,4,69
588,36,0,0
588,37,2,45
588,38,2,45
588,39,1,64
588,40,10,56
588,41,36,52
588,42,148,20
588,43,29,58
588,44,193,64
588,45,0,0
588,46,41,21
588,47,10,82
588,48,80,40
588,49,19,111
588,50,155,59
588,51,0,0
588,52,17,37
588,53,6,65
588,54,6,66
588,55,11,40
588,56,8,20
588,57,100,38
588,58,59,33
588,59,8,7
588,60,44,2
588,61,95,60
588,62,9,51
588,63,44,60
588,64,9,50
588,65,0,0
588,66,3,6
588,67,244,1
588,68,2,28
588,69,46,31
588,70,5,6
588,71,16,11
588,72,27,35
588,73,0,0
588,74,6,7
588,75,0,0
588,76,23,27
588,77,0,0
588,78,0,0
588,79,8,16
588,80,0,34
588,81,0,0
588,82,2,15
588,83,8,4
588,84,0,0
588,85,16,34
588,86,1,21
588,87,110,33
588,88,3,56
588,89,26,52
588,90,263,68
588,91,0,0
588,92,5,55
588,93,0,0
588,94,5,38
588,95,6,16
588,96,23,41
588,97,0,0
588,98,94,21
588,99,0,0
588,100,0,0
588,101,12,20
588,102,33,44
588,103,0,0
588,104,0,0
588,105,0,0
588,106,0,0
588,107,0,0
588,108,0,39
588,109,0,20
588,110,0,40
588,111,0,7
588,112,0,0
588,113,0,8
588,114,0,0
588,115,0,0
588,116,0,0
588,117,0,0
588,118,0,0
588,119,0,0
588,120,0,0
588,121,0,0
588,122,0,0
588,123,0,0
589,1,0,0
589,2,0,0
589,3,0,0
589,4,0,0
589,5,0,0
589,6,0,0
589,7,0,0
589,8,0,0
589,9,3,36
589,10,0,0
589,11,0,0
589,12,0,0
589,13,0,0
589,14,0,0
589,15,0,0
589,16,1,60
589,17,0,0
589,18,0,0
589,19,109,41
589,20,0,0
589,21,0,0
589,22,75,61
589,23,8,83
589,24,0,0
589,25,12,60
589,26,0,0
589,27,0,0
589,28,0,0
589,29,41,42
589,30,17,39
589,31,0,0
589,32,6,51
589,33,7,58
589,34,0,0
589,35,1,38
589,36,191,48
589,37,18,61
589,38,84,25
589,39,3,47
589,40,3,81
589,41,1,62
589,42,81,37
589,43,12,48
589,44,24,40
589,45,0,0
589,46,30,54
589,47,153,46
589,48,0,0
589,49,38,21
589,50,4,50
589,51,4,48
589,52,0,0
589,53,4,59
589,54,0,0
589,55,88,45
589,56,160,46
589,57,9,44
589,58,0,0
589,59,7,54
589,60,0,0
589,61,2,39
589,62,0,0
589,63,17,35
589,64,9,45
589,65,5,58
589,66,141,55
589,67,13,13
589,68,37,2
589,69,114,70
589,70,0,0
589,71,8,63
589,72,48,66
589,73,2,15
589,74,0,0
589,75,3,6
589,76,6,11
589,77,8,39
589,78,34,30
589,79,2,36
589,80,24,29
589,81,0,0
589,82,4,64
589,83,1,49
589,84,10,10
589,85,13,23
589,86,167,12
589,87,4,12
589,88,1,30
589,89,65,34
589,90,3,75
589,91,0,0
589,92,0,0
589,93,16,29
589,94,5,34
589,95,116,30
589,96,27,47
589,97,273,67
589,98,0,0
589,99,3,41
589,100,6,54
589,101,0,0
589,102,4,31
589,103,10,13
589,104,0,1
589,105,27,38
589,106,0,0
589,107,0,0
589,108,0,0
589,109,1,21
589,110,0,0
589,111,0,0
589,112,0,0
589,113,0,0
589,114,39,25
589,115,0,0
589,116,0,0
589,117,0,0
589,118,0,41
589,119,0,31
589,120,0,30
589,121,0,10
589,122,0,10
589,123,0,26
589,124,0,5
589,125,0,0
589,126,0,0
589,127,0,0
589,128,0,0
589,129,0,0
589,130,0,0
589,131,0,0
589,132,0,0
589,133,0,0
590,1,0,0
590,2,0,0
590,3,0,0
590,4,0,0
590,5,0,0
590,6,3,35
590,7,0,0
590,8,0,0
590,9,0,0
590,10,0,0
590,11,0,0
590,12,0,0
590,13,2,60
590,14,0,0
590,15,0,0
590,16,0,0
590,17,0,0
590,18,0,0
590,19,0,0
590,20,0,0
590,21,99,59
590,22,0,0
590,23,7,88
590,24,10,60
590,25,0,0
590,26,82,51
590,27,11,39
590,28,0,0
590,29,0,0
590,30,0,0
590,31,0,0
590,32,54,29
590,33,0,0
590,34,27,31
590,35,17,31
590,36,97,44
590,37,0,0
590,38,0,0
590,39,7,31
590,40,2,60
590,41,1,41
590,42,173,52
590,43,11,50
590,44,89,32
590,45,4,61
590,46,6,100
590,47,9,34
590,48,128,48
590,49,6,24
590,50,30,35
590,51,0,0
590,52,0,0
590,53,30,51
590,54,2,40
590,55,56,30
590,56,3,53
590,57,4,46
590,58,5,43
590,59,0,0
590,60,80,48
590,61,203,64
590,62,10,39
590,63,10,50
590,64,0,0
590,65,5,35
590,66,0,0
590,67,24,34
590,68,10,51
590,69,3,59
590,70,3,64
590,71,21,50
590,72,116,42
590,73,8,63
590,74,0,0
590,75,39,56
590,76,6,20
590,77,0,0
590,78,4,50
590,79,4,11
590,80,6,44
590,81,8,11
590,82,3,27
590,83,8,23
590,84,31,26
590,85,16,20
590,86,7,28
590,87,1,53
590,88,0,0
590,89,15,13
590,90,45,21
590,91,3,34
590,92,63,42
590,93,9,0
590,94,4,3
590,95,3,58
590,96,0,0
590,97,12,28
590,98,1,18
590,99,113,36
590,100,2,17
590,101,22,32
590,102,16,49
590,103,0,0
590,104,4,37
590,105,5,50
590,106,0,0
590,107,11,15
590,108,22,35
590,109,0,0
590,110,0,0
590,111,0,0
590,112,38,24
590,113,0,0
590,114,0,0
590,115,0,0
590,116,0,0
590,117,0,0
590,118,0,0
590,119,0,0
590,120,0,0
590,121,0,0
590,122,0,0
590,123,0,27
590,124,0,11
590,125,0,14
590,126,0,27
590,127,0,2
590,128,0,4
590,129,0,0
590,130,0,0
590,131,0,0
590,132,0,0
590,133,0,0
590,134,0,0
590,135,0,0
590,136,0,0
590,137,0,0
590,138,0,0
590,139,0,0
591,1,0,0
591,2,0,0
591,3,3,33
591,4,0,0
591,5,0,0
591,6,0,0
591,7,0,0
591,8,0,0
591,9,6,57
591,10,0,0
591,11,0,0
591,12,0,0
591,13,0,0
591,14,0,0
591,15,0,0
591,16,6,77
591,17,0,0
591,18,12,67
591,19,0,0
591,20,142,84
591,21,0,0
591,22,9,52
591,23,32,43
591,24,11,32
591,25,1,66
591,26,2,40
591,27,2,35
591,28,12,53
591,29,176,58
591,30,4,79
591,31,4,45
591,32,0,0
591,33,14,29
591,34,6,21
591,35,119,53
591,36,0,41
591,37,7,26
591,38,3,44
591,39,29,38
591,40,0,0
591,41,25,52
591,42,0,0
591,43,55,27
591,44,9,90
591,45,7,49
591,46,121,0
591,47,73,46
591,48,211,64
591,49,11,37
591,50,12,58
591,51,0,0
591,52,9,64
591,53,0,0
591,54,124,50
591,55,47,0
591,56,68,1
591,57,3,59
591,58,10,64
591,59,0,0
591,60,47,64
591,61,8,19
591,62,2,49
591,63,5,10
591,64,7,49
591,65,7,9
591,66,2,28
591,67,8,30
591,68,42,39
591,69,2,42
591,70,1,66
591,71,19,0
591,72,7,41
591,73,0,0
591,74,45,31
591,75,67,37
591,76,4,35
591,77,11,1
591,78,7,2
591,79,2,64
591,80,0,0
591,81,2,16
591,82,3,17
591,83,17,56
591,84,6,13
591,85,0,0
591,86,32,54
591,87,0,0
591,88,0,0
591,89,4,17
591,90,0,0
591,91,0,0
591,92,0,0
591,93,0,0
591,94,0,17
591,95,0,0
591,96,0,0
591,97,0,0
591,98,0,8
591,99,0,0
591,100,0,33
591,101,0,17
591,102,0,0
591,103,0,0
591,104,0,6
591,105,0,0
591,106,0,13
591,107,0,28
591,108,0,0
591,109,0,0
591,110,0,0
591,111,0,0
591,112,0,0
591,113,0,0
591,114,0,0
591,115,0,0
591,116,0,0
591,117,0,0
591,118,0,0
591,119,0,0
591,120,0,0
591,121,0,0
591,122,0,0
591,123,0,0
592,1,0,0
592,2,2,34
592,3,0,0
592,4,0,0
592,5,0,0
592,6,0,0
592,7,65,34
592,8,0,0
592,9,0,0
592,10,0,0
592,11,0,0
592,12,0,0
592,13,12,14
592,14,0,0
592,15,0,0
592,16,0,0
592,17,39,37
592,18,0,0
592,19,0,0
592,20,143,97
592,21,0,0
592,22,0,0
592,23,0,0
592,24,32,51
592,25,13,34
592,26,2,74
592,27,4,44
592,28,4,37
592,29,27,63
592,30,6,96
592,31,4,46
592,32,15,31
592,33,1,57
592,34,6,20
592,35,31,27
592,36,0,0
592,37,0,0
592,38,27,55
592,39,23,55
592,40,0,0
592,41,98,45
592,42,139,0
592,43,221,76
592,44,2,80
592,45,12,50
592,46,9,74
592,47,0,0
592,48,11,50
592,49,48,3
592,50,71,2
592,51,223,62
592,52,20,82
592,53,5,58
592,54,0,0
592,55,6,52
592,56,46,5
592,57,55,6
592,58,7,18
592,59,20,31
592,60,2,32
592,61,8,30
592,62,43,43
592,63,4,56
592,64,21,10
592,65,0,0
592,66,7,42
592,67,0,0
592,68,41,36
592,69,77,40
592,70,8,2
592,71,5,1
592,72,2,52
592,73,0,0
592,74,7,19
592,75,3,30
592,76,0,0
592,77,0,0
592,78,0,0
592,79,3,21
592,80,2,2
592,81,15,44
592,82,13,66
592,83,6,14
592,84,36,48
592,85,3,17
592,86,132,35
592,87,0,0
592,88,0,0
592,89,0,0
592,90,0,0
592,91,0,0
592,92,0,0
592,93,0,0
592,94,0,0
592,95,0,0
592,96,0,36
592,97,0,10
592,98,0,15
592,99,0,28
592,100,0,0
592,101,0,0
592,102,0,6
592,103,0,12
592,104,0,0
592,105,0,0
592,106,0,5
592,107,0,0
592,108,0,12
592,109,0,33
592,110,0,0
592,111,0,0
592,112,0,0
592,113,0,0
592,114,0,0
592,115,0,0
592,116,0,0
592,117,0,0
592,118,0,0
592,119,0,0
592,120,0,0
592,121,0,0
592,122,0,0
592,123,0,0
592,124,0,0
592,125,0,0
593,1,0,0
593,2,0,0
593,3,0,0
593,4,0,0
593,5,5,39
593,6,17,30
593,7,0,0
593,8,82,40
593,9,0,0
593,10,0,0
593,11,0,0
593,12,0,0
593,13,0,0
593,14,0,0
593,15,0,0
593,16,0,0
593,17,0,0
593,18,145,90
593,19,0,0
593,20,0,0
593,21,0,0
593,22,37,56
593,23,0,0
593,24,0,0
593,25,2,71
593,26,49,0
593,27,53,0
593,28,2,46
593,29,1,22
593,30,55,52
593,31,2,20
593,32,11,28
593,33,6,41
593,34,63,41
593,35,5,20
593,36,1,42
593,37,6,20
593,38,0,0
593,39,26,19
593,40,0,0
593,41,0,0
593,42,3,72
593,43,18,56
593,44,0,0
593,45,92,50
593,46,20,62
593,47,227,69
593,48,0,40
593,49,10,70
593,50,0,0
593,51,8,49
593,52,48,3
593,53,65,1
593,54,186,51
593,55,14,71
593,56,5,55
593,57,48,47
593,58,31,17
593,59,147,73
593,60,9,64
593,61,6,58
593,62,49,1
593,63,52,2
593,64,0,0
593,65,22,62
593,66,23,16
593,67,0,0
593,68,11,54
593,69,0,0
593,70,0,0
593,71,6,42
593,72,52,38
593,73,40,20
593,74,107,44
593,75,2,60
593,76,4,47
593,77,0,0
593,78,4,30
593,79,2,3
593,80,43,34
593,81,8,41
593,82,0,0
593,83,1,11
593,84,2,4
593,85,31,56
593,86,0,11
593,87,2,5
593,88,2,14
593,89,0,0
593,90,95,14
593,91,1,13
593,92,81,25
593,93,0,0
593,94,0,0
593,95,0,0
593,96,0,0
593,97,0,0
593,98,0,0
593,99,0,0
593,100,0,0
593,101,0,0
593,102,0,0
593,103,0,8
593,104,0,43
593,105,0,36
593,106,0,0
593,107,0,0
593,108,0,14
593,109,0,0
593,110,0,0
593,111,0,0
593,112,0,0
593,113,0,3
593,114,0,43
593,115,0,2
593,116,0,0
593,117,0,0
593,118,0,0
593,119,0,0
593,120,0,0
593,121,0,0
593,122,0,0
593,123,0,0
593,124,0,0
593,125,0,0
593,126,0,0
593,127,0,0
593,128,0,0
593,129,0,0
593,130,0,0
593,131,0,0
593,132,0,0
593,133,0,0
593,134,0,0
593,135,0,0
593,136,0,0
593,137,0,0
593,138,0,0
593,139,0,0
593,140,0,0
593,141,0,0
593,142,0,0
594,1,0,0
594,2,0,0
594,3,3,42
594,4,26,33
594,5,0,0
594,6,0,0
594,7,0,0
594,8,0,0
594,9,0,0
594,10,0,0
594,11,58,30
594,12,0,0
594,13,0,0
594,14,0,0
594,15,0,0
594,16,10,71
594,17,0,0
594,18,0,0
594,19,0,0
594,20,142,95
594,21,0,0
594,22,0,0
594,23,0,0
594,24,0,0
594,25,4,51
594,26,0,28
594,27,8,39
594,28,2,19
594,29,55,55
594,30,4,23
594,31,11,22
594,32,6,67
594,33,3,34
594,34,5,57
594,35,8,17
594,36,47,40
594,37,3,43
594,38,2,19
594,39,26,52
594,40,34,22
594,41,14,19
594,42,1,71
594,43,5,52
594,44,26,62
594,45,9,29
594,46,0,0
594,47,11,24
594,48,295,99
594,49,1,47
594,50,8,68
594,51,0,0
594,52,12,45
594,53,80,8
594,54,10,51
594,55,191,53
594,56,7,28
594,57,10,19
594,58,21,26
594,59,14,20
594,60,5,48
594,61,49,0
594,62,144,67
594,63,12,50
594,64,7,67
594,65,30,1
594,66,36,1
594,67,0,0
594,68,0,0
594,69,17,7
594,70,6,31
594,71,0,0
594,72,0,0
594,73,11,61
594,74,241,54
594,75,0,0
594,76,13,14
594,77,35,32
594,78,29,9
594,79,1,45
594,80,7,19
594,81,10,3
594,82,108,48
594,83,3,52
594,84,6,43
594,85,0,0
594,86,1,1
594,87,43,57
594,88,0,0
594,89,0,0
594,90,2,6
594,91,0,0
594,92,0,5
594,93,0,21
594,94,4,1
594,95,1,2
594,96,0,0
594,97,0,0
594,98,0,0
594,99,27,54
594,100,0,10
594,101,0,3
594,102,1,17
594,103,157,30
594,104,0,0
594,105,0,0
594,106,0,0
594,107,0,0
594,108,0,0
594,109,0,0
594,110,0,8
594,111,0,38
594,112,0,0
594,113,0,0
594,114,0,0
594,115,0,0
594,116,0,53
594,117,0,0
594,118,0,5
594,119,0,0
594,120,0,0
594,121,0,2
594,122,0,0
594,123,0,0
594,124,0,0
594,125,0,0
594,126,0,0
594,127,0,0
594,128,0,0
594,129,0,0
594,130,0,0
594,131,0,0
594,132,0,0
594,133,0,0
594,134,0,0
594,135,0,0
594,136,0,0
594,137,0,0
594,138,0,0
594,139,0,0
594,140,0,0
594,141,0,0
595,1,0,0
595,2,0,0
595,3,0,0
595,4,0,0
595,5,21,31
595,6,0,0
595,7,0,0
595,8,0,0
595,9,0,0
595,10,0,0
595,11,0,0
595,12,0,0
595,13,0,0
595,14,5,83
595,15,0,0
595,16,0,0
595,17,0,0
595,18,13,49
595,19,0,0
595,20,132,86
595,21,0,0
595,22,0,0
595,23,2,73
595,24,0,0
595,25,0,0
595,26,3,50
595,27,1,25
595,28,7,43
595,29,0,0
595,30,1,18
595,31,14,27
595,32,3,25
595,33,20,44
595,34,6,39
595,35,1,31
595,36,2,61
595,37,12,26
595,38,53,50
595,39,5,24
595,40,5,44
595,41,37,47
595,42,53,37
595,43,0,0
595,44,0,0
595,45,0,0
595,46,0,68
595,47,4,42
595,48,38,76
595,49,9,27
595,50,10,17
595,51,285,91
595,52,4,44
595,53,6,60
595,54,40,58
595,55,4,51
595,56,0,0
595,57,12,31
595,58,51,3
595,59,50,37
595,60,161,39
595,61,35,2
595,62,15,48
595,63,4,52
595,64,73,1
595,65,9,38
595,66,169,96
595,67,9,50
595,68,3,49
595,69,0,0
595,70,0,0
595,71,37,6
595,72,6,15
595,73,5,22
595,74,360,103
595,75,0,0
595,76,0,0
595,77,0,0
595,78,18,35
595,79,3,46
595,80,0,0
595,81,2,57
595,82,249,67
595,83,33,21
595,84,0,0
595,85,0,0
595,86,0,0
595,87,34,13
595,88,0,0
595,89,8,16
595,90,0,0
595,91,107,54
595,92,11,43
595,93,0,0
595,94,2,4
595,95,1,0
595,96,51,59
595,97,0,0
595,98,0,0
595,99,1,5
595,100,0,0
595,101,0,7
595,102,0,6
595,103,3,19
595,104,2,2
595,105,0,5
595,106,0,2
595,107,28,62
595,108,0,6
595,109,2,15
595,110,0,0
595,111,0,0
595,112,0,0
595,113,0,0
595,114,0,0
595,115,0,0
595,116,0,41
595,117,0,0
595,118,0,0
595,119,0,0
595,120,0,0
595,121,0,8
595,122,0,21
595,123,0,18
595,124,0,1
595,125,0,0
595,126,0,0
595,127,0,0
595,128,0,0
595,129,0,0
595,130,0,0
595,131,0,0
595,132,0,0
595,133,0,0
595,134,0,0
595,135,0,0
595,136,0,0
595,137,0,0
595,138,0,0
595,139,0,0
595,140,0,0
595,141,0,0
595,142,0,0
595,143,0,0
595,144,0,0
595,145,0,0
595,146,0,0
595,147,0,0
595,148,0,0
595,149,0,0
595,150,0,0
596,1,0,0
596,2,18,26
596,3,0,0
596,4,0,0
596,5,0,0
596,6,7,85
596,7,0,0
596,8,0,0
596,9,0,0
596,10,12,45
596,11,0,0
596,12,0,0
596,13,0,0
596,14,127,86
596,15,4,75
596,16,183,21
596,17,1,44
596,18,0,0
596,19,5,61
596,20,6,41
596,21,2,19
596,22,2,22
596,23,21,42
596,24,1,28
596,25,10,26
596,26,61,43
596,27,0,17
596,28,12,51
596,29,5,51
596,30,44,40
596,31,70,33
596,32,0,0
596,33,0,0
596,34,7,66
596,35,0,0
596,36,42,72
596,37,15,25
596,38,9,88
596,39,43,45
596,40,7,57
596,41,0,0
596,42,28,9
596,43,48,1
596,44,50,35
596,45,159,39
596,46,30,0
596,47,24,47
596,48,6,67
596,49,73,3
596,50,19,32
596,51,171,84
596,52,7,53
596,53,0,0
596,54,0,0
596,55,0,0
596,56,0,0
596,57,14,77
596,58,37,5
596,59,4,20
596,60,3,18
596,61,27,61
596,62,3,57
596,63,265,80
596,64,3,32
596,65,3,38
596,66,34,27
596,67,8,3
596,68,9,22
596,69,0,0
596,70,119,49
596,71,12,37
596,72,1,67
596,73,0,0
596,74,3,6
596,75,0,0
596,76,0,0
596,77,17,30
596,78,41,48
596,79,0,5
596,80,0,0
596,81,0,0
596,82,0,0
596,83,0,6
596,84,0,0
596,85,2,23
596,86,1,3
596,87,1,13
596,88,0,14
596,89,0,0
596,90,0,0
596,91,0,0
596,92,0,0
596,93,0,0
596,94,0,24
596,95,0,31
596,96,0,0
596,97,0,0
596,98,0,64
596,99,0,0
596,100,0,66
596,101,0,0
596,102,0,0
596,103,0,0
596,104,0,0
596,105,0,30
596,106,0,1
596,107,0,0
596,108,0,0
596,109,0,0
596,110,0,0
596,111,0,0
596,112,0,0
596,113,0,0
596,114,0,0
596,115,0,0
596,116,0,0
596,117,0,0
596,118,0,0
596,119,0,0
596,120,0,0
596,121,0,0
596,122,0,0
596,123,0,0
596,124,0,0
596,125,0,0
596,126,0,0
596,127,0,0
596,128,0,0
596,129,0,0
596,130,0,0
596,131,0,0
597,1,0,0
597,2,0,0
597,3,0,0
597,4,0,0
597,5,47,28
597,6,11,19
597,7,6,55
597,8,0,0
597,9,0,0
597,10,0,0
597,11,5,77
597,12,13,50
597,13,1,78
597,14,0,0
597,15,185,22
597,16,4,46
597,17,0,0
597,18,0,0
597,19,7,62
597,20,1,24
597,21,1,30
597,22,22,41
597,23,9,21
597,24,60,43
597,25,2,21
597,26,16,41
597,27,6,66
597,28,62,35
597,29,0,0
597,30,7,85
597,31,228,0
597,32,13,17
597,33,6,47
597,34,0,0
597,35,33,53
597,36,0,0
597,37,10,23
597,38,15,74
597,39,38,45
597,40,11,79
597,41,27,10
597,42,51,1
597,43,46,44
597,44,153,41
597,45,38,0
597,46,10,83
597,47,75,2
597,48,165,86
597,49,6,65
597,50,0,0
597,51,0,0
597,52,81,80
597,53,0,0
597,54,0,0
597,55,8,79
597,56,3,22
597,57,5,18
597,58,0,0
597,59,32,65
597,60,38,4
597,61,5,61
597,62,231,76
597,63,6,43
597,64,7,21
597,65,51,35
597,66,5,3
597,67,5,12
597,68,27,30
597,69,7,26
597,70,30,29
597,71,0,0
597,72,0,0
597,73,17,21
597,74,0,10
597,75,40,45
597,76,2,3
597,77,0,0
597,78,0,10
597,79,4,16
597,80,33,63
597,81,0,0
597,82,0,0
597,83,2,34
597,84,0,11
597,85,0,12
597,86,0,0
597,87,0,43
597,88,0,0
597,89,0,0
597,90,0,0
597,91,0,0
597,92,0,5
597,93,0,0
597,94,0,0
597,95,0,0
597,96,0,0
597,97,0,0
597,98,0,0
597,99,0,1
597,100,0,0
597,101,0,0
597,102,0,0
597,103,0,0
597,104,0,0
597,105,0,0
597,106,0,0
597,107,0,0
597,108,0,0
597,109,0,0
597,110,0,0
597,111,0,0
597,112,0,0
597,113,0,0
597,114,0,0
597,115,0,0
597,116,0,0
597,117,0,0
597,118,0,0
597,119,0,0
598,1,0,0
598,2,2,17
598,3,1,26
598,4,0,0
598,5,0,0
598,6,0,0
598,7,0,0
598,8,0,0
598,9,21,24
598,10,0,0
598,11,0,0
598,12,81,30
598,13,5,32
598,14,0,0
598,15,4,34
598,16,0,0
598,17,0,0
598,18,0,0
598,19,0,0
598,20,0,0
598,21,0,0
598,22,0,0
598,23,0,0
598,24,5,47
598,25,0,0
598,26,0,43
598,27,22,66
598,28,10,34
598,29,0,60
598,30,0,0
598,31,198,15
598,32,2,49
598,33,0,0
598,34,42,32
598,35,0,36
598,36,5,49
598,37,9,36
598,38,53,45
598,39,2,20
598,40,5,28
598,41,0,17
598,42,27,48
598,43,0,0
598,44,2,71
598,45,5,31
598,46,9,27
598,47,75,55
598,48,6,53
598,49,8,26
598,50,6,65
598,51,0,0
598,52,139,0
598,53,11,14
598,54,7,49
598,55,0,0
598,56,52,59
598,57,0,0
598,58,9,14
598,59,17,80
598,60,33,25
598,61,0,0
598,62,29,34
598,63,8,76
598,64,55,51
598,65,110,1
598,66,168,40
598,67,72,0
598,68,156,92
598,69,7,101
598,70,84,81
598,71,0,0
598,72,8,78
598,73,6,28
598,74,23,61
598,75,4,23
598,76,50,33
598,77,6,5
598,78,24,17
598,79,11,13
598,80,5,11
598,81,9,27
598,82,47,35
598,83,10,10
598,84,0,0
598,85,0,0
598,86,325,74
598,87,0,0
598,88,0,0
598,89,43,68
598,90,231,59
598,91,0,0
598,92,35,130
598,93,0,0
598,94,0,0
598,95,0,0
598,96,0,0
598,97,0,0
598,98,0,0
598,99,0,0
598,100,0,0
598,101,0,2
598,102,0,0
598,103,0,0
598,104,0,0
598,105,0,0
598,106,0,0
598,107,0,0
598,108,0,0
598,109,0,0
598,110,0,0
598,111,0,0
598,112,0,0
598,113,0,0
598,114,0,0
598,115,0,0
598,116,0,0
598,117,0,0
598,118,0,0
598,119,0,0
598,120,0,0
598,121,0,0
599,1,1,14
599,2,0,0
599,3,2,24
599,4,0,0
599,5,0,0
599,6,0,0
599,7,0,0
599,8,0,0
599,9,0,0
599,10,0,0
599,11,0,0
599,12,95,51
599,13,8,66
599,14,0,0
599,15,0,0
599,16,0,0
599,17,0,0
599,18,0,0
599,19,0,0
599,20,0,0
599,21,0,0
599,22,0,0
599,23,0,0
599,24,1,82
599,25,5,67
599,26,0,0
599,27,3,53
599,28,3,51
599,29,3,23
599,30,2,27
599,31,35,58
599,32,6,44
599,33,1,13
599,34,4,16
599,35,0,68
599,36,7,29
599,37,75,54
599,38,4,43
599,39,4,27
599,40,8,76
599,41,0,0
599,42,0,0
599,43,13,20
599,44,52,52
599,45,10,12
599,46,12,73
599,47,36,25
599,48,0,0
599,49,30,32
599,50,0,0
599,51,10,65
599,52,0,0
599,53,5,40
599,54,0,0
599,55,163,75
599,56,110,1
599,57,25,69
599,58,26,12
599,59,30,1
599,60,0,0
599,61,172,81
599,62,64,1
599,63,9,5
599,64,8,90
599,65,7,16
599,66,22,8
599,67,74,84
599,68,10,77
599,69,44,0
599,70,0,0
599,71,3,74
599,72,28,49
599,73,0,0
599,74,2,21
599,75,0,0
599,76,6,6
599,77,61,35
599,78,5,19
599,79,0,0
599,80,8,16
599,81,50,37
599,82,4,13
599,83,335,73
599,84,0,0
599,85,0,0
599,86,0,0
599,87,3,15
599,88,0,0
599,89,56,66
599,90,10,53
599,91,236,64
599,92,125,110
599,93,0,0
599,94,0,0
599,95,0,14
599,96,0,0
599,97,0,0
599,98,0,0
599,99,0,0
599,100,0,25
599,101,0,0
599,102,0,0
599,103,0,0
599,104,0,0
599,105,0,0
599,106,0,0
599,107,0,0
599,108,0,0
599,109,0,0
599,110,0,0
599,111,0,0
599,112,0,0
599,113,0,0
599,114,0,0
599,115,0,0
599,116,0,0
599,117,0,0
599,118,0,0
600,1,0,0
600,2,0,0
600,3,33,32
600,4,10,34
600,5,0,0
600,6,0,0
600,7,77,46
600,8,8,60
600,9,0,0
600,10,0,0
600,11,0,0
600,12,0,0
600,13,0,0
600,14,0,0
600,15,0,0
600,16,0,0
600,17,0,0
600,18,0,0
600,19,0,0
600,20,20,44
600,21,0,0
600,22,2,89
600,23,5,64
600,24,0,0
600,25,36,36
600,26,2,42
600,27,5,59
600,28,1,41
600,29,71,35
600,30,1,26
600,31,3,23
600,32,53,81
600,33,5,32
600,34,1,31
600,35,1,45
600,36,7,24
600,37,7,57
600,38,0,0
600,39,0,0
600,40,0,0
600,41,4,46
600,42,0,0
600,43,9,68
600,44,14,24
600,45,63,61
600,46,8,14
600,47,19,69
600,48,32,20
600,49,31,26
600,50,0,0
600,51,9,69
600,52,10,33
600,53,1,29
600,54,5,33
600,55,16,30
600,56,169,80
600,57,102,2
600,58,11,42
600,59,20,16
600,60,24,0
600,61,0,0
600,62,16,0
600,63,19,0
600,64,7,4
600,65,11,85
600,66,0,0
600,67,19,0
600,68,8,15
600,69,11,7
600,70,39,0
600,71,81,80
600,72,12,78
600,73,40,0
600,74,4,67
600,75,64,60
600,76,0,0
600,77,0,0
600,78,3,13
600,79,0,0
600,80,14,34
600,81,0,28
600,82,0,0
600,83,0,8
600,84,1,18
600,85,2,41
600,86,7,6
600,87,67,46
600,88,6,20
600,89,7,17
600,90,0,0
600,91,9,17
600,92,63,33
600,93,10,11
600,94,0,0
600,95,3,7
600,96,0,0
600,97,0,0
600,98,0,0
600,99,3,8
600,100,13,59
600,101,48,54
600,102,231,59
600,103,4,12
600,104,0,0
600,105,0,0
600,106,4,11
600,107,121,86
600,108,1,15
600,109,9,104
600,110,0,0
600,111,0,0
600,112,0,23
600,113,0,19
600,114,0,12
600,115,0,9
600,116,0,0
600,117,0,21
600,118,0,0
600,119,0,0
600,120,0,0
600,121,0,0
600,122,0,0
600,123,0,0
600,124,0,0
600,125,0,0
600,126,0,0
600,127,0,0
600,128,0,0
600,129,0,0
600,130,0,0
600,131,0,0
600,132,0,0
600,133,0,0
600,134,0,0
600,135,0,0
600,136,0,0
600,137,0,0
600,138,0,0
600,139,0,0
600,140,0,0
600,141,0,0
600,142,0,0
600,143,0,0
600,144,0,0
600,145,0,0
600,146,0,0
600,147,0,0
600,148,0,0
600,149,0,0
601,1,0,0
601,2,0,0
601,3,28,33
601,4,25,34
601,5,5,25
601,6,0,0
601,7,82,51
601,8,0,0
601,9,0,0
601,10,0,0
601,11,0,0
601,12,0,0
601,13,0,0
601,14,0,0
601,15,0,0
601,16,0,0
601,17,0,0
601,18,0,0
601,19,0,0
601,20,0,0
601,21,0,0
601,22,10,39
601,23,4,85
601,24,56,29
601,25,0,0
601,26,9,47
601,27,14,21
601,28,7,37
601,29,2,54
601,30,2,46
601,31,6,66
601,32,14,42
601,33,0,0
601,34,0,0
601,35,14,33
601,36,7,72
601,37,69,74
601,38,7,15
601,39,12,49
601,40,44,28
601,41,0,0
601,42,8,66
601,43,6,33
601,44,1,24
601,45,2,17
601,46,49,60
601,47,116,4
601,48,3,18
601,49,6,41
601,50,6,47
601,51,73,1
601,52,3,43
601,53,25,13
601,54,7,56
601,55,0,0
601,56,13,13
601,57,34,10
601,58,96,79
601,59,11,62
601,60,41,1
601,61,11,66
601,62,24,0
601,63,8,73
601,64,55,65
601,65,0,0
601,66,0,0
601,67,0,0
601,68,13,33
601,69,0,26
601,70,2,10
601,71,1,12
601,72,45,24
601,73,0,0
601,74,0,17
601,75,1,35
601,76,53,30
601,77,3,20
601,78,7,20
601,79,2,57
601,80,0,0
601,81,12,13
601,82,67,34
601,83,9,12
601,84,1,35
601,85,0,0
601,86,26,32
601,87,0,0
601,88,0,0
601,89,0,0
601,90,3,6
601,91,1,11
601,92,0,0
601,93,13,41
601,94,50,56
601,95,0,0
601,96,239,56
601,97,6,15
601,98,0,0
601,99,0,0
601,100,3,11
601,101,143,37
601,102,1,22
601,103,0,0
601,104,27,65
601,105,8,32
601,106,0,34
601,107,0,0
601,108,0,18
601,109,0,28
601,110,0,0
601,111,0,0
601,112,0,43
601,113,0,73
601,114,0,11
601,115,0,0
601,116,0,22
601,117,0,0
601,118,0,0
601,119,0,0
601,120,0,0
601,121,0,0
601,122,0,0
601,123,0,0
601,124,0,0
601,125,0,0
601,126,0,0
601,127,0,0
601,128,0,0
601,129,0,0
601,130,0,0
601,131,0,0
601,132,0,0
601,133,0,0
601,134,0,0
601,135,0,0
601,136,0,0
601,137,0,0
601,138,0,0
601,139,0,0
601,140,0,0
601,141,0,0
601,142,0,0
601,143,0,0
601,144,0,0
601,145,0,0
601,146,0,0
601,147,0,0
602,1,0,0
602,2,0,0
602,3,36,32
602,4,93,61
602,5,0,0
602,6,0,0
602,7,0,0
602,8,0,0
602,9,0,0
602,10,0,0
602,11,7,92
602,12,0,0
602,13,0,0
602,14,0,0
602,15,11,62
602,16,0,0
602,17,0,0
602,18,60,49
602,19,57,30
602,20,0,0
602,21,8,44
602,22,17,19
602,23,0,0
602,24,102,77
602,25,10,42
602,26,68,43
602,27,3,61
602,28,8,66
602,29,14,56
602,30,0,0
602,31,8,97
602,32,36,84
602,33,55,39
602,34,0,0
602,35,8,53
602,36,72,83
602,37,9,39
602,38,3,30
602,39,39,60
602,40,4,24
602,41,95,3
602,42,6,20
602,43,64,2
602,44,7,30
602,45,7,39
602,46,3,27
602,47,3,30
602,48,6,61
602,49,37,35
602,50,0,0
602,51,96,92
602,52,10,47
602,53,6,56
602,54,41,2
602,55,21,0
602,56,22,54
602,57,47,47
602,58,1,33
602,59,3,27
602,60,5,15
602,61,51,29
602,62,0,0
602,63,0,0
602,64,0,0
602,65,3,23
602,66,4,12
602,67,53,31
602,68,3,19
602,69,3,17
602,70,2,66
602,71,9,12
602,72,0,0
602,73,33,24
602,74,7,7
602,75,273,61
602,76,4,8
602,77,1,36
602,78,0,0
602,79,34,32
602,80,0,0
602,81,0,0
602,82,2,5
602,83,0,13
602,84,0,0
602,85,15,55
602,86,0,0
602,87,10,29
602,88,4,10
602,89,0,0
602,90,0,0
602,91,1,23
602,92,12,13
602,93,41,23
602,94,111,25
602,95,0,0
602,96,0,0
602,97,0,0
602,98,0,15
602,99,0,0
602,100,0,8
602,101,0,0
602,102,0,0
602,103,0,0
602,104,0,6
602,105,0,0
602,106,0,22
602,107,0,0
602,108,0,0
602,109,0,10
602,110,0,0
602,111,0,0
602,112,0,0
602,113,0,0
602,114,0,0
602,115,0,0
602,116,0,0
602,117,0,0
602,118,0,0
602,119,0,0
602,120,0,0
602,121,0,0
602,122,0,0
602,123,0,0
602,124,0,0
602,125,0,0
602,126,0,0
602,127,0,0
602,128,0,0
602,129,0,0
602,130,0,0
602,131,0,0
602,132,0,0
602,133,0,0
602,134,0,0
602,135,0,0
602,136,0,0
603,1,0,5
603,2,0,0
603,3,0,0
603,4,0,0
603,5,7,38
603,6,39,30
603,7,0,0
603,8,90,63
603,9,0,0
603,10,0,0
603,11,0,0
603,12,0,0
603,13,0,0
603,14,0,0
603,15,8,90
603,16,0,0
603,17,0,0
603,18,0,0
603,19,6,61
603,20,9,34
603,21,0,0
603,22,0,0
603,23,17,33
603,24,5,30
603,25,29,17
603,26,20,45
603,27,89,63
603,28,2,36
603,29,8,44
603,30,0,0
603,31,71,46
603,32,3,65
603,33,10,76
603,34,0,0
603,35,314,100
603,36,0,0
603,37,0,0
603,38,0,0
603,39,0,0
603,40,0,0
603,41,0,0
603,42,0,0
603,43,0,0
603,44,9,90
603,45,37,68
603,46,51,43
603,47,14,54
603,48,0,0
603,49,0,0
603,50,0,0
603,51,0,0
603,52,0,0
603,53,53,68
603,54,0,0
603,55,9,29
603,56,7,50
603,57,67,70
603,58,1,24
603,59,59,3
603,60,8,62
603,61,6,26
603,62,54,0
603,63,54,0
603,64,5,34
603,65,9,54
603,66,0,0
603,67,2,26
603,68,3,29
603,69,0,0
603,70,7,67
603,71,25,44
603,72,0,0
603,73,0,0
603,74,0,0
603,75,11,69
603,76,44,1
603,77,25,1
603,78,12,59
603,79,43,49
603,80,0,0
603,81,1,32
603,82,4,20
603,83,5,14
603,84,59,35
603,85,0,0
603,86,0,0
603,87,0,0
603,88,5,26
603,89,223,79
603,90,6,23
603,91,11,26
603,92,0,0
603,93,2,70
603,94,13,13
603,95,48,35
603,96,254,58
603,97,4,69
603,98,9,16
603,99,0,0
603,100,32,47
603,101,279,74
603,102,0,5
603,103,2,12
603,104,16,66
603,105,0,0
603,106,0,0
603,107,0,0
603,108,1,25
603,109,0,0
603,110,12,22
603,111,44,20
603,112,134,27
603,113,0,0
603,114,3,35
603,115,1,16
603,116,0,0
603,117,0,25
603,118,0,0
603,119,0,0
603,120,0,0
603,121,0,1
603,122,0,8
603,123,0,0
603,124,0,0
603,125,0,11
603,126,0,0
603,127,0,0
603,128,0,51
603,129,0,0
603,130,0,8
603,131,0,0
603,132,0,0
603,133,0,0
603,134,0,0
603,135,0,0
603,136,0,0
603,137,0,0
603,138,0,0
603,139,0,0
603,140,0,0
603,141,0,0
603,142,0,0
603,143,0,0
603,144,0,0
603,145,0,0
603,146,0,0
603,147,0,0
603,148,0,0
603,149,0,0
603,150,0,0
603,151,0,0
603,152,0,0
603,153,0,0
603,154,0,0
603,155,0,0
604,1,0,3
604,2,0,15
604,3,39,36
604,4,0,0
604,5,86,66
604,6,0,0
604,7,11,38
604,8,0,0
604,9,0,0
604,10,0,0
604,11,0,0
604,12,0,0
604,13,5,49
604,14,14,45
604,15,0,0
604,16,0,0
604,17,97,62
604,18,2,37
604,19,9,45
604,20,0,0
604,21,0,0
604,22,0,0
604,23,2,24
604,24,1,36
604,25,0,0
604,26,6,69
604,27,0,0
604,28,0,0
604,29,351,118
604,30,0,0
604,31,0,0
604,32,0,0
604,33,0,0
604,34,13,118
604,35,58,37
604,36,20,53
604,37,0,0
604,38,0,0
604,39,0,0
604,40,60,77
604,41,12,29
604,42,0,0
604,43,67,64
604,44,6,49
604,45,7,67
604,46,7,36
604,47,2,31
604,48,5,42
604,49,86,88
604,50,0,14
604,51,124,3
604,52,3,20
604,53,0,0
604,54,6,32
604,55,6,46
604,56,11,67
604,57,176,47
604,58,0,0
604,59,250,66
604,60,57,2
604,61,17,54
604,62,48,54
604,63,8,33
604,64,46,27
604,65,0,0
604,66,13,33
604,67,0,0
604,68,119,50
604,69,0,0
604,70,2,73
604,71,0,0
604,72,31,24
604,73,225,44
604,74,3,41
604,75,12,15
604,76,1,23
604,77,35,47
604,78,293,74
604,79,3,4
604,80,4,14
604,81,12,50
604,82,8,57
604,83,205,46
604,84,34,33
604,85,0,24
604,86,0,0
604,87,7,20
604,88,54,15
604,89,0,0
604,90,69,19
604,91,2,20
604,92,2,11
604,93,0,0
604,94,0,1
604,95,0,26
604,96,0,0
604,97,0,0
604,98,0,0
604,99,0,0
604,100,0,0
604,101,0,4
604,102,0,0
604,103,0,5
604,104,0,0
604,105,0,3
604,106,0,0
604,107,0,0
604,108,0,6
604,109,0,0
604,110,0,0
604,111,0,12
604,112,0,0
604,113,0,0
604,114,0,0
604,115,0,0
604,116,0,0
604,117,0,5
604,118,0,0
604,119,0,0
604,120,0,0
604,121,0,0
604,122,0,0
604,123,0,0
604,124,0,0
604,125,0,0
604,126,0,0
604,127,0,0
604,128,0,0
604,129,0,0
604,130,0,0
604,131,0,0
604,132,0,0
604,133,0,0
604,134,0,0
604,135,0,0
604,136,0,0
605,1,0,8
605,2,9,39
605,3,0,0
605,4,79,43
605,5,0,0
605,6,52,34
605,7,6,35
605,8,3,15
605,9,0,0
605,10,0,0
605,11,0,0
605,12,0,0
605,13,55,30
605,14,53,40
605,15,3,58
605,16,14,45
605,17,0,0
605,18,0,0
605,19,7,65
605,20,92,55
605,21,9,51
605,22,26,32
605,23,1,21
605,24,2,42
605,25,8,65
605,26,0,0
605,27,0,0
605,28,362,123
605,29,0,0
605,30,0,0
605,31,24,59
605,32,0,0
605,33,14,64
605,34,62,76
605,35,52,27
605,36,0,0
605,37,64,69
605,38,6,49
605,39,10,64
605,40,6,42
605,41,2,31
605,42,115,1
605,43,2,19
605,44,96,99
605,45,1,24
605,46,6,13
605,47,107,3
605,48,0,0
605,49,8,35
605,50,4,52
605,51,180,45
605,52,0,0
605,53,266,71
605,54,0,0
605,55,99,4
605,56,35,82
605,57,5,40
605,58,53,43
605,59,21,40
605,60,135,49
605,61,4,66
605,62,240,54
605,63,6,12
605,64,0,0
605,65,47,54
605,66,3,30
605,67,6,6
605,68,5,55
605,69,3,17
605,70,189,51
605,71,50,46
605,72,0,0
605,73,0,0
605,74,123,27
605,75,0,9
605,76,2,18
605,77,0,6
605,78,0,0
605,79,0,0
605,80,0,0
605,81,0,3
605,82,0,27
605,83,0,0
605,84,0,0
605,85,0,0
605,86,0,0
605,87,0,0
605,88,0,0
605,89,0,0
605,90,0,0
605,91,0,0
605,92,0,2
605,93,0,7
605,94,0,0
605,95,0,8
605,96,0,0
605,97,0,17
605,98,0,9
605,99,0,7
605,100,0,0
605,101,0,0
605,102,0,0
605,103,0,0
605,104,0,0
605,105,0,0
605,106,0,0
605,107,0,0
605,108,0,0
605,109,0,0
605,110,0,0
605,111,0,0
605,112,0,0
605,113,0,0
605,114,0,0
605,115,0,0
605,116,0,0
605,117,0,0
605,118,0,0
605,119,0,0
605,120,0,0
605,121,0,0
605,122,0,0
605,123,0,0
606,1,0,11
606,2,0,10
606,3,6,38
606,4,8,0
606,5,79,50
606,6,0,0
606,7,8,31
606,8,48,37
606,9,0,0
606,10,0,0
606,11,0,0
606,12,46,35
606,13,17,42
606,14,43,9
606,15,2,52
606,16,14,53
606,17,0,0
606,18,0,0
606,19,6,85
606,20,0,0
606,21,96,71
606,22,35,46
606,23,0,27
606,24,2,38
606,25,9,69
606,26,0,0
606,27,0,0
606,28,0,0
606,29,0,0
606,30,359,118
606,31,0,0
606,32,0,0
606,33,5,84
606,34,0,0
606,35,16,59
606,36,0,0
606,37,65,70
606,38,79,75
606,39,3,41
606,40,1,43
606,41,91,2
606,42,1,21
606,43,47,26
606,44,60,100
606,45,0,18
606,46,7,52
606,47,4,30
606,48,113,3
606,49,0,0
606,50,5,42
606,51,291,87
606,52,0,0
606,53,0,0
606,54,8,71
606,55,116,4
606,56,37,56
606,57,7,61
606,58,3,28
606,59,6,10
606,60,49,27
606,61,30,29
606,62,135,41
606,63,4,70
606,64,259,56
606,65,3,45
606,66,46,50
606,67,3,28
606,68,7,5
606,69,4,3
606,70,3,43
606,71,1,7
606,72,2,22
606,73,109,31
606,74,141,47
606,75,43,31
606,76,17,14
606,77,7,23
606,78,0,0
606,79,0,0
606,80,1,10
606,81,0,0
606,82,1,14
606,83,126,22
606,84,0,8
606,85,0,0
606,86,0,0
606,87,0,0
606,88,0,0
606,89,1,24
606,90,0,0
606,91,0,6
606,92,0,0
606,93,0,11
606,94,0,24
606,95,0,0
606,96,0,0
606,97,0,0
606,98,0,0
606,99,0,0
606,100,0,0
606,101,0,0
606,102,0,0
606,103,0,0
606,104,0,0
606,105,0,0
606,106,0,0
606,107,0,0
606,108,0,0
606,109,0,0
606,110,0,0
606,111,0,0
606,112,0,5
606,113,0,6
606,114,0,0
606,115,0,0
606,116,0,19
606,117,0,0
606,118,0,0
606,119,0,0
606,120,0,0
606,121,0,0
606,122,0,0
606,123,0,0
606,124,0,0
606,125,0,0
606,126,0,0
606,127,0,0
606,128,0,0
606,129,0,0
606,130,0,0
606,131,0,0
606,132,0,0
606,133,0,0
606,134,0,0
606,135,0,0
606,136,0,0
606,137,0,0
607,1,0,9
607,2,2,17
607,3,0,6
607,4,6,36
607,5,0,0
607,6,46,39
607,7,74,43
607,8,17,41
607,9,42,12
607,10,4,63
607,11,11,47
607,12,0,0
607,13,19,53
607,14,21,65
607,15,2,66
607,16,28,36
607,17,2,51
607,18,35,79
607,19,0,0
607,20,0,0
607,21,5,83
607,22,0,0
607,23,0,0
607,24,40,27
607,25,341,109
607,26,0,0
607,27,10,34
607,28,0,0
607,29,206,101
607,30,0,0
607,31,23,33
607,32,6,53
607,33,7,40
607,34,3,17
607,35,7,37
607,36,0,0
607,37,68,70
607,38,0,0
607,39,6,36
607,40,80,65
607,41,11,48
607,42,7,37
607,43,2,42
607,44,88,3
607,45,2,31
607,46,42,22
607,47,61,94
607,48,1,27
607,49,8,64
607,50,111,2
607,51,8,61
607,52,0,0
607,53,137,81
607,54,0,0
607,55,4,82
607,56,9,75
607,57,98,1
607,58,22,38
607,59,40,25
607,60,26,42
607,61,0,0
607,62,5,31
607,63,7,14
607,64,48,37
607,65,5,40
607,66,24,29
607,67,117,36
607,68,6,4
607,69,247,56
607,70,5,32
607,71,6,44
607,72,49,51
607,73,0,0
607,74,2,2
607,75,0,3
607,76,1,2
607,77,4,21
607,78,1,7
607,79,2,26
607,80,93,23
607,81,44,19
607,82,122,46
607,83,0,0
607,84,22,20
607,85,18,14
607,86,9,22
607,87,0,0
607,88,0,0
607,89,264,37
607,90,1,13
607,91,0,18
607,92,1,43
607,93,110,20
607,94,0,8
607,95,0,0
607,96,0,0
607,97,0,0
607,98,0,0
607,99,0,0
607,100,0,0
607,101,0,0
607,102,0,0
607,103,0,0
607,104,0,0
607,105,0,0
607,106,0,0
607,107,0,0
607,108,0,0
607,109,0,0
607,110,0,0
607,111,0,0
607,112,0,0
607,113,0,24
607,114,0,0
607,115,0,0
607,116,0,0
607,117,0,0
607,118,0,0
607,119,0,0
607,120,0,0
607,121,0,0
607,122,0,0
607,123,0,0
607,124,0,0
607,125,0,0
607,126,0,0
607,127,0,0
607,128,0,0
607,129,0,0
607,130,0,0
607,131,0,0
607,132,0,0
608,1,0,8
608,2,0,5
608,3,0,6
608,4,5,23
608,5,0,0
608,6,76,44
608,7,12,21
608,8,0,0
608,9,8,62
608,10,52,55
608,11,0,0
608,12,87,43
608,13,32,46
608,14,0,0
608,15,0,0
608,16,16,48
608,17,26,67
608,18,5,68
608,19,35,40
608,20,2,54
608,21,38,81
608,22,0,0
608,23,4,80
608,24,0,0
608,25,33,22
608,26,316,103
608,27,76,70
608,28,13,35
608,29,0,0
608,30,70,28
608,31,0,0
608,32,154,61
608,33,23,94
608,34,0,0
608,35,54,54
608,36,5,44
608,37,9,40
608,38,0,0
608,39,3,12
608,40,5,15
608,41,0,0
608,42,11,55
608,43,1,14
608,44,152,48
608,45,0,0
608,46,7,32
608,47,0,0
608,48,9,44
608,49,5,67
608,50,0,0
608,51,59,24
608,52,3,20
608,53,122,4
608,54,0,11
608,55,2,17
608,56,4,46
608,57,5,34
608,58,7,68
608,59,9,34
608,60,130,83
608,61,2,54
608,62,13,65
608,63,95,4
608,64,19,45
608,65,22,18
608,66,3,69
608,67,29,57
608,68,0,0
608,69,35,6
608,70,24,28
608,71,3,20
608,72,4,35
608,73,1,37
608,74,21,22
608,75,121,42
608,76,23,39
608,77,0,32
608,78,235,46
608,79,3,24
608,80,1,35
608,81,2,46
608,82,2,2
608,83,0,5
608,84,217,39
608,85,133,136
608,86,2,10
608,87,0,0
608,88,1,9
608,89,2,23
608,90,62,17
608,91,125,47
608,92,38,22
608,93,0,0
608,94,21,22
608,95,22,16
608,96,0,0
608,97,13,25
608,98,105,55
608,99,15,71
608,100,1,10
608,101,0,0
608,102,0,17
608,103,3,43
608,104,0,5
608,105,0,2
608,106,0,0
608,107,0,0
608,108,0,0
608,109,0,0
608,110,0,0
608,111,0,0
608,112,0,0
608,113,0,0
608,114,0,0
608,115,0,0
608,116,0,0
608,117,0,0
608,118,0,0
608,119,0,12
608,120,0,0
608,121,0,19
608,122,0,0
608,123,0,0
608,124,0,0
608,125,0,0
608,126,0,0
608,127,0,0
608,128,0,0
608,129,0,0
608,130,0,0
608,131,0,0
608,132,0,0
608,133,0,0
608,134,0,0
608,135,0,0
608,136,0,0
608,137,0,0
608,138,0,0
608,139,0,0
608,140,0,0
608,141,0,0
608,142,0,0
609,1,0,6
609,2,0,0
609,3,0,0
609,4,0,0
609,5,16,65
609,6,11,27
609,7,5,39
609,8,8,13
609,9,0,0
609,10,7,39
609,11,0,0
609,12,94,56
609,13,43,39
609,14,0,0
609,15,36,38
609,16,2,48
609,17,15,43
609,18,5,49
609,19,7,56
609,20,2,52
609,21,28,85
609,22,116,47
609,23,48,17
609,24,47,43
609,25,48,51
609,26,289,102
609,27,0,0
609,28,0,0
609,29,53,25
609,30,108,34
609,31,21,106
609,32,0,0
609,33,0,0
609,34,143,57
609,35,11,72
609,36,35,50
609,37,5,31
609,38,3,12
609,39,0,0
609,40,0,0
609,41,1,1
609,42,0,0
609,43,2,19
609,44,140,55
609,45,0,0
609,46,7,34
609,47,9,85
609,48,0,0
609,49,78,21
609,50,3,26
609,51,1,13
609,52,4,15
609,53,3,26
609,54,7,75
609,55,4,17
609,56,4,39
609,57,0,5
609,58,114,72
609,59,5,56
609,60,7,65
609,61,102,4
609,62,13,35
609,63,81,55
609,64,22,17
609,65,0,0
609,66,1,31
609,67,0,25
609,68,18,40
609,69,0,0
609,70,40,8
609,71,4,45
609,72,24,15
609,73,2,6
609,74,0,0
609,75,22,23
609,76,4,20
609,77,17,11
609,78,0,0
609,79,98,30
609,80,26,45
609,81,1,37
609,82,241,39
609,83,3,24
609,84,0,40
609,85,0,0
609,86,2,41
609,87,1,10
609,88,0,0
609,89,222,42
609,90,4,12
609,91,4,30
609,92,62,15
609,93,124,39
609,94,38,25
609,95,22,17
609,96,11,15
609,97,0,0
609,98,6,20
609,99,0,0
609,100,0,0
609,101,24,8
609,102,0,0
609,103,1,36
609,104,0,5
609,105,37,31
609,106,0,0
609,107,0,0
609,108,0,0
609,109,0,0
609,110,0,0
609,111,0,0
609,112,0,0
609,113,0,0
609,114,0,9
609,115,0,0
609,116,0,16
609,117,0,0
609,118,0,0
609,119,0,0
609,120,0,0
609,121,0,0
609,122,0,0
609,123,0,0
609,124,0,0
609,125,0,0
609,126,0,0
609,127,0,0
609,128,0,0
609,129,0,0
609,130,0,0
609,131,0,0
609,132,0,0
609,133,0,0
609,134,0,0
609,135,0,0
609,136,0,0
609,137,0,0
609,138,0,0
609,139,0,0
609,140,0,0
610,1,0,9
610,2,3,15
610,3,0,0
610,4,1,52
610,5,0,0
610,6,0,0
610,7,10,24
610,8,7,29
610,9,0,0
610,10,12,14
610,11,3,41
610,12,0,0
610,13,102,42
610,14,44,14
610,15,11,44
610,16,0,0
610,17,7,71
610,18,0,0
610,19,7,49
610,20,16,48
610,21,3,40
610,22,4,41
610,23,3,29
610,24,4,48
610,25,27,71
610,26,102,44
610,27,53,24
610,28,0,0
610,29,56,44
610,30,41,49
610,31,0,0
610,32,63,27
610,33,145,46
610,34,118,61
610,35,0,0
610,36,10,69
610,37,43,77
610,38,4,28
610,39,0,0
610,40,5,11
610,41,0,0
610,42,0,0
610,43,0,0
610,44,11,33
610,45,2,15
610,46,86,39
610,47,0,0
610,48,3,17
610,49,290,36
610,50,35,103
610,51,6,75
610,52,88,23
610,53,0,0
610,54,5,31
610,55,2,35
610,56,115,4
610,57,3,15
610,58,0,6
610,59,4,41
610,60,0,0
610,61,0,0
610,62,2,56
610,63,0,0
610,64,9,76
610,65,223,97
610,66,86,5
610,67,19,48
610,68,69,64
610,69,40,18
610,70,2,33
610,71,0,25
610,72,0,0
610,73,3,43
610,74,27,24
610,75,1,8
610,76,0,0
610,77,56,28
610,78,7,13
610,79,21,12
610,80,30,48
610,81,1,35
610,82,266,62
610,83,3,26
610,84,1,42
610,85,0,0
610,86,0,0
610,87,3,27
610,88,2,14
610,89,220,46
610,90,2,63
610,91,7,29
610,92,14,40
610,93,59,15
610,94,108,36
610,95,31,16
610,96,29,16
610,97,0,0
610,98,8,14
610,99,35,12
610,100,1,9
610,101,0,0
610,102,1,37
610,103,0,0
610,104,30,21
610,105,0,3
610,106,0,0
610,107,0,0
610,108,0,0
610,109,0,0
610,110,0,0
610,111,0,0
610,112,0,0
610,113,0,0
610,114,0,6
610,115,0,6
610,116,0,0
610,117,0,0
610,118,0,0
610,119,0,0
610,120,0,0
610,121,0,0
610,122,0,0
610,123,0,0
610,124,0,0
610,125,0,0
610,126,0,0
610,127,0,0
610,128,0,0
610,129,0,0
610,130,0,0
610,131,0,0
611,1,0,8
611,2,0,0
611,3,0,0
611,4,1,27
611,5,0,0
611,6,0,0
611,7,16,47
611,8,13,34
611,9,0,0
611,10,0,0
611,11,13,22
611,12,4,34
611,13,92,45
611,14,64,27
611,15,32,12
611,16,11,39
611,17,39,80
611,18,0,0
611,19,6,31
611,20,22,71
611,21,7,42
611,22,6,34
611,23,6,51
611,24,4,53
611,25,112,49
611,26,47,34
611,27,12,94
611,28,0,0
611,29,46,37
611,30,46,43
611,31,0,0
611,32,57,28
611,33,166,55
611,34,35,37
611,35,0,0
611,36,352,20
611,37,140,46
611,38,0,0
611,39,5,52
611,40,7,35
611,41,0,0
611,42,0,0
611,43,3,27
611,44,0,0
611,45,13,43
611,46,5,21
611,47,93,67
611,48,7,43
611,49,0,0
611,50,280,42
611,51,41,38
611,52,39,84
611,53,4,40
611,54,6,59
611,55,6,37
611,56,3,44
611,57,0,0
611,58,0,0
611,59,13,78
611,60,222,101
611,61,11,77
611,62,120,3
611,63,89,79
611,64,51,19
611,65,0,43
611,66,0,0
611,67,4,44
611,68,15,33
611,69,3,24
611,70,0,0
611,71,23,14
611,72,0,0
611,73,0,9
611,74,341,87
611,75,71,37
611,76,13,19
611,77,34,56
611,78,1,40
611,79,2,47
611,80,0,0
611,81,0,0
611,82,0,14
611,83,214,59
611,84,0,0
611,85,4,38
611,86,11,37
611,87,93,28
611,88,33,13
611,89,0,0
611,90,9,13
611,91,35,15
611,92,0,0
611,93,0,8
611,94,4,29
611,95,0,0
611,96,24,14
611,97,0,27
611,98,0,0
611,99,0,0
611,100,0,10
611,101,0,4
611,102,0,0
611,103,0,0
611,104,0,0
611,105,0,64
611,106,0,15
611,107,0,20
611,108,0,0
611,109,0,0
611,110,0,0
611,111,0,0
611,112,0,0
611,113,0,0
611,114,0,0
611,115,0,0
611,116,0,0
611,117,0,0
611,118,0,0
611,119,0,0
611,120,0,0
611,121,0,0
611,122,0,0
611,123,0,0
611,124,0,0
611,125,0,0
611,126,0,0
611,127,0,0
611,128,0,0
611,129,0,0
611,130,0,0
611,131,0,0
611,132,0,0
612,1,0,0
612,2,1,7
612,3,0,0
612,4,2,14
612,5,0,0
612,6,0,17
612,7,0,0
612,8,0,0
612,9,19,44
612,10,38,42
612,11,17,36
612,12,0,0
612,13,0,0
612,14,14,17
612,15,4,34
612,16,81,34
612,17,33,14
612,18,152,36
612,19,42,0
612,20,36,21
612,21,127,40
612,22,17,51
612,23,39,25
612,24,0,0
612,25,33,33
612,26,3,21
612,27,11,48
612,28,6,52
612,29,4,32
612,30,5,76
612,31,26,77
612,32,17,47
612,33,6,49
612,34,146,70
612,35,0,0
612,36,0,0
612,37,0,0
612,38,54,38
612,39,72,63
612,40,178,60
612,41,0,0
612,42,0,0
612,43,0,0
612,44,164,54
612,45,16,78
612,46,0,0
612,47,0,0
612,48,3,34
612,49,8,43
612,50,97,70
612,51,0,0
612,52,0,0
612,53,0,0
612,54,292,36
612,55,46,32
612,56,6,44
612,57,34,76
612,58,0,0
612,59,13,58
612,60,15,56
612,61,0,0
612,62,95,4
612,63,258,55
612,64,9,76
612,65,144,71
612,66,6,69
612,67,74,3
612,68,72,62
612,69,10,27
612,70,0,0
612,71,3,67
612,72,3,35
612,73,0,0
612,74,10,16
612,75,0,0
612,76,0,0
612,77,26,19
612,78,0,0
612,79,2,8
612,80,29,16
612,81,7,24
612,82,0,0
612,83,112,38
612,84,29,54
612,85,3,61
612,86,8,62
612,87,0,0
612,88,0,0
612,89,17,25
612,90,103,30
612,91,37,13
612,92,15,16
612,93,0,0
612,94,0,0
612,95,0,0
612,96,2,9
612,97,4,26
612,98,0,0
612,99,32,17
612,100,0,28
612,101,0,0
612,102,0,0
612,103,0,14
612,104,0,2
612,105,0,0
612,106,0,0
612,107,0,92
612,108,0,12
612,109,0,6
612,110,0,9
612,111,0,20
612,112,0,3
612,113,0,0
612,114,0,0
612,115,0,0
612,116,0,0
612,117,0,1
612,118,0,4
612,119,0,0
612,120,0,0
612,121,0,0
612,122,0,0
612,123,0,0
612,124,0,4
612,125,0,0
612,126,0,0
612,127,0,0
612,128,0,0
612,129,0,0
612,130,0,0
612,131,0,0
612,132,0,0
612,133,0,0
612,134,0,0
612,135,0,0
612,136,0,0
612,137,0,0
612,138,0,0
612,139,0,0
612,140,0,0
612,141,0,0
612,142,0,0
612,143,0,0
612,144,0,0
612,145,0,0
612,146,0,0
612,147,0,0
612,148,0,0
612,149,0,0
612,150,0,0
613,1,0,0
613,2,0,0
613,3,1,23
613,4,0,0
613,5,3,24
613,6,0,0
613,7,0,0
613,8,19,49
613,9,0,0
613,10,0,0
613,11,0,0
613,12,31,29
613,13,5,43
613,14,77,37
613,15,33,12
613,16,153,37
613,17,19,26
613,18,125,37
613,19,17,55
613,20,24,17
613,21,69,14
613,22,0,0
613,23,63,42
613,24,10,29
613,25,17,47
613,26,9,55
613,27,0,0
613,28,32,86
613,29,0,0
613,30,15,82
613,31,0,0
613,32,109,75
613,33,201,66
613,34,0,0
613,35,157,56
613,36,11,67
613,37,0,0
613,38,0,0
613,39,0,0
613,40,3,36
613,41,8,38
613,42,98,64
613,43,289,27
613,44,48,25
613,45,4,32
613,46,38,72
613,47,6,61
613,48,7,45
613,49,5,40
613,50,75,49
613,51,356,47
613,52,0,0
613,53,12,43
613,54,139,6
613,55,240,51
613,56,96,42
613,57,7,61
613,58,11,9
613,59,4,65
613,60,19,30
613,61,48,27
613,62,0,12
613,63,3,16
613,64,20,28
613,65,2,14
613,66,5,37
613,67,0,0
613,68,131,59
613,69,5,25
613,70,19,26
613,71,0,0
613,72,19,0
613,73,24,12
613,74,4,12
613,75,2,44
613,76,43,16
613,77,4,25
613,78,0,0
613,79,112,37
613,80,1,31
613,81,12,30
613,82,7,22
613,83,2,56
613,84,3,27
613,85,94,36
613,86,32,20
613,87,4,39
613,88,37,37
613,89,219,70
613,90,17,18
613,91,0,0
613,92,7,12
613,93,0,0
613,94,27,22
613,95,0,32
613,96,0,0
613,97,0,0
613,98,0,0
613,99,0,15
613,100,0,2
613,101,0,0
613,102,0,8
613,103,0,0
613,104,0,9
613,105,0,16
613,106,0,14
613,107,0,20
613,108,0,0
613,109,0,7
613,110,0,0
613,111,0,0
613,112,0,0
613,113,0,0
613,114,0,0
613,115,0,0
613,116,0,107
613,117,0,0
613,118,0,0
613,119,0,4
613,120,0,0
613,121,0,0
613,122,0,0
613,123,0,0
613,124,0,0
613,125,0,0
613,126,0,0
613,127,0,0
613,128,0,0
613,129,0,0
613,130,0,0
613,131,0,0
613,132,0,0
613,133,0,0
613,134,0,0
613,135,0,0
614,1,0,0
614,2,1,11
614,3,0,0
614,4,0,20
614,5,0,0
614,6,4,24
614,7,0,0
614,8,4,32
614,9,37,27
614,10,0,0
614,11,0,0
614,12,0,0
614,13,0,0
614,14,82,32
614,15,0,0
614,16,25,29
614,17,6,32
614,18,70,24
614,19,40,13
614,20,11,65
614,21,2,57
614,22,151,42
614,23,34,69
614,24,38,24
614,25,0,0
614,26,0,0
614,27,13,0
614,28,65,44
614,29,103,33
614,30,16,61
614,31,8,28
614,32,27,47
614,33,7,52
614,34,0,0
614,35,13,79
614,36,0,0
614,37,0,0
614,38,0,0
614,39,110,79
614,40,194,71
614,41,29,95
614,42,0,0
614,43,189,62
614,44,0,0
614,45,0,0
614,46,0,0
614,47,4,41
614,48,4,39
614,49,0,0
614,50,0,0
614,51,0,0
614,52,11,39
614,53,0,0
614,54,36,62
614,55,8,51
614,56,15,51
614,57,12,37
614,58,3,25
614,59,11,64
614,60,71,47
614,61,11,44
614,62,136,7
614,63,254,41
614,64,1,52
614,65,5,58
614,66,82,41
614,67,18,31
614,68,3,23
614,69,48,26
614,70,9,68
614,71,8,9
614,72,25,26
614,73,4,31
614,74,0,0
614,75,130,60
614,76,13,29
614,77,0,0
614,78,20,1
614,79,0,0
614,80,7,38
614,81,132,49
614,82,0,0
614,83,0,0
614,84,11,35
614,85,10,24
614,86,3,34
614,87,6,43
614,88,106,39
614,89,0,0
614,90,35,24
614,91,1,33
614,92,0,2
614,93,4,22
614,94,39,43
614,95,235,71
614,96,0,6
614,97,16,25
614,98,28,23
614,99,0,0
614,100,1,28
614,101,0,0
614,102,0,0
614,103,0,0
614,104,0,0
614,105,0,9
614,106,0,0
614,107,0,4
614,108,0,0
614,109,0,0
614,110,0,0
614,111,0,0
614,112,0,12
614,113,0,0
614,114,0,0
614,115,0,0
614,116,0,8
614,117,0,0
614,118,0,0
614,119,0,0
614,120,0,0
614,121,0,0
614,122,0,0
614,123,0,0
614,124,0,0
614,125,0,0
614,126,0,0
614,127,0,0
614,128,0,0
614,129,0,0
614,130,0,0
614,131,0,0
614,132,0,0
614,133,0,0
614,134,0,0
614,135,0,0
614,136,0,0
614,137,0,0
614,138,0,0
614,139,0,0
614,140,0,0
614,141,0,0
615,1,0,0
615,2,2,20
615,3,0,0
615,4,2,16
615,5,4,17
615,6,0,0
615,7,15,28
615,8,39,27
615,9,8,24
615,10,8,26
615,11,0,0
615,12,90,34
615,13,0,0
615,14,0,0
615,15,10,16
615,16,10,32
615,17,86,29
615,18,40,22
615,19,11,71
615,20,3,51
615,21,152,35
615,22,38,15
615,23,55,50
615,24,0,0
615,25,93,34
615,26,9,46
615,27,0,0
615,28,0,0
615,29,7,37
615,30,29,60
615,31,6,66
615,32,24,86
615,33,60,108
615,34,114,60
615,35,24,90
615,36,196,68
615,37,0,0
615,38,183,54
615,39,14,62
615,40,0,0
615,41,0,0
615,42,0,0
615,43,0,0
615,44,3,26
615,45,5,21
615,46,0,0
615,47,4,50
615,48,7,35
615,49,0,0
615,50,30,54
615,51,11,33
615,52,14,42
615,53,10,48
615,54,3,28
615,55,10,73
615,56,75,49
615,57,122,2
615,58,269,39
615,59,5,52
615,60,9,64
615,61,105,41
615,62,26,32
615,63,6,18
615,64,106,63
615,65,5,55
615,66,0,0
615,67,15,25
615,68,1,30
615,69,0,0
615,70,9,39
615,71,14,31
615,72,19,1
615,73,0,0
615,74,2,48
615,75,6,28
615,76,10,1
615,77,0,0
615,78,128,72
615,79,0,0
615,80,0,0
615,81,11,44
615,82,10,13
615,83,3,39
615,84,112,37
615,85,4,12
615,86,26,28
615,87,0,0
615,88,9,53
615,89,0,4
615,90,0,0
615,91,224,72
615,92,0,7
615,93,34,24
615,94,0,0
615,95,2,10
615,96,83,89
615,97,1,33
615,98,0,0
615,99,0,0
615,100,0,8
615,101,0,0
615,102,0,0
615,103,0,6
615,104,0,3
615,105,0,0
615,106,0,78
615,107,0,0
615,108,0,32
615,109,0,14
615,110,0,0
615,111,0,0
615,112,0,0
615,113,0,0
615,114,0,0
615,115,0,0
615,116,0,0
615,117,0,0
615,118,0,0
615,119,0,0
615,120,0,0
615,121,0,102
615,122,0,0
615,123,0,0
615,124,0,0
615,125,0,0
615,126,0,0
615,127,0,0
615,128,0,0
615,129,0,0
615,130,0,0
615,131,0,0
615,132,0,0
615,133,0,0
615,134,0,0
615,135,0,0
615,136,0,0
615,137,0,0
615,138,0,0
615,139,0,0
615,140,0,0
615,141,0,0
615,142,0,0
616,1,0,0
616,2,0,0
616,3,0,0
616,4,0,0
616,5,4,33
616,6,0,0
616,7,6,17
616,8,11,24
616,9,6,23
616,10,37,23
616,11,4,24
616,12,9,14
616,13,26,37
616,14,97,32
616,15,0,0
616,16,0,0
616,17,8,13
616,18,0,0
616,19,7,30
616,20,71,19
616,21,37,20
616,22,14,83
616,23,154,47
616,24,17,11
616,25,26,10
616,26,0,0
616,27,97,36
616,28,9,52
616,29,0,0
616,30,0,0
616,31,7,46
616,32,0,0
616,33,5,77
616,34,23,95
616,35,0,0
616,36,0,0
616,37,112,70
616,38,110,40
616,39,157,52
616,40,0,0
616,41,161,56
616,42,19,75
616,43,15,46
616,44,0,0
616,45,0,0
616,46,0,0
616,47,0,0
616,48,0,0
616,49,5,25
616,50,3,19
616,51,0,10
616,52,0,11
616,53,0,0
616,54,6,47
616,55,31,53
616,56,12,40
616,57,11,63
616,58,67,56
616,59,15,48
616,60,286,42
616,61,113,4
616,62,11,67
616,63,5,60
616,64,114,46
616,65,28,43
616,66,5,27
616,67,51,30
616,68,7,60
616,69,3,33
616,70,137,68
616,71,11,29
616,72,16,0
616,73,7,23
616,74,9,23
616,75,7,0
616,76,136,67
616,77,15,11
616,78,9,37
616,79,12,14
616,80,8,33
616,81,113,36
616,82,6,12
616,83,25,37
616,84,0,0
616,85,0,3
616,86,7,31
616,87,26,29
616,88,0,4
616,89,4,11
616,90,7,14
616,91,157,42
616,92,35,23
616,93,0,0
616,94,0,15
616,95,0,0
616,96,75,90
616,97,2,23
616,98,0,0
616,99,0,0
616,100,0,0
616,101,0,0
616,102,0,10
616,103,0,0
616,104,0,0
616,105,0,36
616,106,0,12
616,107,0,0
616,108,0,0
616,109,0,0
616,110,0,0
616,111,0,0
616,112,0,0
616,113,0,0
616,114,0,0
616,115,0,0
616,116,0,0
616,117,0,0
616,118,0,0
616,119,0,0
616,120,0,0
616,121,0,0
616,122,0,0
616,123,0,0
616,124,0,0
616,125,0,0
616,126,0,0
616,127,0,0
616,128,0,0
616,129,0,0
616,130,0,0
616,131,0,0
616,132,0,0
616,133,0,0
616,134,0,0
616,135,0,0
616,136,0,0
616,137,0,0
616,138,0,0
616,139,0,0
617,1,4,8
617,2,0,0
617,3,0,0
617,4,0,0
617,5,0,0
617,6,0,0
617,7,0,0
617,8,0,0
617,9,11,43
617,10,50,43
617,11,8,47
617,12,30,46
617,13,100,30
617,14,0,0
617,15,0,0
617,16,16,39
617,17,0,0
617,18,14,19
617,19,65,22
617,20,29,10
617,21,40,42
617,22,176,45
617,23,39,59
617,24,20,12
617,25,52,13
617,26,0,0
617,27,0,0
617,28,8,56
617,29,7,40
617,30,0,0
617,31,0,0
617,32,25,88
617,33,0,0
617,34,21,75
617,35,46,36
617,36,0,0
617,37,113,47
617,38,0,0
617,39,0,0
617,40,86,44
617,41,169,66
617,42,178,55
617,43,20,69
617,44,0,0
617,45,0,0
617,46,0,0
617,47,0,0
617,48,0,0
617,49,8,25
617,50,4,25
617,51,0,11
617,52,1,12
617,53,6,39
617,54,0,0
617,55,29,50
617,56,20,43
617,57,0,0
617,58,11,68
617,59,82,64
617,60,17,54
617,61,105,6
617,62,296,40
617,63,10,62
617,64,12,47
617,65,2,25
617,66,110,46
617,67,25,40
617,68,6,34
617,69,44,22
617,70,4,58
617,71,132,66
617,72,4,28
617,73,37,35
617,74,20,1
617,75,7,22
617,76,0,0
617,77,5,13
617,78,3,2
617,79,2,33
617,80,18,35
617,81,12,9
617,82,7,31
617,83,126,52
617,84,7,16
617,85,0,0
617,86,0,2
617,87,2,31
617,88,4,27
617,89,24,15
617,90,1,15
617,91,6,17
617,92,136,35
617,93,1,26
617,94,49,20
617,95,0,0
617,96,0,21
617,97,0,0
617,98,0,0
617,99,0,0
617,100,0,0
617,101,0,26
617,102,0,0
617,103,0,14
617,104,0,0
617,105,0,0
617,106,0,0
617,107,0,0
617,108,0,0
617,109,0,11
617,110,0,0
617,111,0,0
617,112,0,0
617,113,0,0
617,114,0,0
617,115,0,0
617,116,0,0
617,117,0,0
617,118,0,0
617,119,0,0
617,120,0,0
617,121,0,0
617,122,0,0
617,123,0,0
617,124,0,0
617,125,0,0
617,126,0,0
617,127,0,0
617,128,0,0
617,129,0,0
617,130,0,0
617,131,0,0
617,132,0,0
617,133,0,0
617,134,0,0
617,135,0,0
617,136,0,0
617,137,0,0
617,138,0,0
617,139,0,0
617,140,0,0
617,141,0,0
618,1,0,0
618,2,3,12
618,3,0,0
618,4,0,0
618,5,0,0
618,6,0,0
618,7,0,0
618,8,0,0
618,9,0,0
618,10,0,0
618,11,0,0
618,12,0,0
618,13,0,0
618,14,6,47
618,15,47,38
618,16,10,51
618,17,34,36
618,18,123,42
618,19,0,0
618,20,0,0
618,21,14,30
618,22,0,0
618,23,50,23
618,24,46,46
618,25,187,44
618,26,31,55
618,27,60,21
618,28,0,0
618,29,0,0
618,30,9,80
618,31,0,0
618,32,21,49
618,33,35,37
618,34,0,0
618,35,117,42
618,36,44,59
618,37,0,0
618,38,109,52
618,39,190,65
618,40,0,0
618,41,0,0
618,42,11,54
618,43,12,46
618,44,2,14
618,45,1,10
618,46,5,41
618,47,0,0
618,48,313,44
618,49,26,49
618,50,0,0
618,51,13,68
618,52,89,66
618,53,17,65
618,54,124,12
618,55,8,60
618,56,182,64
618,57,21,37
618,58,11,49
618,59,96,52
618,60,7,58
618,61,47,38
618,62,8,27
618,63,24,22
618,64,21,1
618,65,7,28
618,66,0,0
618,67,5,19
618,68,17,11
618,69,8,1
618,70,5,12
618,71,1,27
618,72,1,21
618,73,8,15
618,74,22,34
618,75,5,29
618,76,11,13
618,77,1,15
618,78,3,20
618,79,9,14
618,80,28,17
618,81,5,13
618,82,132,39
618,83,60,24
618,84,2,26
618,85,0,0
618,86,0,0
618,87,0,0
618,88,0,0
618,89,0,28
618,90,0,19
618,91,0,0
618,92,0,0
618,93,0,0
618,94,0,0
618,95,0,0
618,96,0,0
618,97,0,0
618,98,0,0
618,99,0,0
618,100,0,0
618,101,0,0
618,102,0,0
618,103,0,0
618,104,0,0
618,105,0,0
618,106,0,0
618,107,0,0
618,108,0,0
618,109,0,0
618,110,0,0
618,111,0,0
618,112,0,0
618,113,0,0
618,114,0,0
618,115,0,0
618,116,0,0
618,117,0,0
618,118,0,0
618,119,0,0
618,120,0,0
618,121,0,0
618,122,0,0
618,123,0,0
618,124,0,0
618,125,0,0
618,126,0,0
618,127,0,0
618,128,0,0
618,129,0,0
618,130,0,0
619,1,4,9
619,2,0,0
619,3,0,0
619,4,0,0
619,5,0,0
619,6,0,0
619,7,0,0
619,8,0,0
619,9,0,0
619,10,0,0
619,11,33,36
619,12,0,0
619,13,0,0
619,14,41,31
619,15,34,31
619,16,140,39
619,17,10,18
619,18,13,51
619,19,0,0
619,20,8,13
619,21,8,50
619,22,47,32
619,23,40,41
619,24,15,84
619,25,90,62
619,26,172,45
619,27,8,0
619,28,44,26
619,29,0,0
619,30,0,0
619,31,0,0
619,32,18,90
619,33,9,78
619,34,22,53
619,35,0,0
619,36,41,37
619,37,0,0
619,38,117,43
619,39,0,0
619,40,0,0
619,41,44,25
619,42,193,74
619,43,99,38
619,44,131,56
619,45,0,0
619,46,34,61
619,47,15,54
619,48,3,49
619,49,290,40
619,50,0,0
619,51,0,0
619,52,19,72
619,53,101,74
619,54,10,45
619,55,19,76
619,56,205,90
619,57,6,36
619,58,5,36
619,59,48,35
619,60,25,26
619,61,0,0
619,62,14,29
619,63,4,22
619,64,13,3
619,65,0,0
619,66,6,17
619,67,2,29
619,68,308,63
619,69,0,0
619,70,2,11
619,71,3,13
619,72,0,0
619,73,29,27
619,74,1,50
619,75,10,21
619,76,9,20
619,77,69,57
619,78,1,13
619,79,4,53
619,80,3,29
619,81,9,10
619,82,21,11
619,83,4,7
619,84,1,8
619,85,126,34
619,86,0,0
619,87,0,0
619,88,0,0
619,89,0,0
619,90,0,26
619,91,0,21
619,92,0,0
619,93,0,0
619,94,0,0
619,95,0,0
619,96,0,0
619,97,0,0
619,98,0,0
619,99,0,0
619,100,0,82
619,101,0,0
619,102,0,0
619,103,0,0
619,104,0,0
619,105,0,0
619,106,0,0
619,107,0,0
619,108,0,0
619,109,0,0
619,110,0,0
619,111,0,0
619,112,0,0
619,113,0,0
619,114,0,0
619,115,0,0
619,116,0,0
619,117,0,0
619,118,0,0
619,119,0,0
619,120,0,0
619,121,0,0
619,122,0,0
619,123,0,0
619,124,0,0
619,125,0,0
620,1,6,10
620,2,0,0
620,3,0,0
620,4,0,0
620,5,0,0
620,6,37,44
620,7,0,0
620,8,0,0
620,9,36,25
620,10,68,39
620,11,120,42
620,12,13,18
620,13,20,59
620,14,0,0
620,15,11,11
620,16,12,55
620,17,79,32
620,18,16,62
620,19,9,0
620,20,94,78
620,21,39,29
620,22,13,64
620,23,291,0
620,24,178,40
620,25,0,0
620,26,23,77
620,27,91,50
620,28,7,72
620,29,92,39
620,30,15,48
620,31,0,0
620,32,58,41
620,33,0,0
620,34,0,0
620,35,0,0
620,36,54,36
620,37,111,44
620,38,89,32
620,39,68,32
620,40,0,0
620,41,191,68
620,42,0,0
620,43,55,71
620,44,18,51
620,45,8,53
620,46,302,46
620,47,0,0
620,48,204,0
620,49,97,72
620,50,10,35
620,51,41,60
620,52,5,19
620,53,309,70
620,54,14,51
620,55,7,47
620,56,8,55
620,57,9,35
620,58,0,0
620,59,79,60
620,60,18,41
620,61,27,13
620,62,0,0
620,63,0,0
620,64,4,1
620,65,0,0
620,66,0,0
620,67,0,0
620,68,5,14
620,69,3,28
620,70,320,52
620,71,3,13
620,72,11,33
620,73,0,0
620,74,1,0
620,75,2,49
620,76,0,0
620,77,14,24
620,78,1,2
620,79,74,51
620,80,1,16
620,81,175,115
620,82,3,23
620,83,6,12
620,84,20,13
620,85,6,7
620,86,3,6
620,87,130,34
620,88,0,0
620,89,1,17
620,90,0,0
620,91,0,0
620,92,0,1
620,93,0,17
620,94,0,0
620,95,0,0
620,96,0,0
620,97,0,0
620,98,0,22
620,99,0,19
620,100,0,0
620,101,0,0
620,102,0,0
620,103,0,0
620,104,0,0
620,105,0,0
620,106,0,0
620,107,0,0
620,108,0,0
620,109,0,0
620,110,0,0
620,111,0,0
620,112,0,0
620,113,0,0
620,114,0,0
620,115,0,0
620,116,0,0
620,117,0,0
620,118,0,0
620,119,0,0
620,120,0,0
620,121,0,0
620,122,0,0
620,123,0,0
620,124,0,0
620,125,0,0
620,126,0,0
620,127,0,0
620,128,0,0
620,129,0,0
620,130,0,0
621,1,0,0
621,2,42,46
621,3,33,24
621,4,0,0
621,5,148,48
621,6,66,38
621,7,18,16
621,8,45,14
621,9,0,0
621,10,28,14
621,11,17,68
621,12,11,8
621,13,7,36
621,14,10,20
621,15,0,0
621,16,84,32
621,17,19,23
621,18,32,10
621,19,14,61
621,20,13,22
621,21,50,21
621,22,163,37
621,23,0,0
621,24,0,0
621,25,0,0
621,26,28,75
621,27,207,72
621,28,60,46
621,29,14,78
621,30,82,28
621,31,14,37
621,32,0,0
621,33,65,35
621,34,35,65
621,35,0,0
621,36,0,0
621,37,25,73
621,38,100,59
621,39,84,40
621,40,17,68
621,41,221,77
621,42,0,0
621,43,0,0
621,44,0,0
621,45,0,0
621,46,52,70
621,47,19,41
621,48,7,56
621,49,279,44
621,50,17,45
621,51,42,77
621,52,0,0
621,53,198,55
621,54,13,23
621,55,11,26
621,56,70,82
621,57,8,47
621,58,290,74
621,59,0,0
621,60,14,56
621,61,93,5
621,62,15,61
621,63,86,70
621,64,20,30
621,65,23,11
621,66,4,0
621,67,0,0
621,68,7,9
621,69,317,57
621,70,21,31
621,71,2,21
621,72,0,45
621,73,2,16
621,74,0,0
621,75,1,0
621,76,11,28
621,77,2,44
621,78,0,0
621,79,8,17
621,80,1,2
621,81,74,47
621,82,0,11
621,83,9,9
621,84,0,0
621,85,4,20
621,86,4,11
621,87,13,16
621,88,6,8
621,89,2,10
621,90,141,33
621,91,0,0
621,92,1,28
621,93,0,0
621,94,0,0
621,95,0,0
621,96,0,0
621,97,0,16
621,98,0,20
621,99,0,15
621,100,0,0
621,101,0,0
621,102,0,0
621,103,0,0
621,104,0,0
621,105,0,0
621,106,0,0
621,107,0,36
621,108,0,0
621,109,0,0
621,110,0,0
621,111,0,0
621,112,0,0
621,113,0,0
621,114,0,0
621,115,0,0
621,116,0,0
621,117,0,0
621,118,0,0
621,119,0,0
621,120,0,0
621,121,0,0
621,122,0,0
621,123,0,0
621,124,0,0
621,125,0,0
621,126,0,0
621,127,0,0
622,1,0,0
622,2,47,47
622,3,0,0
622,4,0,0
622,5,61,35
622,6,0,0
622,7,91,25
622,8,61,42
622,9,133,45
622,10,16,71
622,11,22,16
622,12,7,37
622,13,9,24
622,14,102,34
622,15,23,29
622,16,28,7
622,17,13,60
622,18,13,22
622,19,43,22
622,20,77,57
622,21,137,34
622,22,0,0
622,23,91,26
622,24,23,45
622,25,14,55
622,26,181,63
622,27,40,41
622,28,20,77
622,29,0,0
622,30,19,35
622,31,62,35
622,32,42,57
622,33,0,0
622,34,0,0
622,35,0,0
622,36,14,62
622,37,101,52
622,38,73,42
622,39,10,25
622,40,19,58
622,41,0,0
622,42,204,56
622,43,0,0
622,44,98,57
622,45,0,0
622,46,41,53
622,47,208,37
622,48,15,49
622,49,0,0
622,50,18,40
622,51,127,52
622,52,0,0
622,53,14,60
622,54,37,65
622,55,0,0
622,56,153,45
622,57,18,26
622,58,6,22
622,59,27,19
622,60,6,22
622,61,64,80
622,62,0,0
622,63,3,23
622,64,184,53
622,65,0,0
622,66,220,70
622,67,10,46
622,68,0,0
622,69,16,70
622,70,88,77
622,71,4,37
622,72,33,1
622,73,19,27
622,74,10,7
622,75,3,11
622,76,1,0
622,77,21,32
622,78,5,1
622,79,1,45
622,80,1,26
622,81,2,15
622,82,0,0
622,83,14,39
622,84,1,43
622,85,0,0
622,86,36,31
622,87,2,16
622,88,11,11
622,89,113,42
622,90,0,3
622,91,4,42
622,92,1,8
622,93,0,0
622,94,12,15
622,95,7,8
622,96,1,5
622,97,113,27
622,98,1,6
622,99,0,0
622,100,2,27
622,101,0,0
622,102,0,0
622,103,0,0
622,104,0,0
622,105,0,16
622,106,0,17
622,107,0,2
622,108,0,0
622,109,0,0
622,110,0,0
622,111,0,0
622,112,0,0
622,113,0,0
622,114,0,0
622,115,0,0
622,116,0,0
622,117,0,7
622,118,0,0
622,119,0,0
622,120,0,4
622,121,0,2
622,122,0,0
622,123,0,0
622,124,0,0
622,125,0,0
622,126,0,0
622,127,0,0
622,128,0,0
622,129,0,0
622,130,0,0
622,131,0,0
622,132,0,0
622,133,0,0
622,134,0,0
622,135,0,0
622,136,0,0
622,137,0,0
622,138,0,0
622,139,0,0
623,1,7,29
623,2,0,0
623,3,0,0
623,4,0,0
623,5,0,0
623,6,21,55
623,7,77,57
623,8,180,62
623,9,72,26
623,10,24,17
623,11,12,76
623,12,0,0
623,13,23,13
623,14,8,41
623,15,20,21
623,16,15,8
623,17,21,4
623,18,17,57
623,19,132,29
623,20,10,15
623,21,9,37
623,22,38,4
623,23,79,55
623,24,56,14
623,25,35,24
623,26,8,37
623,27,74,19
623,28,19,40
623,29,14,48
623,30,183,67
623,31,50,46
623,32,0,0
623,33,99,72
623,34,96,45
623,35,35,44
623,36,14,45
623,37,19,44
623,38,103,73
623,39,9,24
623,40,17,55
623,41,0,0
623,42,135,61
623,43,0,0
623,44,0,0
623,45,0,0
623,46,0,0
623,47,20,36
623,48,13,44
623,49,16,42
623,50,101,35
623,51,0,0
623,52,16,42
623,53,118,43
623,54,0,0
623,55,16,46
623,56,22,50
623,57,0,0
623,58,12,77
623,59,115,35
623,60,19,27
623,61,72,0
623,62,19,51
623,63,6,20
623,64,160,0
623,65,75,34
623,66,21,12
623,67,14,16
623,68,36,49
623,69,0,0
623,70,213,52
623,71,0,0
623,72,9,38
623,73,73,1
623,74,84,53
623,75,0,0
623,76,191,6
623,77,18,72
623,78,53,47
623,79,4,30
623,80,2,14
623,81,14,33
623,82,2,51
623,83,2,24
623,84,0,0
623,85,11,26
623,86,0,0
623,87,1,9
623,88,13,35
623,89,0,0
623,90,0,30
623,91,123,46
623,92,0,0
623,93,48,32
623,94,5,9
623,95,3,20
623,96,10,11
623,97,4,42
623,98,0,0
623,99,21,15
623,100,12,16
623,101,3,7
623,102,1,4
623,103,107,25
623,104,0,6
623,105,0,0
623,106,0,26
623,107,2,32
623,108,173,24
623,109,0,0
623,110,0,0
623,111,0,0
623,112,0,16
623,113,0,6
623,114,0,0
623,115,0,0
623,116,0,0
623,117,0,8
623,118,0,0
623,119,0,0
623,120,0,0
623,121,0,5
623,122,0,0
623,123,0,0
623,124,0,1
623,125,0,3
623,126,0,0
623,127,0,0
623,128,0,84
623,129,0,0
623,130,0,4
623,131,0,0
623,132,0,0
623,133,0,0
623,134,0,0
623,135,0,0
623,136,0,0
623,137,0,0
623,138,0,0
623,139,0,0
623,140,0,0
623,141,0,0
623,142,0,0
623,143,0,0
623,144,0,0
623,145,0,0
623,146,0,0
623,147,0,0
624,1,8,27
624,2,0,0
624,3,0,0
624,4,0,0
624,5,19,51
624,6,79,58
624,7,181,62
624,8,10,0
624,9,73,27
624,10,29,11
624,11,16,64
624,12,18,17
624,13,15,44
624,14,24,27
624,15,17,56
624,16,133,25
624,17,4,27
624,18,12,38
624,19,45,11
624,20,75,47
624,21,60,11
624,22,36,22
624,23,80,24
624,24,8,14
624,25,24,32
624,26,14,28
624,27,15,55
624,28,0,0
624,29,117,46
624,30,96,36
624,31,70,32
624,32,0,0
624,33,98,78
624,34,68,24
624,35,0,0
624,36,35,43
624,37,0,0
624,38,0,0
624,39,0,0
624,40,0,0
624,41,0,0
624,42,16,45
624,43,0,0
624,44,85,28
624,45,14,38
624,46,106,78
624,47,6,22
624,48,12,28
624,49,17,59
624,50,0,0
624,51,130,66
624,52,0,0
624,53,19,36
624,54,8,46
624,55,0,0
624,56,0,0
624,57,3,12
624,58,24,28
624,59,4,32
624,60,214,28
624,61,12,44
624,62,56,26
624,63,0,0
624,64,15,45
624,65,91,38
624,66,0,0
624,67,19,58
624,68,18,43
624,69,0,0
624,70,126,35
624,71,34,30
624,72,36,61
624,73,14,27
624,74,70,33
624,75,158,0
624,76,203,42
624,77,0,0
624,78,12,42
624,79,132,103
624,80,21,59
624,81,0,0
624,82,1,22
624,83,5,35
624,84,4,12
624,85,0,0
624,86,0,0
624,87,0,21
624,88,1,7
624,89,1,43
624,90,0,0
624,91,86,46
624,92,7,23
624,93,0,6
624,94,253,43
624,95,1,10
624,96,4,20
624,97,0,0
624,98,2,30
624,99,16,23
624,100,6,11
624,101,118,39
624,102,44,20
624,103,2,16
624,104,6,10
624,105,4,45
624,106,0,0
624,107,19,16
624,108,14,15
624,109,0,0
624,110,83,20
624,111,2,20
624,112,0,0
624,113,0,0
624,114,181,12
624,115,29,7
624,116,34,22
624,117,0,21
624,118,0,0
624,119,0,0
624,120,0,0
624,121,0,0
624,122,0,30
624,123,0,15
624,124,0,0
624,125,0,0
624,126,0,0
624,127,0,0
624,128,0,12
624,129,0,0
624,130,0,0
624,131,0,0
624,132,0,6
624,133,0,0
624,134,0,0
624,135,0,3
624,136,0,0
624,137,0,0
624,138,0,0
624,139,0,0
624,140,0,0
624,141,0,0
624,142,0,0
624,143,0,0
624,144,0,0
624,145,0,0
624,146,0,0
624,147,0,0
624,148,0,0
624,149,0,0
624,150,0,0
624,151,0,0
624,152,0,0
624,153,0,0
624,154,0,0
624,155,0,0
624,156,0,0
624,157,0,0
624,158,0,0
625,1,2,14
625,2,0,0
625,3,0,0
625,4,0,0
625,5,29,34
625,6,0,0
625,7,0,0
625,8,14,45
625,9,0,0
625,10,83,60
625,11,200,65
625,12,65,29
625,13,20,58
625,14,17,19
625,15,17,55
625,16,19,24
625,17,17,53
625,18,128,22
625,19,4,28
625,20,15,40
625,21,36,14
625,22,48,10
625,23,27,17
625,24,27,7
625,25,71,16
625,26,6,12
625,27,25,30
625,28,29,63
625,29,0,0
625,30,134,41
625,31,84,29
625,32,0,0
625,33,52,58
625,34,46,40
625,35,0,0
625,36,118,46
625,37,0,0
625,38,0,0
625,39,0,0
625,40,96,32
625,41,14,62
625,42,75,54
625,43,28,35
625,44,20,50
625,45,19,55
625,46,124,59
625,47,0,0
625,48,0,0
625,49,18,32
625,50,11,48
625,51,0,0
625,52,0,0
625,53,4,21
625,54,0,0
625,55,27,33
625,56,196,32
625,57,67,31
625,58,5,33
625,59,0,0
625,60,16,36
625,61,96,37
625,62,6,17
625,63,9,25
625,64,22,46
625,65,0,0
625,66,0,0
625,67,11,80
625,68,119,39
625,69,23,29
625,70,36,74
625,71,19,27
625,72,162,59
625,73,0,0
625,74,24,62
625,75,110,94
625,76,0,0
625,77,21,58
625,78,246,88
625,79,0,0
625,80,2,27
625,81,0,0
625,82,1,37
625,83,3,11
625,84,1,28
625,85,53,37
625,86,0,5
625,87,1,14
625,88,2,29
625,89,55,24
625,90,0,11
625,91,244,48
625,92,7,21
625,93,3,30
625,94,6,14
625,95,0,0
625,96,0,0
625,97,20,24
625,98,52,26
625,99,96,34
625,100,6,15
625,101,18,26
625,102,5,55
625,103,5,22
625,104,0,0
625,105,35,19
625,106,11,16
625,107,36,11
625,108,5,20
625,109,0,0
625,110,117,22
625,111,0,0
625,112,162,16
625,113,38,17
625,114,0,12
625,115,44,28
625,116,0,0
625,117,0,0
625,118,0,0
625,119,0,0
625,120,0,15
625,121,0,31
625,122,0,26
625,123,0,0
625,124,0,0
625,125,0,4
625,126,0,77
625,127,0,56
625,128,0,0
625,129,0,0
625,130,0,0
625,131,0,84
625,132,0,0
625,133,0,0
625,134,0,0
625,135,0,0
625,136,0,0
625,137,0,0
625,138,0,0
625,139,0,0
625,140,0,0
625,141,0,0
625,142,0,0
625,143,0,0
625,144,0,0
625,145,0,0
625,146,0,0
625,147,0,0
625,148,0,0
625,149,0,0
625,150,0,0
625,151,0,0
625,152,0,0
625,153,0,0
625,154,0,0
625,155,0,0
625,156,0,0
626,1,13,36
626,2,0,0
626,3,0,0
626,4,0,0
626,5,0,0
626,6,67,43
626,7,0,0
626,8,18,45
626,9,56,21
626,10,16,43
626,11,17,18
626,12,14,44
626,13,8,86
626,14,136,22
626,15,20,68
626,16,32,49
626,17,41,18
626,18,65,12
626,19,32,21
626,20,29,8
626,21,75,12
626,22,7,17
626,23,24,31
626,24,27,63
626,25,128,41
626,26,101,38
626,27,104,77
626,28,0,0
626,29,96,43
626,30,22,77
626,31,11,61
626,32,76,49
626,33,21,27
626,34,21,43
626,35,25,24
626,36,14,53
626,37,117,52
626,38,0,0
626,39,8,42
626,40,16,35
626,41,0,0
626,42,0,0
626,43,1,17
626,44,0,0
626,45,13,13
626,46,0,0
626,47,18,23
626,48,97,30
626,49,31,21
626,50,12,22
626,51,5,34
626,52,10,21
626,53,0,0
626,54,5,16
626,55,129,40
626,56,10,23
626,57,23,45
626,58,127,40
626,59,9,48
626,60,20,29
626,61,28,59
626,62,7,21
626,63,168,62
626,64,18,11
626,65,0,0
626,66,11,22
626,67,7,24
626,68,10,46
626,69,298,104
626,70,3,30
626,71,0,0
626,72,0,0
626,73,1,15
626,74,9,33
626,75,10,5
626,76,0,8
626,77,13,23
626,78,0,0
626,79,2,51
626,80,45,43
626,81,0,6
626,82,0,11
626,83,54,16
626,84,1,16
626,85,88,31
626,86,5,25
626,87,0,0
626,88,0,0
626,89,0,0
626,90,5,36
626,91,4,5
626,92,0,0
626,93,4,20
626,94,13,18
626,95,37,21
626,96,203,54
626,97,62,19
626,98,0,0
626,99,25,26
626,100,0,7
626,101,6,57
626,102,0,0
626,103,187,47
626,104,0,0
626,105,10,18
626,106,57,38
626,107,0,0
626,108,110,15
626,109,0,0
626,110,2,22
626,111,158,13
626,112,44,15
626,113,10,30
626,114,44,21
626,115,0,0
626,116,0,0
626,117,0,0
626,118,0,19
626,119,0,27
626,120,0,25
626,121,0,0
626,122,0,0
626,123,0,0
626,124,0,6
626,125,0,73
626,126,0,0
626,127,0,0
626,128,0,0
626,129,0,0
626,130,0,0
626,131,0,0
626,132,0,0
626,133,0,0
626,134,0,0
626,135,0,6
626,136,0,0
626,137,0,0
626,138,0,0
626,139,0,0
626,140,0,0
626,141,0,0
626,142,0,0
626,143,0,0
626,144,0,0
626,145,0,0
626,146,0,0
626,147,0,0
626,148,0,0
626,149,0,0
626,150,0,0
626,151,0,0
626,152,0,0
626,153,0,0
626,154,0,0
627,1,2,3
627,2,4,19
627,3,0,0
627,4,0,0
627,5,0,0
627,6,0,0
627,7,0,0
627,8,22,22
627,9,69,35
627,10,0,0
627,11,0,0
627,12,15,43
627,13,69,36
627,14,13,44
627,15,21,20
627,16,10,43
627,17,14,77
627,18,152,23
627,19,26,50
627,20,39,17
627,21,45,20
627,22,40,17
627,23,67,19
627,24,15,21
627,25,30,37
627,26,277,0
627,27,12,69
627,28,13,33
627,29,181,63
627,30,0,0
627,31,162,81
627,32,94,50
627,33,29,82
627,34,15,50
627,35,74,45
627,36,20,25
627,37,18,43
627,38,22,34
627,39,9,59
627,40,123,62
627,41,12,40
627,42,25,36
627,43,0,0
627,44,0,0
627,45,9,23
627,46,100,31
627,47,32,32
627,48,5,29
627,49,19,37
627,50,16,31
627,51,5,18
627,52,129,36
627,53,0,0
627,54,0,0
627,55,8,23
627,56,0,0
627,57,195,72
627,58,19,74
627,59,24,26
627,60,14,26
627,61,209,102
627,62,92,7
627,63,15,48
627,64,57,84
627,65,7,43
627,66,4,28
627,67,0,0
627,68,1,13
627,69,8,31
627,70,4,9
627,71,24,6
627,72,9,21
627,73,173,26
627,74,0,0
627,75,2,28
627,76,41,32
627,77,0,6
627,78,3,10
627,79,2,45
627,80,32,16
627,81,0,10
627,82,0,0
627,83,33,11
627,84,187,35
627,85,7,21
627,86,5,25
627,87,24,17
627,88,4,6
627,89,0,0
627,90,9,21
627,91,12,16
627,92,69,33
627,93,185,60
627,94,2,66
627,95,89,48
627,96,29,33
627,97,0,0
627,98,22,32
627,99,149,100
627,100,1,21
627,101,8,9
627,102,51,32
627,103,150,36
627,104,73,1
627,105,0,0
627,106,1,13
627,107,1,19
627,108,174,18
627,109,1,9
627,110,59,14
627,111,9,32
627,112,0,0
627,113,17,13
627,114,0,0
627,115,0,0
627,116,0,0
627,117,0,18
627,118,0,10
627,119,0,7
627,120,0,29
627,121,0,22
627,122,0,0
627,123,0,20
627,124,0,0
627,125,0,0
627,126,0,0
627,127,0,67
627,128,0,0
627,129,0,0
627,130,0,0
627,131,0,0
627,132,0,0
627,133,0,0
627,134,0,0
627,135,0,0
627,136,0,0
627,137,0,0
627,138,0,0
627,139,0,0
627,140,0,0
627,141,0,0
627,142,0,0
627,143,0,0
627,144,0,0
627,145,0,0
627,146,0,0
627,147,0,0
627,148,0,0
627,149,0,0
627,150,0,0
627,151,0,0
627,152,0,0
627,153,0,0
627,154,0,0
627,155,0,0
627,156,0,0
627,157,0,0
628,1,0,0
628,2,2,5
628,3,3,16
628,4,0,0
628,5,0,0
628,6,0,0
628,7,0,0
628,8,0,0
628,9,0,0
628,10,0,0
628,11,0,0
628,12,15,18
628,13,0,0
628,14,44,26
628,15,0,0
628,16,0,0
628,17,28,69
628,18,0,0
628,19,96,55
628,20,89,52
628,21,13,60
628,22,94,28
628,23,151,27
628,24,41,50
628,25,68,28
628,26,145,48
628,27,15,21
628,28,32,25
628,29,17,64
628,30,11,28
628,31,14,37
628,32,187,90
628,33,30,82
628,34,20,60
628,35,68,47
628,36,15,20
628,37,20,50
628,38,23,29
628,39,16,51
628,40,33,20
628,41,147,51
628,42,28,33
628,43,10,41
628,44,0,0
628,45,0,0
628,46,0,0
628,47,0,0
628,48,7,28
628,49,33,26
628,50,133,36
628,51,19,13
628,52,6,34
628,53,28,60
628,54,0,0
628,55,4,20
628,56,64,32
628,57,6,30
628,58,206,74
628,59,23,68
628,60,42,44
628,61,227,110
628,62,102,7
628,63,14,52
628,64,0,0
628,65,61,86
628,66,8,36
628,67,5,24
628,68,0,0
628,69,4,13
628,70,12,43
628,71,28,7
628,72,8,29
628,73,0,0
628,74,11,32
628,75,0,23
628,76,3,16
628,77,39,25
628,78,31,19
628,79,0,43
628,80,27,10
628,81,0,0
628,82,0,0
628,83,179,30
628,84,33,12
628,85,8,38
628,86,25,22
628,87,0,0
628,88,19,40
628,89,71,25
628,90,203,53
628,91,3,40
628,92,7,44
628,93,25,27
628,94,188,116
628,95,0,0
628,96,3,12
628,97,0,0
628,98,4,5
628,99,59,32
628,100,151,35
628,101,73,2
628,102,0,0
628,103,5,22
628,104,185,26
628,105,61,10
628,106,12,27
628,107,17,12
628,108,0,0
628,109,0,0
628,110,0,0
628,111,0,22
628,112,0,20
628,113,0,32
628,114,0,0
628,115,0,20
628,116,0,0
628,117,0,0
628,118,0,0
628,119,0,0
628,120,0,0
628,121,0,0
628,122,0,0
628,123,0,0
628,124,0,0
628,125,0,0
628,126,0,0
628,127,0,0
628,128,0,0
628,129,0,0
628,130,0,0
628,131,0,0
628,132,0,0
628,133,0,0
628,134,0,0
628,135,0,0
628,136,0,0
628,137,0,0
628,138,0,0
628,139,0,0
628,140,0,0
629,1,0,0
629,2,0,0
629,3,5,15
629,4,2,7
629,5,0,0
629,6,0,0
629,7,0,0
629,8,0,0
629,9,0,0
629,10,0,0
629,11,25,32
629,12,0,0
629,13,183,35
629,14,0,0
629,15,59,39
629,16,0,0
629,17,0,0
629,18,0,0
629,19,103,58
629,20,0,0
629,21,74,39
629,22,40,88
629,23,99,34
629,24,125,30
629,25,25,21
629,26,26,58
629,27,64,23
629,28,146,49
629,29,16,23
629,30,30,26
629,31,14,61
629,32,15,27
629,33,18,39
629,34,171,91
629,35,27,80
629,36,34,54
629,37,16,40
629,38,72,40
629,39,14,18
629,40,0,0
629,41,13,32
629,42,11,38
629,43,22,26
629,44,15,48
629,45,34,16
629,46,133,43
629,47,38,43
629,48,9,39
629,49,0,0
629,50,0,0
629,51,0,0
629,52,0,0
629,53,31,24
629,54,135,37
629,55,16,15
629,56,8,43
629,57,17,53
629,58,64,30
629,59,14,43
629,60,0,0
629,61,195,75
629,62,18,51
629,63,17,55
629,64,36,32
629,65,84,46
629,66,8,23
629,67,4,21
629,68,10,63
629,69,83,45
629,70,254,74
629,71,0,0
629,72,0,0
629,73,55,8
629,74,45,69
629,75,0,0
629,76,5,15
629,77,6,17
629,78,0,0
629,79,0,11
629,80,6,10
629,81,25,6
629,82,8,23
629,83,0,0
629,84,9,31
629,85,5,27
629,86,34,28
629,87,34,20
629,88,0,0
629,89,190,36
629,90,14,21
629,91,39,14
629,92,5,49
629,93,41,33
629,94,15,10
629,95,11,21
629,96,0,0
629,97,1,4
629,98,12,24
629,99,232,51
629,100,4,62
629,101,27,33
629,102,165,109
629,103,0,0
629,104,37,15
629,105,38,14
629,106,132,32
629,107,7,35
629,108,10,23
629,109,100,5
629,110,30,7
629,111,59,6
629,112,4,24
629,113,45,14
629,114,14,30
629,115,14,16
629,116,0,0
629,117,0,0
629,118,0,0
629,119,0,0
629,120,0,0
629,121,0,0
629,122,0,23
629,123,0,0
629,124,0,5
629,125,0,0
629,126,0,18
629,127,0,0
629,128,0,0
629,129,0,0
629,130,0,4
629,131,0,0
629,132,0,0
629,133,0,0
629,134,0,0
629,135,0,0
629,136,0,0
629,137,0,0
629,138,0,0
629,139,0,0
629,140,0,0
629,141,0,0
629,142,0,0
629,143,0,0
629,144,0,0
629,145,0,0
629,146,0,0
629,147,0,0
629,148,0,0
629,149,0,0
629,150,0,0
630,1,0,0
630,2,0,0
630,3,0,0
630,4,0,0
630,5,0,0
630,6,0,0
630,7,31,32
630,8,45,20
630,9,0,0
630,10,0,0
630,11,0,0
630,12,0,0
630,13,88,41
630,14,42,93
630,15,157,37
630,16,38,49
630,17,35,31
630,18,187,62
630,19,18,19
630,20,24,62
630,21,42,90
630,22,23,38
630,23,0,0
630,24,150,84
630,25,0,0
630,26,32,76
630,27,25,77
630,28,156,82
630,29,15,41
630,30,49,30
630,31,18,18
630,32,14,35
630,33,13,40
630,34,21,29
630,35,20,61
630,36,106,42
630,37,16,49
630,38,0,0
630,39,0,0
630,40,29,23
630,41,182,44
630,42,28,10
630,43,26,28
630,44,9,46
630,45,89,50
630,46,14,35
630,47,0,0
630,48,9,51
630,49,22,49
630,50,51,25
630,51,16,50
630,52,38,27
630,53,153,0
630,54,5,40
630,55,0,0
630,56,5,20
630,57,1,9
630,58,65,38
630,59,15,65
630,60,273,80
630,61,53,7
630,62,0,0
630,63,28,21
630,64,32,54
630,65,0,0
630,66,2,6
630,67,90,34
630,68,2,12
630,69,4,20
630,70,0,0
630,71,0,0
630,72,23,1
630,73,1,8
630,74,3,9
630,75,0,0
630,76,6,8
630,77,17,5
630,78,7,23
630,79,8,28
630,80,31,28
630,81,20,14
630,82,149,37
630,83,0,0
630,84,146,23
630,85,9,10
630,86,49,15
630,87,54,30
630,88,6,52
630,89,8,14
630,90,9,25
630,91,11,23
630,92,0,0
630,93,1,4
630,94,17,26
630,95,2,65
630,96,36,31
630,97,165,107
630,98,28,16
630,99,45,12
630,100,131,22
630,101,15,1
630,102,5,38
630,103,7,18
630,104,50,3
630,105,21,7
630,106,0,1
630,107,1,14
630,108,37,6
630,109,185,28
630,110,2,12
630,111,1,5
630,112,31,19
630,113,0,0
630,114,16,35
630,115,0,15
630,116,0,0
630,117,48,54
630,118,0,0
630,119,0,0
630,120,0,0
630,121,0,0
630,122,0,0
630,123,0,0
630,124,0,110
630,125,0,28
630,126,0,0
630,127,0,11
630,128,0,0
630,129,0,0
630,130,0,9
630,131,0,0
630,132,0,0
630,133,0,0
630,134,0,0
630,135,0,0
630,136,0,0
630,137,0,0
630,138,0,87
630,139,0,0
630,140,0,0
630,141,0,0
630,142,0,0
630,143,0,0
630,144,0,0
630,145,0,0
630,146,0,0
630,147,0,0
630,148,0,0
630,149,0,0
630,150,0,0
630,151,0,0
630,152,0,0
630,153,0,0
630,154,0,0
631,1,0,0
631,2,29,42
631,3,97,51
631,4,32,37
631,5,44,12
631,6,0,0
631,7,0,0
631,8,0,0
631,9,79,31
631,10,92,47
631,11,148,36
631,12,39,43
631,13,25,72
631,14,42,25
631,15,124,46
631,16,23,23
631,17,18,53
631,18,57,81
631,19,134,37
631,20,27,38
631,21,12,56
631,22,125,75
631,23,0,0
631,24,16,47
631,25,39,58
631,26,16,54
631,27,11,30
631,28,9,49
631,29,150,76
631,30,17,42
631,31,39,31
631,32,17,16
631,33,29,67
631,34,36,41
631,35,168,54
631,36,22,66
631,37,0,0
631,38,16,50
631,39,6,45
631,40,35,23
631,41,184,51
631,42,22,12
631,43,18,9
631,44,13,23
631,45,78,32
631,46,30,41
631,47,14,40
631,48,16,53
631,49,23,56
631,50,58,8
631,51,20,46
631,52,0,0
631,53,5,23
631,54,3,24
631,55,68,47
631,56,98,33
631,57,75,10
631,58,220,51
631,59,35,26
631,60,42,46
631,61,0,0
631,62,89,38
631,63,4,13
631,64,4,27
631,65,0,0
631,66,2,9
631,67,4,9
631,68,2,6
631,69,8,28
631,70,0,0
631,71,13,31
631,72,47,38
631,73,145,41
631,74,5,13
631,75,0,0
631,76,119,16
631,77,5,3
631,78,6,55
631,79,56,33
631,80,11,14
631,81,2,26
631,82,158,37
631,83,18,37
631,84,3,67
631,85,34,34
631,86,25,13
631,87,51,13
631,88,138,21
631,89,18,4
631,90,0,6
631,91,4,37
631,92,83,6
631,93,8,13
631,94,21,7
631,95,0,0
631,96,0,0
631,97,1,11
631,98,1,10
631,99,1,5
631,100,53,9
631,101,0,3
631,102,225,81
631,103,1,1
631,104,55,20
631,105,5,26
631,106,5,4
631,107,0,10
631,108,10,11
631,109,0,11
631,110,0,0
631,111,0,0
631,112,0,0
631,113,0,0
631,114,0,0
631,115,0,0
631,116,0,24
631,117,0,0
631,118,0,0
631,119,0,26
631,120,0,0
631,121,0,0
631,122,0,0
631,123,0,6
631,124,0,10
631,125,0,0
631,126,0,0
631,127,0,0
631,128,0,0
631,129,0,0
631,130,0,0
631,131,0,0
631,132,0,0
631,133,0,0
631,134,0,0
631,135,0,0
631,136,0,0
631,137,0,0
631,138,0,0
631,139,0,0
631,140,0,0
631,141,0,0
631,142,0,0
632,1,0,0
632,2,0,0
632,3,37,40
632,4,100,47
632,5,0,0
632,6,29,35
632,7,47,15
632,8,0,0
632,9,0,0
632,10,0,0
632,11,95,35
632,12,0,0
632,13,97,57
632,14,33,106
632,15,67,27
632,16,44,39
632,17,157,41
632,18,26,71
632,19,68,39
632,20,39,21
632,21,27,27
632,22,17,64
632,23,45,84
632,24,243,78
632,25,29,49
632,26,13,47
632,27,21,52
632,28,26,73
632,29,12,23
632,30,9,53
632,31,83,54
632,32,20,43
632,33,27,17
632,34,14,15
632,35,24,48
632,36,38,30
632,37,181,64
632,38,24,68
632,39,13,44
632,40,15,45
632,41,4,37
632,42,180,48
632,43,42,30
632,44,21,20
632,45,40,54
632,46,90,40
632,47,32,29
632,48,11,32
632,49,23,36
632,50,17,51
632,51,11,41
632,52,8,24
632,53,21,52
632,54,58,11
632,55,21,42
632,56,0,0
632,57,0,0
632,58,12,28
632,59,3,31
632,60,64,33
632,61,271,76
632,62,89,13
632,63,56,45
632,64,0,0
632,65,96,45
632,66,6,23
632,67,0,0
632,68,0,0
632,69,8,41
632,70,2,10
632,71,3,7
632,72,4,6
632,73,12,25
632,74,0,0
632,75,0,0
632,76,5,31
632,77,3,21
632,78,1,36
632,79,40,42
632,80,168,47
632,81,0,0
632,82,126,21
632,83,15,8
632,84,4,32
632,85,6,28
632,86,159,53
632,87,25,42
632,88,7,68
632,89,0,0
632,90,35,38
632,91,4,9
632,92,30,13
632,93,48,13
632,94,0,0
632,95,144,35
632,96,20,3
632,97,3,30
632,98,0,0
632,99,81,5
632,100,1,12
632,101,12,13
632,102,0,5
632,103,24,5
632,104,0,0
632,105,4,20
632,106,1,11
632,107,0,0
632,108,0,9
632,109,2,6
632,110,60,13
632,111,1,8
632,112,55,19
632,113,0,0
632,114,8,9
632,115,1,17
632,116,11,11
632,117,0,0
632,118,1,21
632,119,0,0
632,120,0,0
632,121,0,0
632,122,0,0
632,123,0,0
632,124,0,16
632,125,0,21
632,126,0,0
632,127,0,0
632,128,0,7
632,129,0,0
632,130,0,0
632,131,0,0
632,132,0,0
632,133,0,0
632,134,0,0
632,135,0,0
632,136,0,0
632,137,0,0
632,138,0,0
632,139,0,0
632,140,0,0
632,141,0,0
632,142,0,0
632,143,0,0
632,144,0,0
632,145,0,0
632,146,0,0
632,147,0,0
633,1,2,9
633,2,0,0
633,3,98,50
633,4,31,36
633,5,52,16
633,6,0,0
633,7,0,0
633,8,0,0
633,9,106,41
633,10,104,48
633,11,0,0
633,12,36,89
633,13,63,35
633,14,49,41
633,15,52,58
633,16,25,63
633,17,86,47
633,18,50,41
633,19,212,71
633,20,44,27
633,21,16,75
633,22,48,24
633,23,12,51
633,24,203,80
633,25,27,39
633,26,61,19
633,27,23,69
633,28,361,36
633,29,176,89
633,30,59,60
633,31,22,48
633,32,82,68
633,33,0,0
633,34,8,51
633,35,102,26
633,36,19,52
633,37,6,36
633,38,171,47
633,39,0,0
633,40,0,0
633,41,47,29
633,42,37,40
633,43,87,49
633,44,10,37
633,45,19,47
633,46,8,36
633,47,1,18
633,48,11,32
633,49,27,47
633,50,61,9
633,51,26,45
633,52,0,0
633,53,17,40
633,54,62,43
633,55,232,80
633,56,100,8
633,57,37,42
633,58,0,0
633,59,99,25
633,60,52,26
633,61,8,36
633,62,0,0
633,63,10,43
633,64,1,6
633,65,0,0
633,66,1,10
633,67,3,4
633,68,9,23
633,69,0,0
633,70,7,29
633,71,5,24
633,72,4,39
633,73,46,42
633,74,162,43
633,75,122,25
633,76,0,1
633,77,3,33
633,78,22,9
633,79,163,49
633,80,21,40
633,81,5,84
633,82,42,41
633,83,0,0
633,84,3,9
633,85,30,17
633,86,46,12
633,87,0,0
633,88,154,33
633,89,20,4
633,90,0,0
633,91,77,8
633,92,11,25
633,93,22,7
633,94,5,24
633,95,0,0
633,96,0,14
633,97,0,0
633,98,0,10
633,99,1,6
633,100,1,6
633,101,0,0
633,102,58,8
633,103,1,8
633,104,59,19
633,105,0,0
633,106,10,23
633,107,8,7
633,108,0,10
633,109,0,0
633,110,0,0
633,111,0,0
633,112,0,0
633,113,0,0
633,114,0,0
633,115,0,20
633,116,0,31
633,117,0,1
633,118,0,0
633,119,0,0
633,120,0,0
633,121,0,0
633,122,0,0
633,123,0,0
633,124,0,5
633,125,0,0
633,126,0,0
633,127,0,126
633,128,0,0
633,129,0,0
633,130,0,0
633,131,0,0
633,132,0,0
633,133,0,0
633,134,0,0
633,135,0,0
633,136,0,0
633,137,0,0
633,138,0,0
633,139,0,0
633,140,0,0
633,141,0,0
633,142,0,0
633,143,0,0
633,144,0,0
634,1,0,0
634,2,21,27
634,3,0,0
634,4,0,0
634,5,0,0
634,6,66,15
634,7,25,28
634,8,0,0
634,9,0,0
634,10,0,0
634,11,0,0
634,12,106,33
634,13,0,0
634,14,30,71
634,15,0,0
634,16,29,86
634,17,69,36
634,18,51,40
634,19,55,66
634,20,15,50
634,21,72,46
634,22,18,63
634,23,54,40
634,24,25,43
634,25,30,54
634,26,205,80
634,27,46,27
634,28,31,82
634,29,57,21
634,30,204,74
634,31,54,110
634,32,26,38
634,33,59,20
634,34,334,36
634,35,186,88
634,36,28,59
634,37,0,0
634,38,9,54
634,39,190,66
634,40,98,19
634,41,190,61
634,42,0,0
634,43,114,58
634,44,8,34
634,45,7,33
634,46,11,28
634,47,0,0
634,48,26,62
634,49,88,21
634,50,11,43
634,51,82,40
634,52,64,48
634,53,172,56
634,54,26,57
634,55,0,0
634,56,110,22
634,57,60,37
634,58,9,31
634,59,0,0
634,60,0,0
634,61,6,33
634,62,2,6
634,63,0,0
634,64,7,29
634,65,3,9
634,66,10,29
634,67,0,0
634,68,4,21
634,69,4,28
634,70,3,17
634,71,7,21
634,72,49,45
634,73,205,56
634,74,152,62
634,75,7,36
634,76,209,58
634,77,20,39
634,78,5,61
634,79,43,26
634,80,0,0
634,81,18,31
634,82,4,42
634,83,6,8
634,84,26,16
634,85,0,0
634,86,44,15
634,87,148,29
634,88,14,5
634,89,0,0
634,90,73,8
634,91,11,19
634,92,0,0
634,93,18,11
634,94,0,0
634,95,0,9
634,96,0,0
634,97,2,22
634,98,2,21
634,99,64,7
634,100,43,20
634,101,14,20
634,102,9,4
634,103,0,12
634,104,0,0
634,105,0,0
634,106,0,0
634,107,0,0
634,108,0,0
634,109,0,20
634,110,0,0
634,111,0,8
634,112,0,31
634,113,0,0
634,114,0,0
634,115,0,0
634,116,0,0
634,117,0,5
634,118,0,9
634,119,0,0
634,120,0,0
634,121,0,0
634,122,0,0
634,123,0,0
634,124,0,0
634,125,0,0
634,126,0,0
634,127,0,0
634,128,0,0
634,129,0,0
634,130,0,0
634,131,0,0
634,132,0,0
634,133,0,0
634,134,0,0
634,135,0,0
635,1,0,0
635,2,0,0
635,3,0,0
635,4,0,0
635,5,21,28
635,6,0,0
635,7,0,0
635,8,60,57
635,9,68,19
635,10,27,22
635,11,0,0
635,12,98,33
635,13,0,0
635,14,23,61
635,15,14,38
635,16,18,70
635,17,0,0
635,18,173,36
635,19,61,58
635,20,48,65
635,21,27,73
635,22,71,47
635,23,163,43
635,24,55,39
635,25,32,36
635,26,29,50
635,27,96,34
635,28,101,50
635,29,44,20
635,30,33,92
635,31,56,23
635,32,29,68
635,33,32,32
635,34,88,82
635,35,64,21
635,36,24,64
635,37,24,58
635,38,187,55
635,39,0,0
635,40,92,16
635,41,249,67
635,42,0,0
635,43,0,0
635,44,38,51
635,45,0,0
635,46,18,49
635,47,11,48
635,48,30,80
635,49,77,37
635,50,80,44
635,51,164,60
635,52,38,53
635,53,108,21
635,54,61,39
635,55,18,55
635,56,0,0
635,57,7,31
635,58,7,15
635,59,0,0
635,60,3,10
635,61,3,8
635,62,4,23
635,63,0,0
635,64,3,30
635,65,7,31
635,66,4,24
635,67,53,41
635,68,226,52
635,69,9,39
635,70,148,40
635,71,13,21
635,72,113,23
635,73,6,80
635,74,112,28
635,75,8,6
635,76,55,50
635,77,0,0
635,78,0,0
635,79,5,11
635,80,0,0
635,81,45,17
635,82,147,26
635,83,35,13
635,84,58,8
635,85,15,22
635,86,0,0
635,87,19,11
635,88,2,14
635,89,0,0
635,90,1,16
635,91,35,8
635,92,0,0
635,93,18,1
635,94,101,23
635,95,10,13
635,96,7,2
635,97,2,11
635,98,3,10
635,99,0,0
635,100,0,0
635,101,0,0
635,102,0,29
635,103,0,0
635,104,0,20
635,105,0,0
635,106,0,0
635,107,0,0
635,108,0,0
635,109,0,0
635,110,0,0
635,111,0,0
635,112,0,14
635,113,0,4
635,114,0,0
635,115,0,0
635,116,0,28
635,117,0,0
635,118,0,0
635,119,0,0
635,120,0,0
635,121,0,0
635,122,0,0
635,123,0,0
635,124,0,0
635,125,0,0
635,126,0,4
635,127,0,0
635,128,0,0
635,129,0,0
635,130,0,0
635,131,0,0
635,132,0,0
635,133,0,0
635,134,0,0
635,135,0,0
635,136,0,0
635,137,0,0
636,1,0,0
636,2,0,0
636,3,24,26
636,4,0,0
636,5,0,0
636,6,0,0
636,7,65,64
636,8,139,3
636,9,95,36
636,10,169,48
636,11,11,0
636,12,0,0
636,13,94,35
636,14,28,63
636,15,0,0
636,16,11,38
636,17,18,68
636,18,0,0
636,19,176,38
636,20,110,87
636,21,38,48
636,22,51,71
636,23,20,10
636,24,19,18
636,25,24,73
636,26,43,34
636,27,165,44
636,28,64,40
636,29,58,68
636,30,91,34
636,31,110,43
636,32,55,27
636,33,30,94
636,34,49,27
636,35,21,46
636,36,98,73
636,37,28,26
636,38,49,12
636,39,44,78
636,40,29,41
636,41,0,0
636,42,19,41
636,43,19,61
636,44,169,47
636,45,89,19
636,46,94,47
636,47,253,58
636,48,0,0
636,49,326,87
636,50,0,0
636,51,15,67
636,52,34,87
636,53,126,65
636,54,15,63
636,55,164,65
636,56,37,50
636,57,156,50
636,58,0,0
636,59,0,0
636,60,5,15
636,61,14,42
636,62,0,0
636,63,2,10
636,64,3,8
636,65,4,30
636,66,170,47
636,67,3,31
636,68,9,38
636,69,3,23
636,70,60,42
636,71,223,51
636,72,11,39
636,73,145,34
636,74,10,8
636,75,1,5
636,76,3,26
636,77,104,26
636,78,4,47
636,79,110,35
636,80,12,7
636,81,41,49
636,82,7,42
636,83,7,11
636,84,0,0
636,85,68,21
636,86,168,34
636,87,0,0
636,88,62,10
636,89,29,18
636,90,0,7
636,91,0,0
636,92,0,15
636,93,4,16
636,94,30,7
636,95,0,0
636,96,0,0
636,97,17,4
636,98,103,21
636,99,7,6
636,100,7,1
636,101,3,10
636,102,3,6
636,103,0,0
636,104,0,0
636,105,0,21
636,106,0,17
636,107,0,25
636,108,0,0
636,109,0,0
636,110,0,0
636,111,0,0
636,112,0,0
636,113,0,0
636,114,0,0
636,115,0,27
636,116,0,0
636,117,0,0
636,118,0,15
636,119,0,19
636,120,0,7
636,121,0,11
636,122,0,0
636,123,0,0
636,124,0,0
636,125,0,0
636,126,0,0
636,127,0,0
636,128,0,124
636,129,0,0
636,130,0,0
636,131,0,0
636,132,0,0
636,133,0,3
636,134,0,0
636,135,0,0
636,136,0,0
636,137,0,0
636,138,0,0
636,139,0,0
636,140,0,0
636,141,0,0
636,142,0,0
636,143,0,0
636,144,0,0
636,145,0,0
636,146,0,0
636,147,0,0
636,148,0,0
636,149,0,0
637,1,0,0
637,2,0,0
637,3,0,0
637,4,43,30
637,5,0,0
637,6,0,0
637,7,0,0
637,8,16,27
637,9,59,51
637,10,27,22
637,11,0,0
637,12,114,47
637,13,34,63
637,14,0,0
637,15,80,41
637,16,0,0
637,17,0,0
637,18,9,33
637,19,76,35
637,20,11,39
637,21,194,42
637,22,24,47
637,23,33,38
637,24,72,75
637,25,26,11
637,26,14,16
637,27,40,27
637,28,145,34
637,29,111,33
637,30,77,55
637,31,46,74
637,32,98,39
637,33,103,46
637,34,39,92
637,35,25,53
637,36,89,76
637,37,38,31
637,38,63,20
637,39,12,8
637,40,41,73
637,41,29,43
637,42,0,0
637,43,4,21
637,44,14,51
637,45,21,41
637,46,0,0
637,47,210,58
637,48,96,54
637,49,0,0
637,50,0,0
637,51,0,0
637,52,0,0
637,53,0,0
637,54,0,0
637,55,0,0
637,56,0,0
637,57,0,0
637,58,175,94
637,59,12,64
637,60,51,60
637,61,32,75
637,62,74,82
637,63,108,47
637,64,18,36
637,65,9,29
637,66,0,0
637,67,161,61
637,68,29,45
637,69,118,34
637,70,4,19
637,71,0,0
637,72,5,28
637,73,6,25
637,74,141,39
637,75,0,0
637,76,4,33
637,77,1,16
637,78,28,34
637,79,1,17
637,80,225,49
637,81,10,39
637,82,4,42
637,83,8,7
637,84,0,2
637,85,2,18
637,86,2,5
637,87,144,31
637,88,7,11
637,89,39,47
637,90,95,21
637,91,7,56
637,92,5,12
637,93,0,0
637,94,247,47
637,95,0,0
637,96,2,7
637,97,2,20
637,98,4,12
637,99,83,23
637,100,0,0
637,101,0,0
637,102,113,22
637,103,5,7
637,104,7,3
637,105,0,0
637,106,0,0
637,107,7,12
637,108,5,3
637,109,0,2
637,110,0,0
637,111,0,18
637,112,0,0
637,113,0,25
637,114,0,0
637,115,0,0
637,116,0,0
637,117,0,0
637,118,0,0
637,119,0,0
637,120,0,0
637,121,0,16
637,122,0,0
637,123,0,14
637,124,0,0
637,125,0,0
637,126,0,0
637,127,0,0
637,128,0,0
637,129,0,0
637,130,0,0
637,131,0,0
637,132,0,0
637,133,0,0
637,134,0,0
637,135,0,0
637,136,0,0
637,137,0,4
637,138,0,0
637,139,0,0
637,140,0,0
637,141,0,0
637,142,0,0
637,143,0,0
637,144,0,0
637,145,0,0
637,146,0,0
637,147,0,0
637,148,0,0
637,149,0,0
637,150,0,0
637,151,0,0
637,152,0,0
637,153,0,0
637,154,0,0
637,155,0,0
637,156,0,0
638,1,0,0
638,2,27,21
638,3,0,0
638,4,0,0
638,5,11,15
638,6,19,27
638,7,56,43
638,8,99,26
638,9,118,54
638,10,0,0
638,11,108,42
638,12,37,67
638,13,0,0
638,14,0,0
638,15,58,28
638,16,80,41
638,17,11,38
638,18,30,38
638,19,28,43
638,20,35,36
638,21,48,61
638,22,34,6
638,23,9,14
638,24,67,36
638,25,40,22
638,26,151,32
638,27,78,21
638,28,35,26
638,29,35,68
638,30,102,38
638,31,97,44
638,32,51,76
638,33,77,25
638,34,18,16
638,35,26,76
638,36,194,82
638,37,26,22
638,38,11,29
638,39,14,38
638,40,20,54
638,41,79,73
638,42,0,0
638,43,201,58
638,44,84,52
638,45,23,52
638,46,0,0
638,47,0,0
638,48,0,0
638,49,184,85
638,50,0,0
638,51,38,87
638,52,55,57
638,53,0,0
638,54,74,72
638,55,105,47
638,56,17,30
638,57,7,42
638,58,151,65
638,59,20,35
638,60,6,18
638,61,124,39
638,62,21,21
638,63,5,22
638,64,7,35
638,65,51,20
638,66,147,39
638,67,4,35
638,68,7,36
638,69,0,0
638,70,1,20
638,71,219,57
638,72,9,43
638,73,20,5
638,74,3,28
638,75,1,8
638,76,154,36
638,77,6,6
638,78,15,28
638,79,4,14
638,80,86,24
638,81,8,14
638,82,4,10
638,83,81,26
638,84,5,43
638,85,7,24
638,86,4,12
638,87,0,0
638,88,0,0
638,89,0,19
638,90,2,5
638,91,2,15
638,92,8,17
638,93,0,0
638,94,0,0
638,95,0,0
638,96,50,20
638,97,11,4
638,98,12,5
638,99,0,0
638,100,0,23
638,101,0,0
638,102,0,0
638,103,0,0
638,104,0,15
638,105,0,0
638,106,0,0
638,107,0,0
638,108,0,0
638,109,0,0
638,110,0,7
638,111,0,0
638,112,0,0
638,113,0,32
638,114,0,0
638,115,0,0
638,116,0,26
638,117,0,0
638,118,0,0
638,119,0,0
638,120,0,0
638,121,0,0
638,122,0,0
638,123,0,0
638,124,0,0
638,125,0,0
638,126,0,0
638,127,0,0
638,128,0,0
638,129,0,0
638,130,0,0
638,131,0,0
638,132,0,0
638,133,0,0
638,134,0,0
638,135,0,0
638,136,0,0
638,137,0,0
638,138,0,0
638,139,0,0
638,140,0,0
638,141,0,0
638,142,0,0
638,143,0,0
638,144,0,0
638,145,0,0
638,146,0,0
638,147,0,0
638,148,0,0
638,149,0,0
638,150,0,0
639,1,0,0
639,2,0,0
639,3,8,14
639,4,13,19
639,5,0,0
639,6,28,26
639,7,21,22
639,8,0,0
639,9,37,32
639,10,125,49
639,11,0,0
639,12,125,58
639,13,0,0
639,14,27,53
639,15,0,0
639,16,118,47
639,17,48,59
639,18,12,37
639,19,27,46
639,20,40,35
639,21,26,7
639,22,13,16
639,23,51,6
639,24,18,13
639,25,23,80
639,26,131,28
639,27,47,36
639,28,99,42
639,29,104,46
639,30,48,100
639,31,213,88
639,32,43,37
639,33,13,25
639,34,7,46
639,35,5,4
639,36,20,43
639,37,85,78
639,38,0,0
639,39,197,53
639,40,87,48
639,41,12,41
639,42,0,0
639,43,12,34
639,44,28,65
639,45,165,78
639,46,43,86
639,47,0,0
639,48,56,47
639,49,47,44
639,50,0,0
639,51,0,0
639,52,67,54
639,53,13,33
639,54,0,0
639,55,98,45
639,56,13,22
639,57,14,47
639,58,155,66
639,59,21,22
639,60,5,22
639,61,115,41
639,62,24,17
639,63,6,26
639,64,53,22
639,65,155,42
639,66,4,13
639,67,47,1
639,68,2,16
639,69,1,28
639,70,8,32
639,71,0,0
639,72,1,9
639,73,3,19
639,74,1,20
639,75,233,44
639,76,6,28
639,77,2,31
639,78,1,17
639,79,8,11
639,80,6,11
639,81,148,33
639,82,6,23
639,83,2,22
639,84,83,24
639,85,6,4
639,86,9,16
639,87,69,23
639,88,8,37
639,89,6,14
639,90,9,14
639,91,11,8
639,92,2,7
639,93,0,0
639,94,3,13
639,95,7,17
639,96,17,5
639,97,43,22
639,98,0,24
639,99,0,23
639,100,0,0
639,101,0,0
639,102,0,0
639,103,0,0
639,104,0,0
639,105,0,13
639,106,0,0
639,107,0,0
639,108,0,0
639,109,0,0
639,110,0,0
639,111,0,23
639,112,0,0
639,113,0,0
639,114,0,1
639,115,0,0
639,116,0,0
639,117,0,0
639,118,0,0
639,119,0,0
639,120,0,8
639,121,0,0
639,122,0,0
639,123,0,0
639,124,0,0
639,125,0,0
639,126,0,0
639,127,0,0
639,128,0,0
639,129,0,0
639,130,0,0
639,131,0,0
639,132,0,0
639,133,0,0
639,134,0,0
639,135,0,0
639,136,0,0
639,137,0,0
639,138,0,0
639,139,0,0
639,140,0,0
639,141,0,0
639,142,0,0
639,143,0,0
639,144,0,0
639,145,0,0
639,146,0,0
640,1,16,24
640,2,6,12
640,3,27,27
640,4,0,0
640,5,0,0
640,6,19,16
640,7,0,0
640,8,46,40
640,9,0,0
640,10,0,0
640,11,0,0
640,12,0,0
640,13,0,0
640,14,0,0
640,15,34,55
640,16,0,0
640,17,0,0
640,18,0,0
640,19,44,83
640,20,157,29
640,21,45,33
640,22,50,11
640,23,26,78
640,24,122,32
640,25,50,30
640,26,93,31
640,27,51,45
640,28,176,65
640,29,0,0
640,30,32,57
640,31,221,94
640,32,38,70
640,33,44,58
640,34,8,45
640,35,2,10
640,36,24,49
640,37,0,0
640,38,0,0
640,39,142,42
640,40,0,0
640,41,52,21
640,42,0,0
640,43,56,47
640,44,157,41
640,45,8,54
640,46,9,28
640,47,55,42
640,48,23,73
640,49,154,76
640,50,41,81
640,51,46,37
640,52,54,36
640,53,0,0
640,54,0,0
640,55,37,20
640,56,0,0
640,57,54,44
640,58,0,0
640,59,17,25
640,60,0,0
640,61,114,46
640,62,14,21
640,63,12,51
640,64,190,76
640,65,26,14
640,66,5,16
640,67,12,23
640,68,16,7
640,69,9,19
640,70,36,68
640,71,91,28
640,72,151,35
640,73,0,0
640,74,45,2
640,75,2,29
640,76,0,34
640,77,10,29
640,78,0,0
640,79,0,10
640,80,2,38
640,81,248,61
640,82,9,48
640,83,8,25
640,84,10,1
640,85,13,25
640,86,3,11
640,87,17,22
640,88,106,39
640,89,5,48
640,90,5,15
640,91,25,16
640,92,3,11
640,93,1,8
640,94,246,30
640,95,4,18
640,96,0,2
640,97,2,5
640,98,0,12
640,99,13,9
640,100,19,19
640,101,0,7
640,102,0,0
640,103,1,17
640,104,0,0
640,105,0,14
640,106,0,0
640,107,0,0
640,108,0,0
640,109,0,0
640,110,0,0
640,111,0,0
640,112,0,0
640,113,0,0
640,114,0,0
640,115,0,0
640,116,0,0
640,117,0,38
640,118,0,0
640,119,0,0
640,120,0,0
640,121,0,0
640,122,0,0
640,123,0,100
640,124,0,0
640,125,0,0
640,126,0,0
640,127,0,0
640,128,0,0
640,129,0,0
640,130,0,0
640,131,0,0
640,132,0,0
640,133,0,0
640,134,0,0
640,135,0,0
640,136,0,0
640,137,0,0
640,138,0,0
640,139,0,0
640,140,0,0
640,141,0,0
640,142,0,0
641,1,0,0
641,2,0,0
641,3,16,33
641,4,103,50
641,5,23,25
641,6,64,64
641,7,0,0
641,8,0,0
641,9,0,0
641,10,0,0
641,11,0,0
641,12,0,0
641,13,0,0
641,14,0,0
641,15,0,0
641,16,0,0
641,17,46,88
641,18,133,22
641,19,66,73
641,20,120,32
641,21,43,21
641,22,70,23
641,23,34,48
641,24,81,41
641,25,187,72
641,26,35,64
641,27,179,0
641,28,39,58
641,29,20,23
641,30,20,0
641,31,207,96
641,32,49,0
641,33,28,53
641,34,49,55
641,35,13,54
641,36,0,0
641,37,11,32
641,38,20,42
641,39,0,0
641,40,130,71
641,41,68,92
641,42,30,16
641,43,0,0
641,44,33,34
641,45,17,61
641,46,24,68
641,47,164,73
641,48,26,56
641,49,47,36
641,50,57,43
641,51,0,0
641,52,0,0
641,53,32,18
641,54,21,55
641,55,0,0
641,56,51,40
641,57,20,28
641,58,226,92
641,59,19,39
641,60,16,18
641,61,4,16
641,62,13,43
641,63,0,0
641,64,18,7
641,65,3,16
641,66,39,80
641,67,14,13
641,68,189,49
641,69,3,38
641,70,1,31
641,71,0,0
641,72,4,22
641,73,233,48
641,74,3,38
641,75,4,32
641,76,8,21
641,77,14,9
641,78,4,0
641,79,143,40
641,80,14,19
641,81,2,6
641,82,13,25
641,83,6,13
641,84,39,19
641,85,8,45
641,86,4,16
641,87,0,0
641,88,123,32
641,89,58,12
641,90,11,8
641,91,116,12
641,92,3,21
641,93,177,21
641,94,0,1
641,95,0,8
641,96,85,124
641,97,0,0
641,98,0,6
641,99,0,15
641,100,14,4
641,101,23,19
641,102,0,6
641,103,0,0
641,104,2,21
641,105,0,0
641,106,0,14
641,107,0,0
641,108,0,0
641,109,0,15
641,110,0,0
641,111,0,0
641,112,0,10
641,113,0,0
641,114,0,0
641,115,0,18
641,116,0,0
641,117,0,12
641,118,0,4
641,119,0,0
641,120,0,34
641,121,0,0
641,122,0,0
641,123,0,0
641,124,0,0
641,125,0,0
641,126,0,0
641,127,0,0
641,128,0,0
641,129,0,0
641,130,0,0
641,131,0,0
641,132,0,0
641,133,0,0
641,134,0,0
641,135,0,0
641,136,0,0
641,137,0,0
641,138,0,0
641,139,0,0
641,140,0,0
641,141,0,0
641,142,0,0
641,143,0,0
642,1,11,14
642,2,0,0
642,3,0,0
642,4,24,33
642,5,90,45
642,6,0,0
642,7,0,0
642,8,0,0
642,9,73,57
642,10,36,44
642,11,0,0
642,12,0,0
642,13,0,0
642,14,0,0
642,15,0,0
642,16,0,0
642,17,0,0
642,18,37,56
642,19,29,36
642,20,33,63
642,21,126,21
642,22,56,71
642,23,77,14
642,24,31,14
642,25,36,52
642,26,80,27
642,27,59,20
642,28,33,24
642,29,78,43
642,30,198,77
642,31,33,65
642,32,47,47
642,33,19,19
642,34,21,71
642,35,209,95
642,36,25,46
642,37,56,59
642,38,14,24
642,39,12,28
642,40,22,48
642,41,15,25
642,42,125,31
642,43,44,27
642,44,18,22
642,45,160,50
642,46,64,88
642,47,28,23
642,48,21,15
642,49,0,0
642,50,32,26
642,51,20,67
642,52,146,72
642,53,24,43
642,54,39,33
642,55,58,31
642,56,34,20
642,57,0,0
642,58,15,31
642,59,0,0
642,60,45,41
642,61,15,49
642,62,20,14
642,63,15,39
642,64,7,16
642,65,216,90
642,66,0,0
642,67,8,18
642,68,0,0
642,69,5,19
642,70,10,36
642,71,8,8
642,72,32,13
642,73,3,10
642,74,32,53
642,75,21,8
642,76,54,33
642,77,8,17
642,78,2,39
642,79,4,30
642,80,0,0
642,81,3,35
642,82,236,54
642,83,4,37
642,84,11,20
642,85,3,2
642,86,0,11
642,87,3,34
642,88,129,45
642,89,11,16
642,90,3,7
642,91,10,10
642,92,9,19
642,93,6,22
642,94,4,21
642,95,41,15
642,96,7,21
642,97,2,15
642,98,0,0
642,99,119,37
642,100,74,17
642,101,117,13
642,102,3,23
642,103,178,26
642,104,0,0
642,105,0,1
642,106,144,68
642,107,31,77
642,108,2,9
642,109,0,0
642,110,0,14
642,111,16,6
642,112,21,17
642,113,0,6
642,114,0,0
642,115,1,22
642,116,0,0
642,117,0,10
642,118,0,9
642,119,0,0
642,120,0,0
642,121,0,18
642,122,0,0
642,123,0,0
642,124,0,11
642,125,0,0
642,126,0,13
642,127,0,0
642,128,0,0
642,129,0,0
642,130,0,30
642,131,0,32
642,132,0,0
642,133,0,0
642,134,0,0
642,135,0,0
642,136,0,0
642,137,0,54
642,138,0,75
642,139,0,0
642,140,0,0
642,141,0,0
642,142,0,0
642,143,0,0
642,144,0,0
642,145,0,0
642,146,0,0
642,147,0,0
642,148,0,0
642,149,0,0
642,150,0,0
642,151,0,0
642,152,0,0
642,153,0,0
642,154,0,0
642,155,0,0
642,156,0,0
642,157,0,0
643,1,0,0
643,2,13,16
643,3,0,0
643,4,0,0
643,5,0,0
643,6,0,0
643,7,0,0
643,8,0,0
643,9,0,0
643,10,0,0
643,11,21,32
643,12,0,0
643,13,88,45
643,14,0,0
643,15,0,0
643,16,0,0
643,17,0,0
643,18,74,56
643,19,0,0
643,20,34,39
643,21,0,0
643,22,0,0
643,23,19,38
643,24,14,20
643,25,0,0
643,26,22,48
643,27,48,64
643,28,133,19
643,29,0,0
643,30,80,17
643,31,27,18
643,32,34,49
643,33,75,29
643,34,50,20
643,35,33,29
643,36,46,94
643,37,78,37
643,38,190,75
643,39,38,70
643,40,16,32
643,41,25,78
643,42,63,46
643,43,115,48
643,44,23,47
643,45,40,44
643,46,51,48
643,47,149,50
643,48,62,27
643,49,18,41
643,50,20,40
643,51,11,31
643,52,0,0
643,53,100,33
643,54,37,15
643,55,20,22
643,56,147,42
643,57,63,87
643,58,0,0
643,59,0,0
643,60,29,25
643,61,23,65
643,62,39,35
643,63,0,0
643,64,0,0
643,65,119,11
643,66,169,82
643,67,37,58
643,68,48,29
643,69,52,43
643,70,0,0
643,71,17,36
643,72,27,35
643,73,53,51
643,74,139,5
643,75,187,68
643,76,22,39
643,77,0,0
643,78,16,28
643,79,11,43
643,80,7,10
643,81,28,15
643,82,8,16
643,83,18,29
643,84,208,63
643,85,10,45
643,86,25,21
643,87,11,14
643,88,96,22
643,89,4,22
643,90,2,32
643,91,7,53
643,92,245,35
643,93,0,0
643,94,210,37
643,95,10,20
643,96,1,17
643,97,5,37
643,98,135,39
643,99,1,8
643,100,11,19
643,101,13,12
643,102,10,17
643,103,7,18
643,104,51,19
643,105,3,13
643,106,9,24
643,107,2,11
643,108,0,0
643,109,10,17
643,110,112,28
643,111,70,15
643,112,116,13
643,113,175,29
643,114,0,0
643,115,0,0
643,116,0,0
643,117,143,57
643,118,1,2
643,119,0,0
643,120,17,62
643,121,17,13
643,122,0,16
643,123,1,12
643,124,5,5
643,125,20,12
643,126,0,4
643,127,0,0
643,128,0,0
643,129,0,10
643,130,0,9
643,131,0,0
643,132,0,24
643,133,0,0
643,134,0,15
643,135,0,0
643,136,0,15
643,137,0,21
643,138,0,0
643,139,0,0
643,140,0,0
643,141,0,0
643,142,0,0
643,143,0,0
643,144,0,0
643,145,0,0
643,146,0,0
643,147,0,0
643,148,0,0
643,149,0,113
643,150,0,0
643,151,0,0
643,152,0,16
643,153,0,0
643,154,0,0
643,155,0,0
643,156,0,0
643,157,0,0
643,158,0,0
643,159,0,0
643,160,0,0
643,161,0,0
643,162,0,0
643,163,0,0
643,164,0,0
643,165,0,0
644,1,0,0
644,2,16,24
644,3,0,0
644,4,0,0
644,5,0,0
644,6,0,0
644,7,0,0
644,8,0,0
644,9,0,0
644,10,84,68
644,11,0,0
644,12,0,0
644,13,47,57
644,14,0,0
644,15,26,59
644,16,0,0
644,17,44,78
644,18,106,38
644,19,46,21
644,20,0,0
644,21,116,12
644,22,0,0
644,23,84,22
644,24,43,59
644,25,81,31
644,26,71,45
644,27,28,49
644,28,26,46
644,29,86,42
644,30,40,67
644,31,190,68
644,32,53,73
644,33,35,78
644,34,0,0
644,35,24,52
644,36,152,61
644,37,24,28
644,38,64,66
644,39,128,51
644,40,67,23
644,41,24,49
644,42,15,53
644,43,0,0
644,44,0,0
644,45,111,36
644,46,0,0
644,47,34,15
644,48,21,24
644,49,152,41
644,50,0,0
644,51,67,88
644,52,0,0
644,53,30,21
644,54,0,0
644,55,18,54
644,56,23,23
644,57,0,0
644,58,18,20
644,59,0,0
644,60,0,0
644,61,32,63
644,62,177,76
644,63,64,31
644,64,53,35
644,65,26,47
644,66,28,28
644,67,53,61
644,68,139,7
644,69,154,73
644,70,17,40
644,71,0,0
644,72,17,30
644,73,8,40
644,74,4,8
644,75,27,12
644,76,5,11
644,77,16,23
644,78,198,63
644,79,7,49
644,80,24,26
644,81,18,16
644,82,3,44
644,83,112,22
644,84,0,0
644,85,0,0
644,86,0,0
644,87,205,35
644,88,83,42
644,89,6,53
644,90,10,38
644,91,2,32
644,92,4,46
644,93,141,42
644,94,15,8
644,95,4,36
644,96,56,30
644,97,2,14
644,98,2,13
644,99,10,27
644,100,10,21
644,101,167,36
644,102,74,17
644,103,200,29
644,104,129,93
644,105,18,11
644,106,15,5
644,107,0,20
644,108,0,2
644,109,0,0
644,110,0,26
644,111,0,0
644,112,0,14
644,113,0,24
644,114,0,0
644,115,0,23
644,116,0,16
644,117,0,0
644,118,0,0
644,119,0,14
644,120,0,0
644,121,0,0
644,122,0,112
644,123,0,0
644,124,0,0
644,125,0,0
644,126,0,0
644,127,0,0
644,128,0,0
644,129,0,0
644,130,0,0
644,131,0,0
644,132,0,0
644,133,0,0
644,134,0,0
644,135,0,0
644,136,0,0
644,137,0,0
644,138,0,0
644,139,0,0
644,140,0,0
644,141,0,0
645,1,16,23
645,2,0,0
645,3,0,0
645,4,0,0
645,5,0,0
645,6,0,0
645,7,97,70
645,8,0,0
645,9,0,0
645,10,48,58
645,11,0,0
645,12,36,71
645,13,0,0
645,14,66,103
645,15,141,21
645,16,0,0
645,17,127,39
645,18,89,17
645,19,45,63
645,20,79,29
645,21,74,42
645,22,34,51
645,23,27,47
645,24,84,42
645,25,27,45
645,26,176,67
645,27,36,48
645,28,104,67
645,29,31,57
645,30,0,0
645,31,20,44
645,32,38,17
645,33,17,25
645,34,71,69
645,35,180,82
645,36,47,12
645,37,0,0
645,38,48,24
645,39,30,67
645,40,118,35
645,41,45,30
645,42,112,35
645,43,80,78
645,44,0,0
645,45,32,18
645,46,0,0
645,47,15,57
645,48,15,20
645,49,210,50
645,50,22,30
645,51,98,18
645,52,0,0
645,53,158,62
645,54,36,75
645,55,69,35
645,56,87,58
645,57,29,36
645,58,0,0
645,59,0,0
645,60,0,0
645,61,178,74
645,62,27,65
645,63,10,26
645,64,8,33
645,65,7,34
645,66,4,16
645,67,44,12
645,68,4,17
645,69,13,34
645,70,178,69
645,71,5,32
645,72,27,27
645,73,19,15
645,74,95,28
645,75,0,0
645,76,29,19
645,77,78,31
645,78,211,39
645,79,6,50
645,80,5,23
645,81,2,36
645,82,5,42
645,83,129,30
645,84,17,9
645,85,12,51
645,86,0,0
645,87,63,25
645,88,5,28
645,89,2,17
645,90,243,46
645,91,10,15
645,92,162,28
645,93,0,3
645,94,2,9
645,95,56,11
645,96,191,21
645,97,129,93
645,98,0,0
645,99,1,6
645,100,0,0
645,101,20,10
645,102,3,11
645,103,0,19
645,104,0,0
645,105,0,32
645,106,0,15
645,107,0,23
645,108,0,0
645,109,0,26
645,110,0,16
645,111,0,0
645,112,0,0
645,113,0,2
645,114,0,5
645,115,0,0
645,116,0,0
645,117,0,0
645,118,0,0
645,119,0,0
645,120,0,0
645,121,0,0
645,122,0,0
645,123,0,0
645,124,0,98
645,125,0,0
645,126,0,0
645,127,0,0
645,128,0,0
645,129,0,0
645,130,0,0
645,131,0,0
645,132,0,0
645,133,0,0
645,134,0,0
645,135,0,0
645,136,0,0
646,1,24,25
646,2,0,0
646,3,0,0
646,4,0,0
646,5,0,0
646,6,0,0
646,7,91,66
646,8,0,0
646,9,49,58
646,10,83,45
646,11,44,83
646,12,95,32
646,13,0,0
646,14,155,17
646,15,64,55
646,16,39,47
646,17,170,46
646,18,17,21
646,19,42,50
646,20,24,36
646,21,23,42
646,22,119,40
646,23,59,29
646,24,23,33
646,25,169,67
646,26,246,0
646,27,19,42
646,28,0,0
646,29,128,68
646,30,0,0
646,31,21,40
646,32,35,19
646,33,19,25
646,34,50,48
646,35,170,74
646,36,52,19
646,37,0,0
646,38,39,42
646,39,52,25
646,40,38,72
646,41,118,33
646,42,37,16
646,43,43,23
646,44,141,41
646,45,52,59
646,46,16,46
646,47,0,0
646,48,18,55
646,49,71,52
646,50,0,0
646,51,0,0
646,52,114,86
646,53,198,0
646,54,68,56
646,55,24,75
646,56,0,0
646,57,189,71
646,58,20,48
646,59,8,34
646,60,47,11
646,61,8,23
646,62,17,36
646,63,15,29
646,64,160,72
646,65,6,35
646,66,31,39
646,67,100,32
646,68,0,0
646,69,29,30
646,70,162,36
646,71,43,4
646,72,98,32
646,73,4,38
646,74,3,24
646,75,3,29
646,76,111,32
646,77,18,6
646,78,10,54
646,79,74,36
646,80,0,0
646,81,4,21
646,82,2,16
646,83,7,13
646,84,205,29
646,85,0,5
646,86,1,8
646,87,0,0
646,88,1,4
646,89,127,17
646,90,3,26
646,91,21,10
646,92,0,0
646,93,0,9
646,94,0,28
646,95,0,0
646,96,0,1
646,97,0,5
646,98,0,12
646,99,0,13
646,100,0,0
646,101,0,29
646,102,0,0
646,103,0,2
646,104,0,2
646,105,0,0
646,106,0,0
646,107,0,0
646,108,0,0
646,109,0,107
646,110,0,0
646,111,0,0
646,112,0,0
646,113,0,0
646,114,0,0
646,115,0,0
646,116,0,0
646,117,0,0
646,118,0,0
646,119,0,0
646,120,0,0
646,121,0,0
646,122,0,0
646,123,0,0
646,124,0,0
647,1,10,6
647,2,0,0
647,3,0,0
647,4,0,0
647,5,92,70
647,6,0,0
647,7,92,49
647,8,40,80
647,9,0,0
647,10,124,39
647,11,0,0
647,12,81,84
647,13,58,61
647,14,204,53
647,15,22,34
647,16,25,41
647,17,12,27
647,18,17,31
647,19,137,52
647,20,68,33
647,21,18,28
647,22,169,68
647,23,0,0
647,24,25,39
647,25,123,70
647,26,22,44
647,27,0,0
647,28,36,15
647,29,26,27
647,30,51,47
647,31,171,73
647,32,50,18
647,33,37,53
647,34,0,0
647,35,43,15
647,36,29,26
647,37,0,0
647,38,120,30
647,39,40,11
647,40,27,22
647,41,77,22
647,42,30,4
647,43,27,27
647,44,6,45
647,45,25,62
647,46,136,56
647,47,44,42
647,48,0,0
647,49,155,110
647,50,29,68
647,51,0,0
647,52,0,0
647,53,0,0
647,54,0,0
647,55,0,0
647,56,21,53
647,57,0,0
647,58,7,32
647,59,57,19
647,60,10,28
647,61,14,43
647,62,12,30
647,63,46,44
647,64,106,38
647,65,0,0
647,66,0,0
647,67,38,28
647,68,168,40
647,69,44,4
647,70,45,21
647,71,6,29
647,72,127,54
647,73,4,38
647,74,2,30
647,75,11,48
647,76,132,49
647,77,262,116
647,78,4,19
647,79,1,17
647,80,6,13
647,81,211,37
647,82,4,9
647,83,7,5
647,84,2,5
647,85,18,13
647,86,1,8
647,87,0,2
647,88,73,103
647,89,0,16
647,90,35,10
647,91,0,0
647,92,1,7
647,93,0,0
647,94,0,21
647,95,0,13
647,96,0,4
647,97,0,9
647,98,0,0
647,99,0,14
647,100,0,13
647,101,0,0
647,102,0,0
647,103,0,0
647,104,0,2
647,105,0,11
647,106,0,1
647,107,0,9
647,108,0,23
647,109,0,7
647,110,0,0
647,111,0,0
647,112,0,0
647,113,0,0
647,114,0,116
647,115,0,0
647,116,0,0
647,117,0,0
647,118,0,0
647,119,0,0
647,120,0,0
647,121,0,0
647,122,0,0
647,123,0,0
647,124,0,0
647,125,0,0
647,126,0,0
647,127,0,0
647,128,0,0
647,129,0,0
648,1,8,6
648,2,109,30
648,3,0,0
648,4,0,0
648,5,0,0
648,6,0,0
648,7,0,0
648,8,0,0
648,9,0,0
648,10,0,0
648,11,0,0
648,12,0,0
648,13,0,0
648,14,0,0
648,15,0,0
648,16,0,0
648,17,87,0
648,18,92,50
648,19,59,80
648,20,135,41
648,21,0,0
648,22,79,46
648,23,77,66
648,24,54,34
648,25,199,50
648,26,0,0
648,27,20,31
648,28,12,28
648,29,4,12
648,30,28,28
648,31,52,70
648,32,69,29
648,33,17,48
648,34,218,77
648,35,0,0
648,36,36,51
648,37,114,69
648,38,26,51
648,39,39,25
648,40,148,67
648,41,32,42
648,42,43,27
648,43,32,34
648,44,35,40
648,45,0,0
648,46,56,17
648,47,27,16
648,48,120,36
648,49,0,0
648,50,54,17
648,51,41,26
648,52,30,31
648,53,143,26
648,54,63,29
648,55,41,45
648,56,145,31
648,57,96,59
648,58,33,58
648,59,0,0
648,60,0,0
648,61,25,58
648,62,0,0
648,63,0,0
648,64,10,30
648,65,86,54
648,66,0,0
648,67,21,34
648,68,51,48
648,69,94,39
648,70,0,0
648,71,39,28
648,72,162,39
648,73,35,5
648,74,45,13
648,75,8,29
648,76,114,47
648,77,65,26
648,78,3,41
648,79,5,28
648,80,13,35
648,81,97,34
648,82,5,11
648,83,8,12
648,84,2,13
648,85,17,42
648,86,8,9
648,87,223,41
648,88,1,6
648,89,6,16
648,90,0,0
648,91,0,3
648,92,0,15
648,93,44,10
648,94,1,9
648,95,0,19
648,96,0,12
648,97,0,8
648,98,0,13
648,99,0,0
648,100,0,14
648,101,0,13
648,102,0,0
648,103,0,0
648,104,0,4
648,105,0,11
648,106,0,0
648,107,0,9
648,108,0,0
648,109,0,131
648,110,0,9
648,111,0,0
648,112,0,0
648,113,0,0
648,114,0,129
648,115,0,0
648,116,0,0
648,117,0,0
648,118,0,2
648,119,0,5
648,120,0,0
648,121,0,0
648,122,0,0
648,123,0,0
648,124,0,0
648,125,0,0
648,126,0,0
648,127,0,0
648,128,0,0
648,129,0,0
648,130,0,0
648,131,0,0
648,132,0,0
648,133,0,0
648,134,0,0
648,135,0,0
648,136,0,0
648,137,0,0
648,138,0,0
648,139,0,0
648,140,0,0
648,141,0,0
649,1,0,0
649,2,100,27
649,3,40,33
649,4,0,0
649,5,0,0
649,6,0,0
649,7,0,0
649,8,0,0
649,9,0,0
649,10,0,0
649,11,0,0
649,12,0,0
649,13,0,0
649,14,0,0
649,15,59,63
649,16,139,72
649,17,60,53
649,18,25,58
649,19,0,0
649,20,0,0
649,21,99,90
649,22,206,40
649,23,0,0
649,24,31,47
649,25,7,17
649,26,29,21
649,27,4,11
649,28,19,26
649,29,71,42
649,30,17,36
649,31,218,0
649,32,24,53
649,33,58,68
649,34,0,0
649,35,61,79
649,36,89,27
649,37,117,56
649,38,36,41
649,39,39,27
649,40,73,51
649,41,33,37
649,42,0,0
649,43,26,12
649,44,140,38
649,45,0,0
649,46,54,15
649,47,49,28
649,48,0,0
649,49,37,28
649,50,23,34
649,51,29,20
649,52,263,53
649,53,73,37
649,54,41,40
649,55,34,54
649,56,24,49
649,57,0,0
649,58,11,22
649,59,83,53
649,60,19,20
649,61,55,41
649,62,191,63
649,63,100,37
649,64,0,0
649,65,37,28
649,66,127,25
649,67,0,0
649,68,37,4
649,69,171,69
649,70,40,9
649,71,11,31
649,72,105,33
649,73,25,26
649,74,10,33
649,75,62,19
649,76,32,9
649,77,2,32
649,78,0,12
649,79,10,28
649,80,97,24
649,81,8,16
649,82,35,47
649,83,4,16
649,84,11,30
649,85,201,31
649,86,7,10
649,87,6,14
649,88,6,11
649,89,0,2
649,90,0,10
649,91,43,14
649,92,1,8
649,93,0,14
649,94,0,19
649,95,0,14
649,96,0,0
649,97,0,0
649,98,0,4
649,99,0,14
649,100,0,10
649,101,0,9
649,102,0,2
649,103,0,0
649,104,0,0
649,105,0,11
649,106,0,0
649,107,0,0
649,108,0,0
649,109,0,0
649,110,0,0
649,111,0,0
649,112,0,0
649,113,0,0
649,114,0,5
649,115,0,0
649,116,0,0
649,117,0,0
649,118,0,0
649,119,0,0
649,120,0,0
649,121,0,0
649,122,0,0
649,123,0,0
649,124,0,0
649,125,0,0
649,126,0,0
649,127,0,0
649,128,0,0
649,129,0,0
649,130,0,0
649,131,0,0
649,132,0,0
649,133,0,0
649,134,0,0
649,135,0,0
649,136,0,0
649,137,0,0
649,138,0,0
649,139,0,0
650,1,99,21
650,2,22,18
650,3,0,0
650,4,0,0
650,5,68,46
650,6,0,0
650,7,0,0
650,8,0,0
650,9,0,0
650,10,0,0
650,11,63,54
650,12,0,0
650,13,152,71
650,14,76,68
650,15,0,0
650,16,0,0
650,17,0,0
650,18,81,52
650,19,30,45
650,20,48,32
650,21,212,47
650,22,25,41
650,23,9,15
650,24,21,23
650,25,8,9
650,26,18,21
650,27,82,40
650,28,19,47
650,29,25,48
650,30,58,69
650,31,0,0
650,32,41,89
650,33,32,31
650,34,108,34
650,35,95,30
650,36,30,43
650,37,119,52
650,38,39,40
650,39,38,26
650,40,24,22
650,41,29,42
650,42,26,13
650,43,60,30
650,44,128,33
650,45,56,16
650,46,54,25
650,47,35,22
650,48,0,0
650,49,38,49
650,50,210,44
650,51,82,28
650,52,156,55
650,53,0,0
650,54,47,33
650,55,0,0
650,56,31,62
650,57,0,0
650,58,29,52
650,59,0,0
650,60,0,0
650,61,0,0
650,62,152,31
650,63,51,9
650,64,187,55
650,65,55,11
650,66,116,31
650,67,29,39
650,68,8,41
650,69,66,23
650,70,31,11
650,71,5,53
650,72,40,15
650,73,143,25
650,74,39,42
650,75,4,28
650,76,10,38
650,77,178,25
650,78,3,11
650,79,4,12
650,80,67,25
650,81,0,0
650,82,166,83
650,83,6,14
650,84,0,2
650,85,1,9
650,86,47,24
650,87,0,0
650,88,0,0
650,89,0,21
650,90,0,14
650,91,0,10
650,92,0,8
650,93,0,0
650,94,0,0
650,95,0,12
650,96,0,6
650,97,0,6
650,98,0,16
650,99,0,0
650,100,0,0
650,101,0,0
650,102,0,6
650,103,0,16
650,104,0,0
650,105,0,0
650,106,0,0
650,107,0,0
650,108,0,0
650,109,0,0
650,110,0,0
650,111,0,0
650,112,0,0
650,113,0,0
650,114,0,0
650,115,0,0
650,116,0,9
650,117,0,0
650,118,0,0
650,119,0,0
650,120,0,0
650,121,0,0
650,122,0,0
650,123,0,0
650,124,0,0
650,125,0,0
650,126,0,0
650,127,0,0
651,1,99,18
651,2,14,6
651,3,0,0
651,4,28,25
651,5,73,48
651,6,0,0
651,7,0,0
651,8,0,0
651,9,0,0
651,10,36,27
651,11,0,0
651,12,0,0
651,13,38,40
651,14,178,63
651,15,0,0
651,16,67,68
651,17,140,53
651,18,0,0
651,19,0,0
651,20,74,85
651,21,222,48
651,22,42,68
651,23,43,47
651,24,0,0
651,25,0,0
651,26,13,24
651,27,76,35
651,28,25,67
651,29,28,47
651,30,59,55
651,31,40,87
651,32,97,36
651,33,33,32
651,34,142,0
651,35,66,18
651,36,166,63
651,37,44,71
651,38,40,38
651,39,44,34
651,40,26,27
651,41,34,23
651,42,52,41
651,43,50,10
651,44,84,27
651,45,47,33
651,46,41,24
651,47,42,46
651,48,11,12
651,49,220,47
651,50,134,22
651,51,0,0
651,52,30,12
651,53,27,30
651,54,107,37
651,55,0,0
651,56,43,15
651,57,0,0
651,58,102,64
651,59,26,53
651,60,200,83
651,61,0,0
651,62,28,47
651,63,0,0
651,64,0,0
651,65,127,30
651,66,0,0
651,67,36,16
651,68,0,0
651,69,59,9
651,70,215,57
651,71,50,9
651,72,115,34
651,73,33,38
651,74,5,40
651,75,85,28
651,76,44,9
651,77,7,56
651,78,153,33
651,79,53,38
651,80,4,29
651,81,9,38
651,82,185,26
651,83,2,11
651,84,0,0
651,85,18,8
651,86,3,9
651,87,129,25
651,88,1,0
651,89,1,9
651,90,0,2
651,91,0,23
651,92,0,0
651,93,0,0
651,94,0,0
651,95,0,0
651,96,0,10
651,97,0,16
651,98,0,19
651,99,0,0
651,100,0,6
651,101,0,10
651,102,0,0
651,103,0,5
651,104,0,0
651,105,0,0
651,106,0,0
651,107,0,0
651,108,0,0
651,109,0,0
651,110,0,0
651,111,0,0
651,112,0,0
651,113,0,0
651,114,0,0
651,115,0,0
651,116,0,0
651,117,0,0
651,118,0,0
651,119,0,0
651,120,0,0
651,121,0,0
651,122,0,0
651,123,0,0
651,124,0,0
651,125,0,0
651,126,0,0
651,127,0,0
651,128,0,0
651,129,0,0
651,130,0,0
652,1,0,0
652,2,106,21
652,3,15,9
652,4,28,28
652,5,70,43
652,6,0,0
652,7,0,0
652,8,0,0
652,9,0,0
652,10,0,0
652,11,30,22
652,12,39,42
652,13,197,60
652,14,0,0
652,15,62,73
652,16,147,49
652,17,0,0
652,18,0,0
652,19,0,0
652,20,163,31
652,21,81,83
652,22,272,0
652,23,48,50
652,24,52,47
652,25,30,71
652,26,193,91
652,27,48,77
652,28,51,86
652,29,117,34
652,30,189,71
652,31,44,71
652,32,58,56
652,33,50,51
652,34,45,28
652,35,29,24
652,36,41,12
652,37,80,36
652,38,0,0
652,39,0,0
652,40,0,0
652,41,55,33
652,42,45,51
652,43,0,0
652,44,48,26
652,45,214,55
652,46,132,30
652,47,84,31
652,48,29,37
652,49,0,0
652,50,56,27
652,51,66,46
652,52,118,34
652,53,0,0
652,54,0,0
652,55,27,61
652,56,0,0
652,57,183,74
652,58,33,36
652,59,154,34
652,60,0,0
652,61,239,53
652,62,79,17
652,63,125,28
652,64,37,32
652,65,82,29
652,66,2,57
652,67,198,27
652,68,78,40
652,69,4,40
652,70,8,24
652,71,0,0
652,72,18,8
652,73,5,11
652,74,0,0
652,75,122,27
652,76,0,4
652,77,0,15
652,78,0,9
652,79,0,8
652,80,0,0
652,81,0,19
652,82,0,6
652,83,0,10
652,84,0,15
652,85,0,0
652,86,0,0
652,87,0,0
652,88,0,0
652,89,0,1
652,90,0,1
652,91,0,0
652,92,0,2
652,93,0,0
652,94,0,0
652,95,0,0
652,96,0,0
652,97,0,0
652,98,0,0
652,99,0,0
652,100,0,0
652,101,0,0
652,102,0,0
652,103,0,0
652,104,0,0
652,105,0,0
652,106,0,0
652,107,0,0
652,108,0,0
652,109,0,0
652,110,0,0
652,111,0,0
652,112,0,0
653,1,14,9
653,2,29,31
653,3,63,46
653,4,0,0
653,5,0,0
653,6,0,0
653,7,0,0
653,8,53,37
653,9,0,0
653,10,77,31
653,11,0,0
653,12,145,41
653,13,0,0
653,14,48,68
653,15,93,59
653,16,67,85
653,17,0,0
653,18,0,0
653,19,0,0
653,20,0,0
653,21,153,36
653,22,59,68
653,23,67,42
653,24,0,0
653,25,217,64
653,26,68,77
653,27,36,64
653,28,214,89
653,29,43,63
653,30,27,49
653,31,0,0
653,32,22,33
653,33,85,32
653,34,194,72
653,35,39,52
653,36,50,60
653,37,32,33
653,38,79,51
653,39,32,23
653,40,49,26
653,41,14,35
653,42,164,51
653,43,54,23
653,44,40,34
653,45,49,27
653,46,37,19
653,47,27,39
653,48,108,34
653,49,67,32
653,50,72,40
653,51,124,35
653,52,0,0
653,53,32,63
653,54,0,0
653,55,0,0
653,56,105,58
653,57,88,37
653,58,44,29
653,59,99,39
653,60,57,22
653,61,0,0
653,62,68,45
653,63,143,38
653,64,256,52
653,65,94,23
653,66,122,30
653,67,39,30
653,68,87,30
653,69,6,58
653,70,193,35
653,71,13,40
653,72,10,18
653,73,4,10
653,74,0,0
653,75,11,11
653,76,0,0
653,77,0,0
653,78,3,18
653,79,0,8
653,80,0,13
653,81,0,12
653,82,0,0
653,83,0,5
653,84,0,15
653,85,0,7
653,86,0,12
653,87,0,0
653,88,0,4
653,89,0,3
653,90,0,2
653,91,0,11
653,92,0,15
653,93,0,0
653,94,0,0
653,95,0,12
653,96,0,0
653,97,0,9
653,98,0,11
653,99,0,0
653,100,0,0
653,101,0,0
653,102,0,0
653,103,0,0
653,104,0,0
653,105,0,0
653,106,0,4
653,107,0,0
653,108,0,6
653,109,0,0
653,110,0,117
653,111,0,0
653,112,0,0
653,113,0,0
653,114,0,0
653,115,0,0
653,116,0,0
653,117,0,0
653,118,0,0
653,119,0,0
653,120,0,0
654,1,0,0
654,2,0,0
654,3,35,20
654,4,46,44
654,5,0,0
654,6,0,0
654,7,0,0
654,8,0,0
654,9,0,0
654,10,0,0
654,11,63,83
654,12,111,48
654,13,84,99
654,14,0,0
654,15,0,0
654,16,0,0
654,17,0,0
654,18,135,46
654,19,61,82
654,20,0,0
654,21,61,41
654,22,215,59
654,23,0,0
654,24,212,79
654,25,44,71
654,26,192,77
654,27,49,56
654,28,58,69
654,29,13,35
654,30,25,21
654,31,89,49
654,32,30,23
654,33,44,20
654,34,0,0
654,35,14,33
654,36,195,55
654,37,0,0
654,38,0,0
654,39,61,41
654,40,74,24
654,41,28,41
654,42,108,25
654,43,34,19
654,44,65,30
654,45,20,16
654,46,129,28
654,47,85,58
654,48,0,0
654,49,0,0
654,50,0,0
654,51,111,56
654,52,0,0
654,53,150,48
654,54,79,21
654,55,0,0
654,56,0,0
654,57,66,40
654,58,149,43
654,59,0,0
654,60,48,25
654,61,0,0
654,62,207,47
654,63,56,8
654,64,44,30
654,65,84,23
654,66,4,43
654,67,175,25
654,68,13,17
654,69,13,36
654,70,8,13
654,71,5,9
654,72,8,16
654,73,3,14
654,74,0,0
654,75,0,14
654,76,0,14
654,77,0,5
654,78,0,17
654,79,0,0
654,80,0,6
654,81,0,0
654,82,0,10
654,83,0,0
654,84,0,12
654,85,0,6
654,86,0,2
654,87,0,16
654,88,0,7
654,89,0,6
654,90,0,10
654,91,0,13
654,92,0,0
654,93,0,14
654,94,0,0
654,95,0,0
654,96,0,8
654,97,0,8
654,98,0,0
654,99,0,0
654,100,0,0
654,101,0,110
654,102,0,8
654,103,0,0
654,104,0,0
654,105,0,0
654,106,0,0
654,107,0,0
654,108,0,0
654,109,0,0
654,110,0,0
654,111,0,0
654,112,0,0
654,113,0,0
654,114,0,0
654,115,0,0
654,116,0,0
654,117,0,0
654,118,0,0
654,119,0,0
654,120,0,0
654,121,0,0
654,122,0,0
654,123,0,0
655,1,29,30
655,2,68,46
655,3,0,0
655,4,0,0
655,5,0,0
655,6,0,0
655,7,0,0
655,8,0,0
655,9,46,70
655,10,105,31
655,11,74,97
655,12,0,0
655,13,0,0
655,14,0,0
655,15,49,70
655,16,121,39
655,17,22,40
655,18,68,36
655,19,19,19
655,20,223,0
655,21,232,63
655,22,217,65
655,23,55,51
655,24,122,52
655,25,60,63
655,26,49,50
655,27,69,32
655,28,30,38
655,29,131,46
655,30,33,32
655,31,78,41
655,32,57,29
655,33,11,28
655,34,212,60
655,35,59,46
655,36,73,21
655,37,29,42
655,38,0,0
655,39,0,0
655,40,73,40
655,41,66,25
655,42,21,14
655,43,154,42
655,44,0,0
655,45,96,59
655,46,0,0
655,47,78,44
655,48,205,77
655,49,0,0
655,50,0,0
655,51,0,0
655,52,0,0
655,53,159,43
655,54,48,23
655,55,53,3
655,56,50,27
655,57,14,11
655,58,133,31
655,59,8,49
655,60,164,35
655,61,7,16
655,62,13,7
655,63,7,23
655,64,61,20
655,65,44,11
655,66,1,12
655,67,6,21
655,68,0,0
655,69,0,11
655,70,0,13
655,71,0,14
655,72,0,0
655,73,0,11
655,74,0,27
655,75,0,10
655,76,0,7
655,77,0,23
655,78,0,19
655,79,0,0
655,80,0,10
655,81,0,7
655,82,0,0
655,83,0,0
655,84,0,10
655,85,0,0
655,86,0,0
655,87,0,0
655,88,0,0
655,89,0,0
655,90,0,0
655,91,0,0
655,92,0,0
655,93,0,0
655,94,0,0
655,95,0,0
655,96,0,0
655,97,0,0
655,98,0,0
655,99,0,0
655,100,0,0
655,101,0,0
655,102,0,0
655,103,0,0
655,104,0,0
656,1,0,0
656,2,0,0
656,3,143,51
656,4,88,73
656,5,0,0
656,6,0,0
656,7,0,0
656,8,0,0
656,9,0,0
656,10,0,0
656,11,0,0
656,12,0,0
656,13,0,0
656,14,116,52
656,15,79,99
656,16,0,0
656,17,0,0
656,18,0,0
656,19,254,45
656,20,56,69
656,21,124,53
656,22,30,37
656,23,145,36
656,24,50,29
656,25,23,23
656,26,0,0
656,27,224,64
656,28,210,66
656,29,54,77
656,30,49,56
656,31,110,43
656,32,53,55
656,33,62,50
656,34,49,59
656,35,52,28
656,36,40,42
656,37,127,42
656,38,37,32
656,39,55,26
656,40,80,43
656,41,75,49
656,42,0,0
656,43,74,60
656,44,49,54
656,45,0,0
656,46,0,0
656,47,196,61
656,48,0,0
656,49,98,66
656,50,0,0
656,51,0,0
656,52,95,48
656,53,0,0
656,54,162,50
656,55,137,45
656,56,0,0
656,57,0,0
656,58,42,14
656,59,46,2
656,60,3,38
656,61,85,18
656,62,13,6
656,63,43,21
656,64,80,15
656,65,166,43
656,66,5,40
656,67,28,28
656,68,17,25
656,69,14,6
656,70,8,19
656,71,56,12
656,72,13,10
656,73,0,0
656,74,114,21
656,75,0,0
656,76,3,14
656,77,0,6
656,78,1,6
656,79,0,2
656,80,0,6
656,81,0,14
656,82,0,14
656,83,0,0
656,84,0,10
656,85,0,25
656,86,0,7
656,87,0,8
656,88,0,22
656,89,0,19
656,90,0,7
656,91,0,10
656,92,0,0
656,93,0,0
656,94,0,9
656,95,0,0
656,96,0,0
656,97,0,0
656,98,0,0
656,99,0,0
656,100,0,0
656,101,0,0
656,102,0,0
656,103,0,0
656,104,0,0
656,105,0,0
656,106,0,0
656,107,0,0
656,108,0,0
656,109,0,0
656,110,0,0
656,111,0,0
656,112,0,0
656,113,0,0
656,114,0,0
656,115,0,0
656,116,0,0
656,117,0,0
657,1,0,0
657,2,0,0
657,3,0,0
657,4,11,12
657,5,0,0
657,6,146,49
657,7,86,74
657,8,0,0
657,9,0,0
657,10,0,0
657,11,121,66
657,12,0,0
657,13,0,0
657,14,0,0
657,15,250,47
657,16,118,47
657,17,139,33
657,18,67,38
657,19,42,44
657,20,215,58
657,21,36,50
657,22,9,9
657,23,15,29
657,24,24,28
657,25,75,58
657,26,57,56
657,27,100,46
657,28,39,54
657,29,63,59
657,30,58,28
657,31,51,47
657,32,172,49
657,33,93,49
657,34,75,24
657,35,51,59
657,36,35,55
657,37,0,0
657,38,0,0
657,39,196,40
657,40,99,40
657,41,99,61
657,42,0,0
657,43,0,0
657,44,0,0
657,45,90,54
657,46,145,46
657,47,133,42
657,48,0,0
657,49,0,0
657,50,0,0
657,51,0,0
657,52,40,12
657,53,129,36
657,54,39,3
657,55,54,0
657,56,142,20
657,57,17,26
657,58,57,24
657,59,29,30
657,60,18,26
657,61,11,9
657,62,8,32
657,63,40,14
657,64,0,6
657,65,0,0
657,66,116,11
657,67,1,5
657,68,0,6
657,69,0,8
657,70,3,4
657,71,3,3
657,72,2,8
657,73,1,12
657,74,0,5
657,75,0,15
657,76,0,14
657,77,0,8
657,78,0,15
657,79,0,0
657,80,0,4
657,81,0,6
657,82,0,9
657,83,0,5
657,84,0,21
657,85,0,13
657,86,0,9
657,87,0,10
657,88,0,11
657,89,0,0
657,90,0,9
657,91,0,0
657,92,0,0
657,93,0,0
657,94,0,0
657,95,0,0
657,96,0,0
657,97,0,0
657,98,0,0
657,99,0,0
657,100,0,0
657,101,0,0
657,102,0,0
657,103,0,0
657,104,0,0
657,105,0,0
657,106,0,0
657,107,0,0
657,108,0,0
657,109,0,0
657,110,0,0
657,111,0,0
657,112,0,0
657,113,0,0
657,114,0,0
657,115,0,0
657,116,0,0
657,117,0,0
657,118,0,0
657,119,0,0
657,120,0,0
658,1,15,14
658,2,15,19
658,3,0,0
658,4,0,0
658,5,96,66
658,6,0,0
658,7,63,76
658,8,0,0
658,9,84,46
658,10,129,46
658,11,0,0
658,12,0,0
658,13,133,54
658,14,151,36
658,15,81,66
658,16,218,0
658,17,42,66
658,18,87,58
658,19,79,62
658,20,115,53
658,21,60,80
658,22,69,65
658,23,63,28
658,24,0,0
658,25,173,51
658,26,0,0
658,27,86,46
658,28,123,47
658,29,71,22
658,30,62,61
658,31,0,0
658,32,38,53
658,33,168,36
658,34,109,37
658,35,101,58
658,36,0,0
658,37,0,0
658,38,0,0
658,39,0,0
658,40,0,0
658,41,91,44
658,42,215,62
658,43,39,51
658,44,0,0
658,45,0,0
658,46,0,0
658,47,0,0
658,48,33,14
658,49,136,39
658,50,41,5
658,51,15,40
658,52,149,18
658,53,22,29
658,54,61,26
658,55,33,30
658,56,25,26
658,57,4,1
658,58,0,0
658,59,9,5
658,60,8,22
658,61,1,16
658,62,2,4
658,63,2,11
658,64,0,0
658,65,112,19
658,66,0,3
658,67,5,7
658,68,3,4
658,69,4,6
658,70,1,8
658,71,0,20
658,72,0,0
658,73,0,36
658,74,0,19
658,75,0,10
658,76,0,12
658,77,0,15
658,78,0,9
658,79,0,16
658,80,0,19
658,81,0,9
658,82,0,0
658,83,0,0
658,84,0,11
658,85,0,7
658,86,0,0
658,87,0,0
658,88,0,0
658,89,0,0
658,90,0,0
658,91,0,0
658,92,0,0
658,93,0,0
658,94,0,146
658,95,0,0
658,96,0,0
658,97,0,0
658,98,0,0
658,99,0,0
658,100,0,0
658,101,0,0
658,102,0,0
658,103,0,0
658,104,0,0
658,105,0,0
658,106,0,0
658,107,0,0
658,108,0,0
658,109,0,0
658,110,0,0
658,111,0,0
658,112,0,0
658,113,0,0
658,114,0,0
659,1,28,28
659,2,0,0
659,3,0,0
659,4,0,0
659,5,0,0
659,6,0,0
659,7,98,92
659,8,0,0
659,9,95,37
659,10,98,37
659,11,0,0
659,12,0,0
659,13,78,55
659,14,31,44
659,15,48,58
659,16,191,0
659,17,81,50
659,18,50,62
659,19,114,47
659,20,59,54
659,21,66,29
659,22,174,57
659,23,0,0
659,24,0,0
659,25,0,0
659,26,142,59
659,27,37,10
659,28,27,10
659,29,93,18
659,30,62,53
659,31,36,41
659,32,0,0
659,33,191,51
659,34,0,0
659,35,86,51
659,36,0,0
659,37,0,0
659,38,0,0
659,39,0,0
659,40,42,51
659,41,0,0
659,42,79,7
659,43,70,13
659,44,0,0
659,45,115,47
659,46,161,42
659,47,0,0
659,48,54,59
659,49,0,0
659,50,0,0
659,51,0,0
659,52,36,13
659,53,129,39
659,54,45,10
659,55,151,18
659,56,20,23
659,57,59,21
659,58,0,0
659,59,35,24
659,60,26,24
659,61,6,1
659,62,10,5
659,63,7,20
659,64,0,18
659,65,3,6
659,66,0,0
659,67,118,16
659,68,1,5
659,69,9,17
659,70,0,5
659,71,5,10
659,72,5,6
659,73,0,6
659,74,0,22
659,75,0,0
659,76,0,0
659,77,0,30
659,78,0,19
659,79,0,0
659,80,0,5
659,81,0,0
659,82,0,1
659,83,0,14
659,84,0,20
659,85,0,5
659,86,0,16
659,87,0,0
659,88,0,20
659,89,0,0
659,90,0,0
659,91,0,4
659,92,0,0
659,93,0,0
659,94,0,0
659,95,0,0
659,96,0,0
659,97,0,0
659,98,0,0
659,99,0,0
659,100,0,0
659,101,0,0
659,102,0,0
659,103,0,0
659,104,0,0
659,105,0,0
659,106,0,0
659,107,0,0
659,108,0,0
659,109,0,0
659,110,0,0
659,111,0,0
659,112,0,0
659,113,0,0
659,114,0,0
659,115,0,0
659,116,0,0
659,117,0,0
659,118,0,0
659,119,0,0
659,120,0,0
659,121,0,0
660,1,5,7
660,2,23,28
660,3,0,0
660,4,0,0
660,5,0,0
660,6,102,92
660,7,0,0
660,8,0,0
660,9,90,34
660,10,104,36
660,11,0,0
660,12,66,43
660,13,24,29
660,14,61,54
660,15,114,0
660,16,40,41
660,17,133,0
660,18,75,43
660,19,43,42
660,20,119,42
660,21,25,17
660,22,121,50
660,23,42,44
660,24,60,58
660,25,72,54
660,26,0,0
660,27,0,0
660,28,0,0
660,29,114,51
660,30,35,4
660,31,41,39
660,32,103,17
660,33,0,0
660,34,0,0
660,35,173,33
660,36,134,51
660,37,0,0
660,38,0,0
660,39,0,0
660,40,62,59
660,41,0,0
660,42,0,0
660,43,119,24
660,44,180,53
660,45,47,50
660,46,0,0
660,47,0,0
660,48,0,0
660,49,0,0
660,50,59,14
660,51,0,0
660,52,65,18
660,53,35,11
660,54,22,9
660,55,67,1
660,56,16,2
660,57,150,38
660,58,16,42
660,59,188,40
660,60,17,14
660,61,10,30
660,62,49,20
660,63,11,6
660,64,13,20
660,65,1,14
660,66,4,5
660,67,91,14
660,68,0,2
660,69,0,0
660,70,25,12
660,71,83,10
660,72,2,14
660,73,2,3
660,74,3,9
660,75,1,11
660,76,0,20
660,77,0,25
660,78,0,14
660,79,0,15
660,80,0,0
660,81,0,3
660,82,0,0
660,83,0,12
660,84,0,15
660,85,0,0
660,86,0,6
660,87,0,15
660,88,0,22
660,89,0,0
660,90,0,0
660,91,0,4
660,92,0,0
660,93,0,0
660,94,0,10
660,95,0,19
660,96,0,0
660,97,0,0
660,98,0,0
660,99,0,0
660,100,0,0
660,101,0,0
660,102,0,0
660,103,0,0
660,104,0,0
660,105,0,0
660,106,0,0
660,107,0,0
660,108,0,0
660,109,0,0
660,110,0,0
660,111,0,0
660,112,0,0
660,113,0,0
660,114,0,0
660,115,0,0
660,116,0,0
660,117,0,0
660,118,0,0
660,119,0,0
661,1,6,8
661,2,0,0
661,3,0,0
661,4,102,94
661,5,0,0
661,6,0,0
661,7,42,54
661,8,57,45
661,9,179,0
661,10,162,16
661,11,78,38
661,12,51,45
661,13,27,16
661,14,220,88
661,15,47,36
661,16,77,33
661,17,37,34
661,18,19,14
661,19,119,11
661,20,42,45
661,21,117,51
661,22,28,6
661,23,42,38
661,24,40,10
661,25,50,7
661,26,164,36
661,27,107,3
661,28,136,51
661,29,0,0
661,30,0,0
661,31,0,0
661,32,0,0
661,33,130,24
661,34,187,59
661,35,0,0
661,36,0,0
661,37,51,48
661,38,0,0
661,39,57,15
661,40,0,0
661,41,57,17
661,42,0,0
661,43,29,4
661,44,0,0
661,45,61,1
661,46,21,18
661,47,146,39
661,48,50,2
661,49,16,21
661,50,8,29
661,51,49,22
661,52,7,6
661,53,9,29
661,54,3,5
661,55,0,0
661,56,0,0
661,57,0,3
661,58,125,24
661,59,2,11
661,60,5,17
661,61,0,0
661,62,0,6
661,63,0,24
661,64,0,4
661,65,0,0
661,66,0,30
661,67,0,3
661,68,0,6
661,69,0,0
661,70,0,0
661,71,0,0
661,72,0,20
661,73,0,0
661,74,0,0
661,75,0,15
661,76,0,11
661,77,0,0
661,78,0,0
661,79,0,0
661,80,0,8
661,81,0,0
661,82,0,9
661,83,0,0
661,84,0,13
661,85,0,0
661,86,0,2
661,87,0,0
661,88,0,0
661,89,0,0
661,90,0,5
661,91,0,0
661,92,0,0
661,93,0,0
661,94,0,0
661,95,0,0
661,96,0,0
661,97,0,0
661,98,0,0
661,99,0,0
661,100,0,0
661,101,0,0
661,102,0,0
661,103,0,0
661,104,0,0
661,105,0,0
661,106,0,0
661,107,0,0
662,1,0,0
662,2,155,42
662,3,97,67
662,4,0,0
662,5,0,0
662,6,96,85
662,7,0,0
662,8,0,0
662,9,123,75
662,10,37,51
662,11,46,35
662,12,134,38
662,13,46,43
662,14,71,64
662,15,44,43
662,16,22,13
662,17,228,83
662,18,56,39
662,19,89,29
662,20,41,27
662,21,18,13
662,22,38,52
662,23,109,53
662,24,37,4
662,25,45,37
662,26,46,12
662,27,116,7
662,28,237,51
662,29,0,0
662,30,0,0
662,31,55,40
662,32,0,0
662,33,107,16
662,34,191,52
662,35,48,23
662,36,56,15
662,37,0,0
662,38,59,21
662,39,21,56
662,40,0,0
662,41,92,5
662,42,0,0
662,43,0,0
662,44,147,34
662,45,57,2
662,46,88,36
662,47,14,16
662,48,18,23
662,49,8,8
662,50,4,16
662,51,41,18
662,52,21,34
662,53,3,6
662,54,0,0
662,55,3,6
662,56,0,0
662,57,0,0
662,58,67,25
662,59,0,10
662,60,0,24
662,61,0,0
662,62,0,19
662,63,0,0
662,64,0,0
662,65,0,8
662,66,0,0
662,67,0,21
662,68,0,0
662,69,0,5
662,70,0,10
662,71,0,4
662,72,0,3
662,73,0,7
662,74,0,0
662,75,0,0
662,76,0,0
662,77,0,0
662,78,0,13
662,79,0,0
662,80,0,15
662,81,0,0
662,82,0,0
662,83,0,2
662,84,0,1
662,85,0,0
662,86,0,0
662,87,0,0
662,88,0,0
662,89,0,4
662,90,0,0
662,91,0,0
662,92,0,0
662,93,0,0
662,94,0,0
662,95,0,0
662,96,0,0
662,97,0,0
662,98,0,0
662,99,0,0
662,100,0,0
662,101,0,0
662,102,0,0
662,103,0,0
662,104,0,0
662,105,0,0
662,106,0,0
662,107,0,0
663,1,0,0
663,2,50,12
663,3,109,38
663,4,103,67
663,5,0,0
663,6,50,0
663,7,91,0
663,8,10,0
663,9,0,0
663,10,63,48
663,11,0,0
663,12,46,58
663,13,135,0
663,14,114,79
663,15,43,49
663,16,45,34
663,17,57,33
663,18,0,0
663,19,69,61
663,20,44,41
663,21,25,10
663,22,231,68
663,23,55,37
663,24,77,34
663,25,27,19
663,26,20,13
663,27,29,10
663,28,36,52
663,29,152,46
663,30,43,35
663,31,31,5
663,32,35,7
663,33,47,14
663,34,106,6
663,35,0,0
663,36,0,0
663,37,0,0
663,38,45,23
663,39,41,42
663,40,90,17
663,41,0,0
663,42,174,49
663,43,0,0
663,44,53,26
663,45,0,0
663,46,123,2
663,47,0,0
663,48,30,11
663,49,59,20
663,50,24,49
663,51,0,0
663,52,163,27
663,53,20,26
663,54,94,5
663,55,79,35
663,56,20,10
663,57,17,20
663,58,319,60
663,59,7,9
663,60,25,20
663,61,21,31
663,62,3,5
663,63,6,13
663,64,2,6
663,65,0,0
663,66,0,0
663,67,10,10
663,68,1,5
663,69,85,28
663,70,0,6
663,71,0,0
663,72,0,8
663,73,0,13
663,74,0,11
663,75,0,13
663,76,0,0
663,77,0,7
663,78,0,19
663,79,0,15
663,80,0,2
663,81,0,16
663,82,0,2
663,83,0,0
663,84,0,1
663,85,0,2
663,86,0,4
663,87,0,0
663,88,0,3
663,89,0,4
663,90,0,0
663,91,0,6
663,92,0,7
663,93,0,8
663,94,0,7
663,95,0,0
663,96,0,0
663,97,0,0
663,98,0,0
663,99,0,0
663,100,0,0
663,101,0,0
663,102,0,0
663,103,0,0
663,104,0,0
663,105,0,0
663,106,0,0
663,107,0,0
663,108,0,0
663,109,0,0
663,110,0,0
663,111,0,0
663,112,0,0
664,1,0,0
664,2,0,0
664,3,0,0
664,4,0,0
664,5,110,38
664,6,109,61
664,7,0,0
664,8,0,0
664,9,46,0
664,10,100,0
664,11,97,69
664,12,0,0
664,13,74,60
664,14,0,0
664,15,0,0
664,16,0,0
664,17,128,83
664,18,138,24
664,19,53,43
664,20,68,28
664,21,0,0
664,22,62,43
664,23,58,54
664,24,59,45
664,25,234,76
664,26,58,31
664,27,72,20
664,28,58,28
664,29,37,16
664,30,37,50
664,31,0,0
664,32,77,14
664,33,51,14
664,34,111,9
664,35,0,0
664,36,206,52
664,37,0,0
664,38,0,0
664,39,116,4
664,40,0,0
664,41,0,0
664,42,99,31
664,43,25,54
664,44,0,0
664,45,0,0
664,46,162,31
664,47,64,11
664,48,20,24
664,49,83,2
664,50,84,38
664,51,8,42
664,52,15,7
664,53,17,12
664,54,10,9
664,55,21,17
664,56,8,17
664,57,16,15
664,58,0,0
664,59,2,2
664,60,0,0
664,61,0,1
664,62,3,10
664,63,14,11
664,64,2,7
664,65,86,28
664,66,0,6
664,67,0,0
664,68,0,14
664,69,0,5
664,70,0,0
664,71,0,10
664,72,0,0
664,73,0,7
664,74,0,13
664,75,0,0
664,76,0,14
664,77,0,5
664,78,0,7
664,79,0,6
664,80,0,8
664,81,0,12
664,82,0,0
664,83,0,0
664,84,0,0
664,85,0,0
664,86,0,0
664,87,0,0
664,88,0,0
664,89,0,0
664,90,0,0
664,91,0,0
664,92,0,0
664,93,0,0
664,94,0,0
664,95,0,0
664,96,0,0
664,97,0,0
665,1,119,40
665,2,122,61
665,3,0,0
665,4,0,0
665,5,0,0
665,6,0,0
665,7,94,82
665,8,112,83
665,9,88,55
665,10,154,26
665,11,57,38
665,12,152,0
665,13,60,30
665,14,50,37
665,15,68,47
665,16,99,59
665,17,246,72
665,18,130,38
665,19,39,13
665,20,40,42
665,21,87,26
665,22,49,8
665,23,53,13
665,24,103,3
665,25,0,0
665,26,59,30
665,27,52,47
665,28,0,0
665,29,0,0
665,30,0,0
665,31,0,0
665,32,31,31
665,33,188,34
665,34,6,27
665,35,79,7
665,36,17,16
665,37,89,2
665,38,80,32
665,39,9,38
665,40,14,11
665,41,4,21
665,42,21,13
665,43,3,7
665,44,19,13
665,45,1,2
665,46,0,0
665,47,0,0
665,48,1,8
665,49,15,10
665,50,2,4
665,51,78,29
665,52,0,5
665,53,0,3
665,54,0,0
665,55,0,0
665,56,0,10
665,57,0,7
665,58,0,7
665,59,0,5
665,60,0,16
665,61,0,0
665,62,0,5
665,63,0,15
665,64,0,0
665,65,0,8
665,66,0,4
665,67,0,0
665,68,0,2
665,69,0,3
665,70,0,0
665,71,0,4
665,72,0,10
665,73,0,0
665,74,0,0
665,75,0,9
665,76,0,0
665,77,0,0
665,78,0,0
665,79,0,0
665,80,0,0
665,81,0,0
665,82,0,0
665,83,0,0
665,84,0,0
665,85,0,0
665,86,0,0
665,87,0,0
665,88,0,0
665,89,0,0
665,90,0,0
665,91,0,0
665,92,0,0
665,93,0,0
666,1,0,0
666,2,119,34
666,3,0,0
666,4,0,0
666,5,0,0
666,6,0,0
666,7,0,0
666,8,108,82
666,9,74,0
666,10,0,0
666,11,136,0
666,12,65,45
666,13,51,33
666,14,120,29
666,15,42,22
666,16,46,30
666,17,51,34
666,18,67,44
666,19,136,33
666,20,44,25
666,21,21,17
666,22,46,10
666,23,54,7
666,24,51,9
666,25,110,1
666,26,0,0
666,27,0,0
666,28,0,0
666,29,0,0
666,30,0,0
666,31,78,51
666,32,0,0
666,33,0,0
666,34,30,14
666,35,28,29
666,36,178,35
666,37,9,20
666,38,92,10
666,39,14,21
666,40,53,19
666,41,0,0
666,42,2,21
666,43,2,10
666,44,12,8
666,45,14,10
666,46,0,0
666,47,0,1
666,48,2,8
666,49,87,26
666,50,0,5
666,51,0,2
666,52,0,9
666,53,0,6
666,54,0,4
666,55,0,2
666,56,0,8
666,57,0,3
666,58,0,6
666,59,0,10
666,60,0,4
666,61,0,19
666,62,0,0
666,63,0,8
666,64,0,0
666,65,0,0
666,66,0,1
666,67,0,3
666,68,0,3
666,69,0,6
666,70,0,7
666,71,0,7
666,72,0,9
666,73,0,0
666,74,0,0
666,75,0,0
666,76,0,0
666,77,0,0
666,78,0,0
666,79,0,0
666,80,0,0
666,81,0,0
666,82,0,0
666,83,0,0
666,84,0,0
666,85,0,0
666,86,0,0
666,87,0,0
667,1,0,0
667,2,0,0
667,3,0,0
667,4,119,33
667,5,0,0
667,6,0,0
667,7,118,74
667,8,0,0
667,9,0,0
667,10,155,0
667,11,105,64
667,12,73,80
667,13,98,24
667,14,58,19
667,15,45,22
667,16,122,30
667,17,0,0
667,18,78,43
667,19,54,36
667,20,172,41
667,21,106,26
667,22,57,35
667,23,142,34
667,24,70,35
667,25,172,13
667,26,78,41
667,27,0,0
667,28,0,0
667,29,0,0
667,30,0,0
667,31,0,0
667,32,0,0
667,33,0,0
667,34,0,0
667,35,0,0
667,36,28,19
667,37,30,20
667,38,194,30
667,39,35,12
667,40,19,25
667,41,67,5
667,42,11,15
667,43,5,7
667,44,5,18
667,45,5,7
667,46,14,5
667,47,11,10
667,48,0,0
667,49,0,0
667,50,2,7
667,51,9,11
667,52,70,28
667,53,0,4
667,54,0,8
667,55,0,7
667,56,0,8
667,57,0,4
667,58,0,7
667,59,0,7
667,60,0,8
667,61,0,11
667,62,0,0
667,63,0,0
667,64,0,5
667,65,0,1
667,66,0,2
667,67,0,7
667,68,0,8
667,69,0,0
667,70,0,8
667,71,0,4
667,72,0,8
667,73,0,0
667,74,0,0
667,75,0,0
667,76,0,0
667,77,0,0
667,78,0,0
667,79,0,0
667,80,0,0
667,81,0,0
667,82,0,0
667,83,0,0
667,84,0,0
667,85,0,0
667,86,0,0
667,87,0,0
667,88,0,0
667,89,0,0
668,1,0,0
668,2,0,0
668,3,0,0
668,4,86,9
668,5,0,0
668,6,87,43
668,7,0,0
668,8,0,0
668,9,0,0
668,10,0,0
668,11,0,0
668,12,0,0
668,13,92,57
668,14,81,61
668,15,171,0
668,16,103,56
668,17,84,65
668,18,97,22
668,19,66,16
668,20,50,18
668,21,133,21
668,22,75,48
668,23,57,31
668,24,171,36
668,25,125,25
668,26,55,35
668,27,132,38
668,28,37,25
668,29,19,11
668,30,83,9
668,31,76,42
668,32,0,0
668,33,0,0
668,34,0,0
668,35,54,31
668,36,0,0
668,37,0,0
668,38,0,0
668,39,0,0
668,40,0,0
668,41,18,3
668,42,0,0
668,43,12,4
668,44,20,19
668,45,28,8
668,46,22,27
668,47,79,5
668,48,0,0
668,49,216,27
668,50,9,16
668,51,3,2
668,52,5,10
668,53,119,22
668,54,9,3
668,55,10,5
668,56,101,9
668,57,14,4
668,58,0,0
668,59,5,6
668,60,0,0
668,61,3,8
668,62,0,8
668,63,12,15
668,64,1,15
668,65,17,73
668,66,0,13
668,67,0,6
668,68,0,11
668,69,0,13
668,70,0,0
668,71,0,11
668,72,0,0
668,73,0,10
668,74,0,0
668,75,0,0
668,76,0,0
668,77,0,0
668,78,0,0
668,79,0,0
668,80,0,0
668,81,0,0
668,82,0,0
668,83,0,0
668,84,0,0
668,85,0,0
668,86,0,0
668,87,0,0
668,88,0,0
668,89,0,0
668,90,0,0
668,91,0,0
668,92,0,0
668,93,0,0
668,94,0,0
668,95,0,0
668,96,0,0
669,1,0,0
669,2,0,0
669,3,0,0
669,4,0,0
669,5,103,15
669,6,69,32
669,7,0,0
669,8,0,0
669,9,0,0
669,10,0,0
669,11,0,0
669,12,0,0
669,13,0,0
669,14,130,54
669,15,0,0
669,16,116,60
669,17,110,74
669,18,0,0
669,19,141,34
669,20,58,13
669,21,124,15
669,22,0,0
669,23,93,43
669,24,152,40
669,25,56,24
669,26,90,23
669,27,83,33
669,28,64,26
669,29,0,0
669,30,0,0
669,31,0,0
669,32,0,0
669,33,0,0
669,34,0,0
669,35,0,0
669,36,0,0
669,37,61,35
669,38,0,0
669,39,0,0
669,40,28,10
669,41,0,0
669,42,146,49
669,43,101,12
669,44,0,0
669,45,49,24
669,46,199,23
669,47,18,17
669,48,12,10
669,49,5,11
669,50,120,24
669,51,10,4
669,52,8,8
669,53,105,8
669,54,15,1
669,55,0,0
669,56,3,3
669,57,4,9
669,58,4,6
669,59,1,7
669,60,13,20
669,61,0,6
669,62,0,8
669,63,0,4
669,64,0,19
669,65,0,8
669,66,0,0
669,67,0,0
669,68,0,1
669,69,0,10
669,70,0,7
669,71,0,4
669,72,0,10
669,73,0,0
669,74,0,0
669,75,0,6
669,76,0,0
669,77,0,5
669,78,0,0
669,79,0,0
669,80,0,0
669,81,0,0
669,82,0,0
669,83,0,0
669,84,0,0
669,85,0,0
669,86,0,0
669,87,0,0
669,88,0,0
669,89,0,0
669,90,0,0
669,91,0,0
669,92,0,0
669,93,0,0
669,94,0,0
669,95,0,0
669,96,0,0
669,97,0,0
669,98,0,0
669,99,0,0
669,100,0,0
669,101,0,0
670,1,0,0
670,2,0,0
670,3,149,36
670,4,127,60
670,5,0,0
670,6,0,0
670,7,0,0
670,8,0,0
670,9,150,56
670,10,0,0
670,11,3,0
670,12,249,0
670,13,99,50
670,14,191,34
670,15,55,9
670,16,116,9
670,17,0,0
670,18,0,0
670,19,105,41
670,20,0,0
670,21,103,38
670,22,133,34
670,23,0,0
670,24,107,27
670,25,81,27
670,26,74,31
670,27,0,0
670,28,0,0
670,29,0,0
670,30,0,0
670,31,0,0
670,32,0,0
670,33,0,0
670,34,0,0
670,35,54,26
670,36,36,11
670,37,0,0
670,38,162,44
670,39,172,15
670,40,42,21
670,41,149,16
670,42,5,25
670,43,27,4
670,44,5,7
670,45,9,9
670,46,17,3
670,47,108,17
670,48,7,12
670,49,11,10
670,50,113,9
670,51,12,2
670,52,0,0
670,53,6,7
670,54,4,5
670,55,1,4
670,56,0,1
670,57,15,20
670,58,0,5
670,59,0,0
670,60,0,8
670,61,0,10
670,62,0,3
670,63,0,19
670,64,0,6
670,65,0,3
670,66,0,0
670,67,0,4
670,68,0,0
670,69,0,10
670,70,0,4
670,71,0,4
670,72,0,12
670,73,0,0
670,74,0,8
670,75,0,0
670,76,0,0
670,77,0,0
670,78,0,0
670,79,0,0
670,80,0,0
670,81,0,0
670,82,0,0
670,83,0,0
670,84,0,0
670,85,0,0
670,86,0,0
670,87,0,0
670,88,0,0
670,89,0,0
670,90,0,0
670,91,0,0
670,92,0,0
670,93,0,0
670,94,0,0
670,95,0,0
670,96,0,0
670,97,0,0
670,98,0,0
670,99,0,0
670,100,0,0
671,1,0,0
671,2,0,0
671,3,47,0
671,4,0,0
671,5,86,42
671,6,90,11
671,7,0,0
671,8,65,31
671,9,115,49
671,10,0,0
671,11,126,46
671,12,131,49
671,13,0,0
671,14,0,0
671,15,0,0
671,16,0,0
671,17,132,59
671,18,152,28
671,19,0,0
671,20,0,0
671,21,94,36
671,22,0,0
671,23,65,25
671,24,79,21
671,25,65,23
671,26,0,0
671,27,0,0
671,28,0,0
671,29,71,24
671,30,225,50
671,31,46,24
671,32,61,26
671,33,0,0
671,34,0,0
671,35,52,12
671,36,20,9
671,37,0,0
671,38,23,24
671,39,122,5
671,40,157,11
671,41,43,6
671,42,29,20
671,43,132,9
671,44,11,23
671,45,0,0
671,46,21,4
671,47,3,8
671,48,119,14
671,49,19,1
671,50,16,9
671,51,73,12
671,52,12,8
671,53,14,6
671,54,18,3
671,55,95,10
671,56,4,4
671,57,18,10
671,58,0,7
671,59,13,19
671,60,0,9
671,61,0,0
671,62,0,7
671,63,0,0
671,64,0,8
671,65,0,2
671,66,0,19
671,67,0,5
671,68,0,5
671,69,0,3
671,70,0,0
671,71,0,4
671,72,0,8
671,73,0,7
671,74,0,0
671,75,0,11
671,76,0,0
671,77,0,2
671,78,0,0
671,79,0,0
671,80,0,0
671,81,0,0
671,82,0,0
671,83,0,0
671,84,0,0
671,85,0,0
671,86,0,0
671,87,0,0
671,88,0,3
671,89,0,2
671,90,0,0
671,91,0,5
671,92,0,0
671,93,0,0
671,94,0,0
671,95,0,0
671,96,0,0
671,97,0,0
671,98,0,0
671,99,0,16
671,100,0,0
671,101,0,0
671,102,0,0
671,103,0,0
671,104,0,0
671,105,0,0
671,106,0,0
671,107,0,0
671,108,0,0
671,109,0,0
671,110,0,0
672,1,0,0
672,2,0,0
672,3,0,0
672,4,87,40
672,5,108,33
672,6,0,0
672,7,0,0
672,8,94,31
672,9,61,22
672,10,117,38
672,11,0,0
672,12,0,0
672,13,0,0
672,14,0,0
672,15,94,39
672,16,0,0
672,17,74,26
672,18,71,30
672,19,216,15
672,20,0,0
672,21,149,44
672,22,0,0
672,23,247,53
672,24,0,0
672,25,0,0
672,26,0,0
672,27,76,18
672,28,221,39
672,29,0,0
672,30,46,20
672,31,59,25
672,32,56,15
672,33,18,12
672,34,0,0
672,35,20,9
672,36,107,2
672,37,29,7
672,38,170,16
672,39,94,10
672,40,41,18
672,41,0,0
672,42,0,0
672,43,13,19
672,44,94,14
672,45,32,5
672,46,192,9
672,47,24,7
672,48,10,6
672,49,16,6
672,50,18,3
672,51,118,15
672,52,3,3
672,53,0,0
672,54,19,6
672,55,0,6
672,56,0,7
672,57,13,17
672,58,0,2
672,59,0,0
672,60,0,7
672,61,0,0
672,62,0,13
672,63,0,5
672,64,0,1
672,65,0,63
672,66,0,7
672,67,0,8
672,68,0,4
672,69,0,0
672,70,0,16
672,71,0,3
672,72,0,0
672,73,0,0
672,74,0,8
672,75,0,2
672,76,0,0
672,77,0,1
672,78,0,0
672,79,0,0
672,80,0,4
672,81,0,3
672,82,0,6
672,83,0,8
672,84,0,5
672,85,0,0
672,86,0,0
672,87,0,0
672,88,0,0
672,89,0,0
672,90,0,0
672,91,0,0
672,92,0,0
672,93,0,0
672,94,0,0
672,95,0,0
672,96,0,0
672,97,0,0
672,98,0,0
672,99,0,0
672,100,0,0
672,101,0,0
672,102,0,0
672,103,0,0
672,104,0,0
672,105,0,0
672,106,0,0
673,1,0,0
673,2,0,0
673,3,0,0
673,4,0,0
673,5,0,0
673,6,0,0
673,7,99,37
673,8,65,28
673,9,140,38
673,10,3,0
673,11,0,0
673,12,0,0
673,13,0,0
673,14,0,0
673,15,117,38
673,16,0,0
673,17,0,0
673,18,102,28
673,19,0,0
673,20,0,0
673,21,77,28
673,22,61,31
673,23,260,21
673,24,0,0
673,25,154,40
673,26,0,0
673,27,61,23
673,28,0,0
673,29,43,11
673,30,70,10
673,31,0,0
673,32,50,17
673,33,0,0
673,34,66,20
673,35,0,0
673,36,104,2
673,37,34,6
673,38,169,11
673,39,89,7
673,40,13,23
673,41,0,0
673,42,7,15
673,43,84,13
673,44,198,12
673,45,22,5
673,46,11,3
673,47,16,7
673,48,141,12
673,49,0,0
673,50,0,5
673,51,3,7
673,52,13,10
673,53,0,2
673,54,0,0
673,55,0,0
673,56,0,70
673,57,0,0
673,58,0,8
673,59,0,4
673,60,0,10
673,61,0,6
673,62,0,2
673,63,0,6
673,64,0,1
673,65,0,12
673,66,0,2
673,67,0,3
673,68,0,4
673,69,0,5
673,70,0,5
673,71,0,0
673,72,0,0
673,73,0,0
673,74,0,116
673,75,0,0
673,76,0,4
673,77,0,4
673,78,0,5
673,79,0,5
673,80,0,0
673,81,0,0
673,82,0,4
673,83,0,0
673,84,0,0
673,85,0,0
673,86,0,2
673,87,0,0
673,88,0,0
673,89,0,0
673,90,0,0
673,91,0,0
673,92,0,0
673,93,0,0
673,94,0,0
673,95,0,0
673,96,0,0
673,97,0,0
673,98,0,0
673,99,0,0
674,1,0,0
674,2,0,0
674,3,0,0
674,4,0,0
674,5,132,59
674,6,0,0
674,7,0,0
674,8,120,64
674,9,0,0
674,10,0,0
674,11,78,38
674,12,90,29
674,13,0,0
674,14,95,29
674,15,0,0
674,16,0,0
674,17,80,29
674,18,0,0
674,19,0,0
674,20,64,32
674,21,0,0
674,22,170,38
674,23,0,0
674,24,0,0
674,25,0,0
674,26,61,19
674,27,0,0
674,28,0,0
674,29,87,15
674,30,54,20
674,31,0,0
674,32,51,12
674,33,25,9
674,34,100,2
674,35,23,7
674,36,156,12
674,37,84,5
674,38,54,8
674,39,15,25
674,40,0,0
674,41,8,10
674,42,91,10
674,43,182,15
674,44,21,4
674,45,3,5
674,46,17,1
674,47,12,5
674,48,2,0
674,49,131,14
674,50,11,4
674,51,8,1
674,52,0,0
674,53,0,4
674,54,3,5
674,55,19,13
674,56,0,2
674,57,0,0
674,58,0,0
674,59,0,6
674,60,0,2
674,61,0,9
674,62,0,5
674,63,0,6
674,64,0,5
674,65,0,2
674,66,0,15
674,67,0,0
674,68,0,7
674,69,0,4
674,70,0,3
674,71,0,2
674,72,0,84
674,73,0,0
674,74,0,0
674,75,0,3
674,76,0,5
674,77,0,2
674,78,0,0
674,79,0,4
674,80,0,0
674,81,0,0
674,82,0,0
674,83,0,2
674,84,0,0
674,85,0,0
674,86,0,0
674,87,0,0
674,88,0,0
674,89,0,0
674,90,0,0
674,91,0,0
674,92,0,0
674,93,0,0
675,1,0,0
675,2,0,0
675,3,138,57
675,4,177,55
675,5,0,0
675,6,0,0
675,7,0,0
675,8,122,59
675,9,2,0
675,10,146,34
675,11,0,0
675,12,87,25
675,13,71,18
675,14,0,0
675,15,0,0
675,16,57,20
675,17,98,27
675,18,72,25
675,19,60,8
675,20,314,46
675,21,172,38
675,22,0,0
675,23,0,0
675,24,0,0
675,25,0,0
675,26,0,0
675,27,0,0
675,28,75,21
675,29,35,13
675,30,0,0
675,31,60,5
675,32,57,3
675,33,145,15
675,34,67,3
675,35,44,7
675,36,8,17
675,37,93,11
675,38,28,4
675,39,100,12
675,40,235,9
675,41,28,5
675,42,4,2
675,43,6,10
675,44,19,2
675,45,140,12
675,46,6,4
675,47,5,3
675,48,0,0
675,49,1,6
675,50,4,3
675,51,18,13
675,52,0,2
675,53,0,9
675,54,0,0
675,55,0,12
675,56,0,1
675,57,0,9
675,58,0,3
675,59,0,2
675,60,0,1
675,61,0,13
675,62,0,0
675,63,0,9
675,64,0,2
675,65,0,2
675,66,0,3
675,67,0,2
675,68,0,2
675,69,0,1
675,70,0,0
675,71,0,8
675,72,0,0
675,73,0,0
675,74,0,0
675,75,0,1
675,76,0,4
675,77,0,0
675,78,0,0
675,79,0,0
675,80,0,4
675,81,0,0
675,82,0,0
675,83,0,0
675,84,0,0
675,85,0,0
675,86,0,2
675,87,0,0
675,88,0,0
675,89,0,0
675,90,0,0
675,91,0,0
675,92,0,0
675,93,0,0
675,94,0,0
675,95,0,0
676,1,0,0
676,2,0,0
676,3,0,0
676,4,0,0
676,5,0,0
676,6,0,0
676,7,129,57
676,8,117,34
676,9,110,27
676,10,0,0
676,11,0,0
676,12,109,28
676,13,0,0
676,14,107,32
676,15,76,26
676,16,56,6
676,17,0,0
676,18,0,0
676,19,0,0
676,20,158,39
676,21,0,0
676,22,0,0
676,23,0,0
676,24,0,0
676,25,206,34
676,26,0,0
676,27,0,0
676,28,84,30
676,29,0,0
676,30,0,0
676,31,49,6
676,32,72,7
676,33,140,14
676,34,78,2
676,35,0,0
676,36,109,15
676,37,42,9
676,38,96,10
676,39,234,12
676,40,34,12
676,41,132,11
676,42,10,5
676,43,4,3
676,44,0,0
676,45,27,4
676,46,14,0
676,47,0,4
676,48,1,3
676,49,1,4
676,50,8,13
676,51,0,2
676,52,0,6
676,53,0,0
676,54,0,9
676,55,0,1
676,56,0,0
676,57,0,6
676,58,0,2
676,59,0,2
676,60,0,2
676,61,0,13
676,62,0,9
676,63,0,2
676,64,0,2
676,65,0,2
676,66,0,9
676,67,0,0
676,68,0,2
676,69,0,1
676,70,0,0
676,71,0,0
676,72,0,0
676,73,0,0
676,74,0,0
676,75,0,6
676,76,0,6
676,77,0,0
676,78,0,0
676,79,0,3
676,80,0,0
676,81,0,0
676,82,0,0
676,83,0,0
676,84,0,0
676,85,0,1
676,86,0,0
676,87,0,0
676,88,0,0
676,89,0,0
676,90,0,0
676,91,0,0
676,92,0,0
676,93,0,0
676,94,0,0
677,1,0,0
677,2,0,0
677,3,0,0
677,4,0,0
677,5,40,26
677,6,0,0
677,7,184,49
677,8,0,0
677,9,0,0
677,10,177,53
677,11,114,26
677,12,65,16
677,13,0,0
677,14,111,29
677,15,0,0
677,16,0,0
677,17,0,0
677,18,102,31
677,19,64,26
677,20,0,0
677,21,53,11
677,22,0,4
677,23,74,13
677,24,0,0
677,25,0,0
677,26,0,0
677,27,158,32
677,28,0,0
677,29,67,22
677,30,0,0
677,31,0,0
677,32,81,38
677,33,0,0
677,34,55,19
677,35,201,31
677,36,0,0
677,37,74,29
677,38,113,33
677,39,0,0
677,40,23,12
677,41,0,0
677,42,49,10
677,43,76,6
677,44,188,14
677,45,159,20
677,46,40,12
677,47,271,19
677,48,31,9
677,49,19,7
677,50,130,10
677,51,10,4
677,52,0,0
677,53,25,2
677,54,12,2
677,55,0,6
677,56,1,3
677,57,1,4
677,58,0,3
677,59,0,4
677,60,0,1
677,61,0,4
677,62,0,0
677,63,0,8
677,64,0,0
677,65,0,0
677,66,0,5
677,67,0,7
677,68,0,3
677,69,0,2
677,70,0,5
677,71,0,6
677,72,0,2
677,73,0,7
677,74,0,2
677,75,0,2
677,76,0,3
677,77,0,0
677,78,0,1
677,79,0,13
677,80,0,2
677,81,0,0
677,82,0,14
677,83,0,0
677,84,0,0
677,85,0,4
677,86,0,1
677,87,0,0
677,88,0,0
677,89,0,0
677,90,0,0
677,91,0,6
677,92,0,0
677,93,0,0
677,94,0,0
677,95,0,0
677,96,0,1
677,97,0,0
677,98,0,0
677,99,0,0
677,100,0,0
677,101,0,0
677,102,0,0
677,103,0,0
677,104,0,0
677,105,0,0
677,106,0,0
678,1,0,0
678,2,0,0
678,3,98,0
678,4,101,21
678,5,0,0
678,6,0,0
678,7,0,0
678,8,0,0
678,9,0,0
678,10,169,60
678,11,150,30
678,12,122,28
678,13,63,17
678,14,90,21
678,15,129,0
678,16,125,36
678,17,0,0
678,18,87,19
678,19,0,0
678,20,56,22
678,21,53,17
678,22,0,0
678,23,34,3
678,24,31,14
678,25,77,12
678,26,0,0
678,27,0,0
678,28,0,0
678,29,0,0
678,30,0,0
678,31,0,0
678,32,0,0
678,33,77,34
678,34,0,0
678,35,0,0
678,36,97,43
678,37,0,0
678,38,0,0
678,39,197,33
678,40,0,0
678,41,0,0
678,42,0,0
678,43,0,0
678,44,0,0
678,45,20,10
678,46,60,11
678,47,29,10
678,48,158,24
678,49,283,17
678,50,53,17
678,51,0,0
678,52,7,4
678,53,0,0
678,54,0,0
678,55,25,5
678,56,16,5
678,57,1,5
678,58,0,7
678,59,0,0
678,60,0,3
678,61,0,0
678,62,0,1
678,63,0,2
678,64,0,2
678,65,0,11
678,66,0,0
678,67,0,10
678,68,0,3
678,69,0,4
678,70,0,5
678,71,0,12
678,72,0,4
678,73,0,0
678,74,0,0
678,75,0,4
678,76,0,0
678,77,0,1
678,78,0,1
678,79,0,3
678,80,0,10
678,81,0,4
678,82,0,0
678,83,0,0
678,84,0,0
678,85,0,4
678,86,0,2
678,87,0,0
678,88,0,0
678,89,0,0
678,90,0,7
678,91,0,0
678,92,0,0
678,93,0,0
678,94,0,0
678,95,0,0
678,96,0,0
678,97,0,0
678,98,0,0
678,99,0,0
678,100,0,0
678,101,0,0
678,102,0,0
678,103,0,0
678,104,0,0
679,1,0,0
679,2,24,13
679,3,86,0
679,4,0,0
679,5,0,0
679,6,0,0
679,7,0,0
679,8,167,53
679,9,192,75
679,10,141,18
679,11,102,28
679,12,115,24
679,13,0,0
679,14,119,38
679,15,38,7
679,16,199,0
679,17,58,13
679,18,132,33
679,19,81,21
679,20,0,0
679,21,57,21
679,22,63,22
679,23,237,31
679,24,0,0
679,25,70,12
679,26,0,0
679,27,0,0
679,28,0,0
679,29,116,29
679,30,0,0
679,31,0,0
679,32,0,0
679,33,0,0
679,34,80,38
679,35,0,0
679,36,0,0
679,37,117,42
679,38,0,0
679,39,206,37
679,40,0,0
679,41,0,0
679,42,0,0
679,43,23,10
679,44,64,15
679,45,28,14
679,46,29,14
679,47,44,12
679,48,170,27
679,49,264,15
679,50,12,5
679,51,0,0
679,52,21,5
679,53,14,4
679,54,0,3
679,55,0,6
679,56,0,0
679,57,0,0
679,58,0,2
679,59,0,3
679,60,0,5
679,61,0,6
679,62,0,12
679,63,0,6
679,64,0,4
679,65,0,96
679,66,0,1
679,67,0,4
679,68,0,0
679,69,0,2
679,70,0,8
679,71,0,4
679,72,0,0
679,73,0,0
679,74,0,3
679,75,0,7
679,76,0,0
679,77,0,0
679,78,0,0
679,79,0,0
679,80,0,6
679,81,0,0
679,82,0,0
679,83,0,0
679,84,0,0
679,85,0,0
679,86,0,0
679,87,0,0
679,88,0,0
679,89,0,0
679,90,0,0
679,91,0,0
679,92,0,0
680,1,0,0
680,2,0,0
680,3,0,0
680,4,0,0
680,5,0,0
680,6,175,60
680,7,185,73
680,8,181,0
680,9,137,16
680,10,87,20
680,11,74,19
680,12,0,0
680,13,141,41
680,14,57,14
680,15,58,12
680,16,0,0
680,17,0,0
680,18,81,23
680,19,65,28
680,20,43,14
680,21,77,24
680,22,253,40
680,23,89,14
680,24,91,28
680,25,166,21
680,26,144,15
680,27,0,0
680,28,0,0
680,29,0,0
680,30,0,0
680,31,0,0
680,32,0,0
680,33,89,38
680,34,0,0
680,35,0,0
680,36,239,38
680,37,0,0
680,38,0,0
680,39,0,0
680,40,25,12
680,41,0,0
680,42,69,17
680,43,21,36
680,44,38,9
680,45,21,11
680,46,334,22
680,47,0,0
680,48,20,6
680,49,13,6
680,50,0,4
680,51,0,4
680,52,0,7
680,53,0,0
680,54,0,6
680,55,0,11
680,56,0,9
680,57,0,0
680,58,0,0
680,59,0,9
680,60,0,4
680,61,0,1
680,62,0,2
680,63,0,9
680,64,0,3
680,65,0,0
680,66,0,5
680,67,0,5
680,68,0,0
680,69,0,5
680,70,0,0
680,71,0,0
680,72,0,1
680,73,0,0
680,74,0,0
680,75,0,0
680,76,0,0
680,77,0,0
680,78,0,0
680,79,0,0
680,80,0,0
680,81,0,0
681,1,0,0
681,2,0,0
681,3,113,51
681,4,0,0
681,5,0,0
681,6,0,0
681,7,0,0
681,8,0,0
681,9,0,0
681,10,0,0
681,11,0,0
681,12,162,64
681,13,0,0
681,14,162,0
681,15,122,26
681,16,86,20
681,17,150,52
681,18,80,26
681,19,0,0
681,20,111,23
681,21,0,0
681,22,0,0
681,23,0,0
681,24,62,24
681,25,112,27
681,26,65,24
681,27,85,19
681,28,0,0
681,29,60,16
681,30,168,16
681,31,148,20
681,32,218,16
681,33,0,0
681,34,98,40
681,35,0,0
681,36,252,40
681,37,0,0
681,38,20,7
681,39,75,19
681,40,19,7
681,41,56,5
681,42,25,34
681,43,0,0
681,44,31,8
681,45,13,8
681,46,314,22
681,47,25,7
681,48,14,6
681,49,124,64
681,50,0,0
681,51,27,5
681,52,1,7
681,53,12,8
681,54,0,7
681,55,0,89
681,56,0,8
681,57,0,0
681,58,0,16
681,59,0,7
681,60,0,0
681,61,0,0
681,62,0,5
681,63,0,11
681,64,0,2
681,65,0,2
681,66,0,1
681,67,0,8
681,68,0,0
681,69,0,6
681,70,0,0
681,71,0,0
681,72,0,6
681,73,0,0
681,74,0,3
681,75,0,0
681,76,0,0
681,77,0,0
681,78,0,0
681,79,0,0
681,80,0,0
681,81,0,0
681,82,0,0
682,1,25,19
682,2,0,0
682,3,88,37
682,4,0,0
682,5,0,0
682,6,0,0
682,7,0,0
682,8,0,0
682,9,0,0
682,10,105,39
682,11,0,0
682,12,148,63
682,13,121,69
682,14,125,39
682,15,0,0
682,16,110,26
682,17,79,18
682,18,96,24
682,19,75,21
682,20,0,0
682,21,0,0
682,22,0,0
682,23,62,15
682,24,73,33
682,25,106,28
682,26,53,18
682,27,56,23
682,28,101,20
682,29,70,23
682,30,0,0
682,31,0,0
682,32,99,32
682,33,0,0
682,34,0,0
682,35,0,0
682,36,0,0
682,37,0,0
682,38,0,0
682,39,0,0
682,40,24,10
682,41,5,6
682,42,8,5
682,43,56,4
682,44,22,34
682,45,0,0
682,46,7,13
682,47,26,4
682,48,12,5
682,49,36,4
682,50,16,8
682,51,23,5
682,52,3,7
682,53,11,7
682,54,0,6
682,55,0,5
682,56,0,12
682,57,0,9
682,58,0,4
682,59,0,0
682,60,0,0
682,61,0,8
682,62,0,3
682,63,0,3
682,64,0,8
682,65,0,0
682,66,0,0
682,67,0,2
682,68,0,0
682,69,0,0
682,70,0,1
682,71,0,5
682,72,0,4
682,73,0,8
682,74,0,11
682,75,0,0
682,76,0,0
682,77,0,0
682,78,0,4
682,79,0,0
682,80,0,0
682,81,0,0
682,82,0,0
682,83,0,0
682,84,0,0
683,1,0,0
683,2,23,21
683,3,89,39
683,4,0,0
683,5,0,0
683,6,0,0
683,7,0,0
683,8,0,0
683,9,0,0
683,10,0,0
683,11,0,0
683,12,165,67
683,13,138,47
683,14,0,0
683,15,95,17
683,16,101,32
683,17,89,23
683,18,67,20
683,19,0,0
683,20,0,0
683,21,0,0
683,22,0,0
683,23,142,57
683,24,151,30
683,25,79,18
683,26,64,23
683,27,88,23
683,28,0,0
683,29,0,0
683,30,0,0
683,31,0,0
683,32,0,0
683,33,0,0
683,34,0,0
683,35,0,0
683,36,0,0
683,37,24,6
683,38,8,13
683,39,0,0
683,40,12,11
683,41,11,22
683,42,36,22
683,43,0,0
683,44,11,10
683,45,11,11
683,46,240,29
683,47,31,3
683,48,9,6
683,49,31,1
683,50,20,2
683,51,12,4
683,52,13,7
683,53,0,0
683,54,5,5
683,55,0,10
683,56,0,11
683,57,0,8
683,58,0,4
683,59,0,18
683,60,0,0
683,61,0,6
683,62,0,7
683,63,0,0
683,64,0,0
683,65,0,0
683,66,0,87
683,67,0,5
683,68,0,5
683,69,0,5
683,70,0,3
683,71,0,13
683,72,0,5
683,73,0,5
683,74,0,0
683,75,0,0
683,76,0,2
683,77,0,0
683,78,0,0
683,79,0,0
683,80,0,123
683,81,0,0
683,82,0,0
683,83,0,5
683,84,0,0
683,85,0,0
683,86,0,0
683,87,0,0
683,88,0,0
683,89,0,0
684,1,5,4
684,2,80,42
684,3,105,46
684,4,0,0
684,5,0,0
684,6,0,0
684,7,0,0
684,8,90,50
684,9,0,0
684,10,217,66
684,11,0,0
684,12,0,0
684,13,0,0
684,14,102,18
684,15,102,30
684,16,65,20
684,17,91,28
684,18,0,0
684,19,0,0
684,20,0,0
684,21,0,0
684,22,0,0
684,23,81,23
684,24,105,30
684,25,0,0
684,26,0,0
684,27,272,63
684,28,0,0
684,29,0,0
684,30,0,0
684,31,0,0
684,32,0,0
684,33,0,0
684,34,0,0
684,35,23,1
684,36,14,12
684,37,0,0
684,38,11,8
684,39,13,5
684,40,5,15
684,41,12,15
684,42,18,16
684,43,43,7
684,44,33,30
684,45,13,7
684,46,34,2
684,47,20,6
684,48,0,0
684,49,2,5
684,50,7,3
684,51,0,11
684,52,0,11
684,53,0,8
684,54,0,6
684,55,0,25
684,56,0,7
684,57,0,8
684,58,0,9
684,59,0,3
684,60,0,0
684,61,0,0
684,62,0,1
684,63,0,0
684,64,0,2
684,65,0,3
684,66,0,9
684,67,0,7
684,68,0,0
684,69,0,15
684,70,0,0
684,71,0,0
684,72,0,0
684,73,0,0
684,74,0,0
684,75,0,0
684,76,0,0
684,77,0,4
684,78,0,0
684,79,0,0
684,80,0,0
684,81,0,0
684,82,0,0
684,83,0,0
684,84,0,0
684,85,0,0
684,86,0,0
685,1,0,0
685,2,0,0
685,3,0,0
685,4,131,54
685,5,0,0
685,6,0,0
685,7,0,0
685,8,141,39
685,9,123,42
685,10,0,0
685,11,0,0
685,12,0,0
685,13,167,43
685,14,122,26
685,15,103,27
685,16,0,0
685,17,0,0
685,18,0,0
685,19,0,0
685,20,0,0
685,21,178,4
685,22,81,22
685,23,103,29
685,24,0,0
685,25,0,0
685,26,0,0
685,27,293,65
685,28,0,0
685,29,0,0
685,30,0,0
685,31,0,0
685,32,0,0
685,33,0,0
685,34,25,17
685,35,94,18
685,36,28,12
685,37,0,0
685,38,23,23
685,39,27,22
685,40,43,6
685,41,18,7
685,42,27,7
685,43,3,6
685,44,0,0
685,45,4,4
685,46,0,9
685,47,0,10
685,48,0,9
685,49,0,7
685,50,0,9
685,51,0,25
685,52,0,7
685,53,0,7
685,54,0,12
685,55,0,5
685,56,0,0
685,57,0,1
685,58,0,0
685,59,0,3
685,60,0,8
685,61,0,0
685,62,0,13
685,63,0,0
685,64,0,0
685,65,0,1
685,66,0,10
685,67,0,0
685,68,0,0
685,69,0,0
685,70,0,0
685,71,0,0
685,72,0,4
685,73,0,0
685,74,0,0
685,75,0,0
685,76,0,0
685,77,0,0
685,78,0,0
685,79,0,0
686,1,0,0
686,2,0,0
686,3,0,0
686,4,0,0
686,5,0,0
686,6,0,0
686,7,0,0
686,8,145,37
686,9,111,39
686,10,0,0
686,11,0,0
686,12,178,0
686,13,136,36
686,14,131,32
686,15,0,0
686,16,0,0
686,17,0,0
686,18,161,48
686,19,87,22
686,20,98,31
686,21,0,0
686,22,130,41
686,23,147,42
686,24,262,59
686,25,0,0
686,26,0,0
686,27,0,0
686,28,0,0
686,29,95,24
686,30,0,0
686,31,0,0
686,32,28,17
686,33,84,14
686,34,145,0
686,35,26,15
686,36,41,32
686,37,51,12
686,38,26,9
686,39,11,8
686,40,1,5
686,41,0,0
686,42,5,3
686,43,0,6
686,44,0,11
686,45,0,95
686,46,0,7
686,47,0,9
686,48,0,9
686,49,0,3
686,50,0,1
686,51,0,22
686,52,0,4
686,53,0,12
686,54,0,0
686,55,0,3
686,56,0,1
686,57,0,11
686,58,0,10
686,59,0,0
686,60,0,2
686,61,0,5
686,62,0,0
686,63,0,5
686,64,0,0
686,65,0,0
686,66,0,0
686,67,0,0
686,68,0,0
686,69,0,0
686,70,0,0
686,71,0,0
687,1,0,0
687,2,0,0
687,3,0,0
687,4,0,0
687,5,0,0
687,6,0,0
687,7,133,29
687,8,102,39
687,9,0,0
687,10,166,0
687,11,189,42
687,12,0,0
687,13,0,0
687,14,0,0
687,15,0,0
687,16,0,0
687,17,0,0
687,18,129,41
687,19,116,31
687,20,125,36
687,21,0,0
687,22,120,43
687,23,134,35
687,24,272,61
687,25,0,0
687,26,0,0
687,27,83,20
687,28,0,0
687,29,0,0
687,30,0,0
687,31,0,0
687,32,119,8
687,33,25,18
687,34,66,16
687,35,161,2
687,36,26,13
687,37,0,0
687,38,43,31
687,39,55,10
687,40,17,13
687,41,9,2
687,42,6,8
687,43,8,3
687,44,5,8
687,45,0,0
687,46,0,7
687,47,0,11
687,48,0,6
687,49,0,8
687,50,0,10
687,51,0,5
687,52,0,4
687,53,0,1
687,54,0,22
687,55,0,3
687,56,0,13
687,57,0,2
687,58,0,0
687,59,0,0
687,60,0,6
687,61,0,2
687,62,0,9
687,63,0,9
687,64,0,2
687,65,0,7
687,66,0,0
687,67,0,2
687,68,0,7
687,69,0,12
687,70,0,0
687,71,0,1
687,72,0,0
687,73,0,10
687,74,0,0
687,75,0,0
687,76,0,0
687,77,0,4
687,78,0,0
687,79,0,0
687,80,0,0
687,81,0,0
687,82,0,0
687,83,0,0
687,84,0,0
687,85,0,0
687,86,0,0
687,87,0,0
687,88,0,0
687,89,0,0
687,90,0,0
687,91,0,0
688,1,11,13
688,2,0,0
688,3,0,0
688,4,0,0
688,5,0,0
688,6,0,0
688,7,0,0
688,8,0,0
688,9,169,61
688,10,0,0
688,11,0,0
688,12,159,47
688,13,191,49
688,14,0,0
688,15,0,0
688,16,0,0
688,17,143,42
688,18,129,35
688,19,135,29
688,20,50,16
688,21,50,18
688,22,102,35
688,23,0,0
688,24,118,35
688,25,0,0
688,26,0,0
688,27,143,30
688,28,85,22
688,29,0,0
688,30,0,0
688,31,0,0
688,32,118,11
688,33,27,17
688,34,71,15
688,35,0,0
688,36,20,11
688,37,20,28
688,38,30,17
688,39,30,17
688,40,17,14
688,41,53,11
688,42,3,3
688,43,6,0
688,44,6,2
688,45,4,5
688,46,6,2
688,47,47,14
688,48,8,7
688,49,2,9
688,50,0,10
688,51,0,3
688,52,0,8
688,53,0,16
688,54,0,6
688,55,0,6
688,56,0,0
688,57,0,18
688,58,0,10
688,59,0,6
688,60,0,0
688,61,0,0
688,62,0,7
688,63,0,2
688,64,0,10
688,65,0,5
688,66,0,0
688,67,0,4
688,68,0,2
688,69,0,4
688,70,0,0
688,71,0,0
688,72,0,16
688,73,0,0
688,74,0,10
688,75,0,0
688,76,0,0
688,77,0,3
688,78,0,6
688,79,0,0
688,80,0,0
688,81,0,0
688,82,0,0
688,83,0,0
688,84,0,0
688,85,0,0
688,86,0,0
688,87,0,0
688,88,0,0
688,89,0,0
689,1,11,13
689,2,0,0
689,3,0,0
689,4,0,0
689,5,0,0
689,6,0,0
689,7,0,0
689,8,0,0
689,9,159,46
689,10,162,33
689,11,0,0
689,12,164,0
689,13,162,52
689,14,0,0
689,15,0,0
689,16,122,34
689,17,0,0
689,18,0,0
689,19,128,41
689,20,0,0
689,21,130,33
689,22,62,21
689,23,120,28
689,24,111,47
689,25,0,0
689,26,0,0
689,27,0,0
689,28,0,0
689,29,91,28
689,30,0,0
689,31,0,0
689,32,111,11
689,33,25,16
689,34,75,17
689,35,24,18
689,36,0,0
689,37,0,0
689,38,33,30
689,39,57,10
689,40,7,6
689,41,7,4
689,42,46,15
689,43,8,0
689,44,0,6
689,45,0,0
689,46,0,4
689,47,0,13
689,48,0,6
689,49,0,0
689,50,0,7
689,51,0,11
689,52,0,0
689,53,0,0
689,54,0,6
689,55,0,3
689,56,0,11
689,57,0,3
689,58,0,0
689,59,0,0
689,60,0,1
689,61,0,3
689,62,0,1
689,63,0,12
689,64,0,0
689,65,0,6
689,66,0,0
689,67,0,4
689,68,0,0
689,69,0,0
689,70,0,0
689,71,0,10
689,72,0,0
689,73,0,0
689,74,0,3
689,75,0,5
689,76,0,0
689,77,0,0
689,78,0,0
689,79,0,0
689,80,0,0
689,81,0,0
689,82,0,0
690,1,0,0
690,2,0,0
690,3,0,0
690,4,0,0
690,5,0,0
690,6,0,0
690,7,0,0
690,8,0,0
690,9,0,0
690,10,0,0
690,11,77,61
690,12,139,39
690,13,112,36
690,14,162,42
690,15,167,0
690,16,215,36
690,17,0,0
690,18,0,0
690,19,0,0
690,20,122,29
690,21,122,42
690,22,0,0
690,23,0,0
690,24,132,35
690,25,0,0
690,26,0,0
690,27,54,25
690,28,122,28
690,29,85,42
690,30,167,26
690,31,0,0
690,32,0,0
690,33,0,0
690,34,124,50
690,35,95,29
690,36,0,0
690,37,0,0
690,38,0,0
690,39,121,14
690,40,44,25
690,41,62,25
690,42,184,24
690,43,0,0
690,44,31,26
690,45,183,31
690,46,0,0
690,47,39,30
690,48,9,4
690,49,1,2
690,50,12,6
690,51,45,19
690,52,0,0
690,53,0,11
690,54,0,4
690,55,0,5
690,56,0,0
690,57,0,5
690,58,0,7
690,59,0,3
690,60,0,10
690,61,0,5
690,62,0,11
690,63,0,5
690,64,0,0
690,65,0,0
690,66,0,0
690,67,0,2
690,68,0,4
690,69,0,1
690,70,0,10
690,71,0,11
690,72,0,0
690,73,0,0
690,74,0,8
690,75,0,0
690,76,0,12
690,77,0,0
690,78,0,0
690,79,0,3
690,80,0,3
690,81,0,0
690,82,0,0
690,83,0,0
690,84,0,0
690,85,0,0
690,86,0,0
690,87,0,0
690,88,0,0
690,89,0,0
690,90,0,0
690,91,0,0
691,1,0,0
691,2,12,14
691,3,0,0
691,4,4,19
691,5,0,0
691,6,0,0
691,7,0,0
691,8,0,0
691,9,0,0
691,10,180,72
691,11,0,0
691,12,0,0
691,13,152,0
691,14,0,0
691,15,216,28
691,16,0,0
691,17,0,0
691,18,171,53
691,19,125,29
691,20,113,30
691,21,70,29
691,22,102,35
691,23,125,21
691,24,93,30
691,25,0,0
691,26,179,40
691,27,0,0
691,28,110,28
691,29,0,0
691,30,114,16
691,31,0,0
691,32,0,0
691,33,24,11
691,34,18,19
691,35,46,12
691,36,26,18
691,37,33,28
691,38,41,9
691,39,7,6
691,40,3,2
691,41,9,4
691,42,47,21
691,43,0,8
691,44,0,0
691,45,0,3
691,46,0,3
691,47,0,0
691,48,0,7
691,49,0,9
691,50,0,0
691,51,0,2
691,52,0,7
691,53,0,3
691,54,0,1
691,55,0,7
691,56,0,4
691,57,0,0
691,58,0,5
691,59,0,0
691,60,0,2
691,61,0,4
691,62,0,1
691,63,0,11
691,64,0,1
691,65,0,12
691,66,0,5
691,67,0,0
691,68,0,11
691,69,0,1
691,70,0,2
691,71,0,0
691,72,0,0
691,73,0,0
691,74,0,0
691,75,0,0
691,76,0,0
691,77,0,0
691,78,0,0
691,79,0,0
692,1,0,0
692,2,0,0
692,3,0,0
692,4,105,0
692,5,0,0
692,6,110,65
692,7,0,0
692,8,108,38
692,9,0,0
692,10,109,43
692,11,33,13
692,12,68,27
692,13,132,30
692,14,0,0
692,15,0,0
692,16,239,28
692,17,0,0
692,18,130,35
692,19,135,52
692,20,149,35
692,21,0,0
692,22,98,27
692,23,92,32
692,24,136,19
692,25,94,33
692,26,0,0
692,27,0,0
692,28,0,0
692,29,0,0
692,30,0,0
692,31,44,11
692,32,35,25
692,33,127,20
692,34,0,0
692,35,0,0
692,36,40,35
692,37,0,0
692,38,34,24
692,39,18,6
692,40,26,8
692,41,3,5
692,42,0,2
692,43,10,2
692,44,139,14
692,45,33,20
692,46,0,9
692,47,0,4
692,48,0,5
692,49,0,4
692,50,0,3
692,51,0,8
692,52,0,5
692,53,0,2
692,54,0,8
692,55,0,0
692,56,0,0
692,57,0,3
692,58,0,4
692,59,0,7
692,60,0,9
692,61,0,4
692,62,0,4
692,63,0,3
692,64,0,0
692,65,0,3
692,66,0,9
692,67,0,0
692,68,0,0
692,69,0,4
692,70,0,7
692,71,0,0
692,72,0,0
692,73,0,0
692,74,0,10
692,75,0,26
692,76,0,2
692,77,0,0
692,78,0,1
692,79,0,0
692,80,0,0
692,81,0,0
692,82,0,0
692,83,0,0
692,84,0,0
692,85,0,0
692,86,0,0
693,1,0,0
693,2,0,0
693,3,0,0
693,4,0,0
693,5,0,0
693,6,0,0
693,7,0,0
693,8,0,0
693,9,131,49
693,10,0,0
693,11,107,42
693,12,32,19
693,13,108,40
693,14,243,36
693,15,215,60
693,16,0,0
693,17,0,0
693,18,164,54
693,19,131,29
693,20,123,21
693,21,68,15
693,22,0,0
693,23,85,23
693,24,149,34
693,25,53,20
693,26,143,17
693,27,99,27
693,28,0,0
693,29,0,0
693,30,144,41
693,31,0,0
693,32,0,0
693,33,0,0
693,34,0,0
693,35,129,21
693,36,0,0
693,37,0,0
693,38,0,0
693,39,45,21
693,40,0,0
693,41,39,32
693,42,20,9
693,43,32,6
693,44,136,15
693,45,36,15
693,46,0,4
693,47,0,8
693,48,0,6
693,49,0,6
693,50,0,10
693,51,0,3
693,52,0,3
693,53,0,7
693,54,0,0
693,55,0,1
693,56,0,4
693,57,0,3
693,58,0,6
693,59,0,7
693,60,0,2
693,61,0,15
693,62,0,0
693,63,0,5
693,64,0,7
693,65,0,8
693,66,0,9
693,67,0,24
693,68,0,2
693,69,0,3
693,70,0,0
693,71,0,0
693,72,0,0
693,73,0,0
693,74,0,0
693,75,0,0
693,76,0,0
693,77,0,0
693,78,0,0
693,79,0,0
693,80,0,0
693,81,0,0
693,82,0,0
694,1,0,0
694,2,0,0
694,3,0,0
694,4,0,0
694,5,0,0
694,6,0,0
694,7,36,0
694,8,73,0
694,9,0,0
694,10,102,71
694,11,0,0
694,12,0,0
694,13,127,56
694,14,0,0
694,15,73,23
694,16,42,29
694,17,90,35
694,18,159,31
694,19,198,26
694,20,217,60
694,21,0,0
694,22,0,0
694,23,0,0
694,24,161,55
694,25,130,21
694,26,145,25
694,27,0,0
694,28,75,19
694,29,0,0
694,30,165,42
694,31,164,18
694,32,129,43
694,33,131,34
694,34,0,0
694,35,0,0
694,36,101,31
694,37,120,17
694,38,23,4
694,39,20,18
694,40,25,7
694,41,0,0
694,42,90,13
694,43,41,25
694,44,69,14
694,45,23,17
694,46,13,6
694,47,140,12
694,48,32,14
694,49,0,5
694,50,2,2
694,51,0,10
694,52,0,95
694,53,0,6
694,54,0,7
694,55,0,5
694,56,0,13
694,57,0,3
694,58,0,5
694,59,0,8
694,60,0,0
694,61,0,2
694,62,0,6
694,63,0,0
694,64,0,8
694,65,0,12
694,66,0,6
694,67,0,4
694,68,0,17
694,69,0,3
694,70,0,10
694,71,0,27
694,72,0,121
694,73,0,2
694,74,0,4
694,75,0,0
694,76,0,1
694,77,0,0
694,78,0,0
694,79,0,0
694,80,0,0
694,81,0,0
694,82,0,0
694,83,0,0
694,84,0,0
694,85,0,0
694,86,0,0
694,87,0,0
694,88,0,0
695,1,0,0
695,2,0,0
695,3,0,0
695,4,0,0
695,5,0,0
695,6,0,0
695,7,0,0
695,8,0,0
695,9,0,0
695,10,0,0
695,11,25,0
695,12,137,63
695,13,0,0
695,14,0,0
695,15,0,0
695,16,0,0
695,17,0,0
695,18,81,35
695,19,55,20
695,20,88,40
695,21,65,27
695,22,0,0
695,23,194,65
695,24,255,39
695,25,204,56
695,26,155,46
695,27,0,0
695,28,0,0
695,29,0,0
695,30,127,42
695,31,0,0
695,32,0,0
695,33,158,35
695,34,0,0
695,35,155,29
695,36,192,35
695,37,160,23
695,38,0,0
695,39,0,0
695,40,0,0
695,41,122,28
695,42,0,0
695,43,0,0
695,44,95,16
695,45,80,19
695,46,25,16
695,47,48,9
695,48,97,14
695,49,43,25
695,50,77,10
695,51,25,17
695,52,0,1
695,53,150,10
695,54,35,12
695,55,0,0
695,56,1,2
695,57,6,7
695,58,0,13
695,59,0,2
695,60,0,2
695,61,0,5
695,62,0,8
695,63,0,15
695,64,0,5
695,65,0,12
695,66,0,2
695,67,0,5
695,68,0,3
695,69,0,11
695,70,0,3
695,71,0,0
695,72,0,3
695,73,0,0
695,74,0,4
695,75,0,0
695,76,0,8
695,77,0,12
695,78,0,9
695,79,0,10
695,80,0,0
695,81,0,6
695,82,0,0
695,83,0,0
695,84,0,0
695,85,0,13
695,86,0,23
695,87,0,2
695,88,0,6
695,89,0,0
695,90,0,0
695,91,0,0
695,92,0,0
695,93,0,0
695,94,0,0
695,95,0,0
695,96,0,0
695,97,0,0
695,98,0,0
695,99,0,0
696,1,0,0
696,2,0,0
696,3,0,0
696,4,0,0
696,5,0,0
696,6,0,0
696,7,0,0
696,8,0,0
696,9,0,0
696,10,99,48
696,11,52,24
696,12,64,35
696,13,123,28
696,14,117,53
696,15,158,35
696,16,158,35
696,17,148,37
696,18,0,0
696,19,0,0
696,20,209,47
696,21,0,0
696,22,0,0
696,23,0,0
696,24,209,57
696,25,0,0
696,26,0,0
696,27,187,36
696,28,149,38
696,29,0,0
696,30,0,0
696,31,0,0
696,32,131,22
696,33,0,0
696,34,0,0
696,35,0,0
696,36,127,21
696,37,0,0
696,38,0,0
696,39,0,0
696,40,0,0
696,41,64,18
696,42,104,12
696,43,67,22
696,44,86,11
696,45,1,0
696,46,160,14
696,47,9,7
696,48,0,12
696,49,0,2
696,50,0,4
696,51,0,7
696,52,0,10
696,53,0,19
696,54,0,12
696,55,0,1
696,56,0,5
696,57,0,4
696,58,0,7
696,59,0,9
696,60,0,3
696,61,0,3
696,62,0,0
696,63,0,4
696,64,0,1
696,65,0,7
696,66,0,9
696,67,0,12
696,68,0,9
696,69,0,11
696,70,0,4
696,71,0,23
696,72,0,1
696,73,0,2
696,74,0,1
696,75,0,1
696,76,0,0
696,77,0,0
696,78,0,0
696,79,0,0
696,80,0,0
696,81,0,0
696,82,0,0
696,83,0,0
696,84,0,0
696,85,0,0
696,86,0,0
696,87,0,0
697,1,0,0
697,2,0,0
697,3,0,0
697,4,0,0
697,5,0,0
697,6,0,0
697,7,0,0
697,8,94,49
697,9,78,38
697,10,74,25
697,11,107,46
697,12,41,11
697,13,133,28
697,14,139,29
697,15,118,30
697,16,0,0
697,17,138,35
697,18,167,35
697,19,0,0
697,20,0,0
697,21,230,57
697,22,186,36
697,23,156,37
697,24,0,0
697,25,120,31
697,26,0,0
697,27,103,18
697,28,0,0
697,29,96,18
697,30,0,0
697,31,0,0
697,32,60,17
697,33,68,21
697,34,95,12
697,35,0,0
697,36,156,9
697,37,36,12
697,38,7,3
697,39,1,9
697,40,0,13
697,41,0,3
697,42,0,3
697,43,0,7
697,44,0,8
697,45,0,16
697,46,0,14
697,47,0,2
697,48,0,4
697,49,0,3
697,50,0,0
697,51,0,0
697,52,0,6
697,53,0,7
697,54,0,5
697,55,0,7
697,56,0,3
697,57,0,1
697,58,0,6
697,59,0,3
697,60,0,0
697,61,0,10
697,62,0,12
697,63,0,0
697,64,0,5
697,65,0,0
697,66,0,5
697,67,0,0
697,68,0,0
697,69,0,0
697,70,0,0
697,71,0,20
697,72,0,1
697,73,0,20
697,74,0,0
697,75,0,1
697,76,0,2
697,77,0,1
697,78,0,0
697,79,0,0
697,80,0,0
697,81,0,0
697,82,0,0
697,83,0,0
697,84,0,0
697,85,0,0
697,86,0,0
697,87,0,0
697,88,0,0
697,89,0,0
697,90,0,0
697,91,0,0
698,1,0,0
698,2,0,0
698,3,0,0
698,4,0,0
698,5,0,0
698,6,0,0
698,7,0,0
698,8,15,36
698,9,0,0
698,10,0,0
698,11,0,0
698,12,72,0
698,13,0,0
698,14,56,68
698,15,0,0
698,16,0,0
698,17,104,53
698,18,85,31
698,19,159,36
698,20,63,32
698,21,0,0
698,22,58,15
698,23,145,49
698,24,185,47
698,25,192,24
698,26,0,0
698,27,0,0
698,28,202,49
698,29,79,18
698,30,110,19
698,31,135,13
698,32,117,31
698,33,135,22
698,34,0,0
698,35,165,30
698,36,0,0
698,37,0,0
698,38,0,0
698,39,0,0
698,40,0,0
698,41,0,0
698,42,64,25
698,43,39,12
698,44,84,6
698,45,45,8
698,46,29,8
698,47,0,2
698,48,187,12
698,49,7,10
698,50,0,8
698,51,0,5
698,52,0,5
698,53,0,7
698,54,0,8
698,55,0,0
698,56,0,16
698,57,0,16
698,58,0,6
698,59,0,0
698,60,0,2
698,61,0,4
698,62,0,5
698,63,0,5
698,64,0,7
698,65,0,7
698,66,0,5
698,67,0,6
698,68,0,5
698,69,0,5
698,70,0,17
698,71,0,13
698,72,0,5
698,73,0,0
698,74,0,0
698,75,0,4
698,76,0,0
698,77,0,0
698,78,0,0
698,79,0,0
698,80,0,0
698,81,0,22
698,82,0,0
698,83,0,22
698,84,0,2
698,85,0,0
698,86,0,2
698,87,0,1
698,88,0,0
698,89,0,0
698,90,0,0
698,91,0,0
698,92,0,0
698,93,0,0
698,94,0,0
698,95,0,0
698,96,0,0
698,97,0,0
698,98,0,0
698,99,0,0
698,100,0,0
698,101,0,0
699,1,0,0
699,2,3,4
699,3,0,0
699,4,0,0
699,5,0,0
699,6,0,0
699,7,0,0
699,8,0,0
699,9,0,0
699,10,0,0
699,11,0,0
699,12,86,50
699,13,0,0
699,14,87,38
699,15,0,0
699,16,139,63
699,17,175,52
699,18,195,20
699,19,0,0
699,20,0,0
699,21,0,0
699,22,0,0
699,23,183,20
699,24,194,39
699,25,0,0
699,26,0,0
699,27,170,87
699,28,0,0
699,29,0,0
699,30,0,0
699,31,76,28
699,32,73,18
699,33,40,16
699,34,62,9
699,35,23,13
699,36,20,10
699,37,0,7
699,38,0,0
699,39,0,4
699,40,0,0
699,41,0,5
699,42,0,4
699,43,0,5
699,44,0,4
699,45,0,7
699,46,0,10
699,47,0,17
699,48,0,9
699,49,0,5
699,50,0,2
699,51,0,3
699,52,0,2
699,53,0,4
699,54,0,6
699,55,0,7
699,56,0,1
699,57,0,6
699,58,0,4
699,59,0,2
699,60,0,6
699,61,0,7
699,62,0,3
699,63,0,7
699,64,0,4
699,65,0,3
699,66,0,0
699,67,0,16
699,68,0,6
699,69,0,5
699,70,0,125
699,71,0,0
699,72,0,4
699,73,0,0
699,74,0,0
699,75,0,0
699,76,0,0
699,77,0,3
699,78,0,22
699,79,0,0
699,80,0,20
699,81,0,2
699,82,0,0
699,83,0,0
699,84,0,2
699,85,0,1
699,86,0,0
699,87,0,0
699,88,0,0
699,89,0,0
699,90,0,0
699,91,0,0
699,92,0,0
699,93,0,0
699,94,0,0
699,95,0,0
699,96,0,0
699,97,0,0
699,98,0,0
699,99,0,0
699,100,0,0
700,1,0,0
700,2,2,5
700,3,4,11
700,4,0,0
700,5,0,0
700,6,0,0
700,7,0,0
700,8,0,0
700,9,0,0
700,10,110,68
700,11,0,0
700,12,0,0
700,13,78,44
700,14,61,13
700,15,139,43
700,16,0,0
700,17,0,0
700,18,186,19
700,19,186,40
700,20,0,0
700,21,0,0
700,22,0,0
700,23,0,0
700,24,185,27
700,25,0,0
700,26,0,0
700,27,43,20
700,28,70,7
700,29,23,17
700,30,115,15
700,31,41,12
700,32,21,12
700,33,52,8
700,34,26,9
700,35,17,7
700,36,6,7
700,37,23,6
700,38,0,5
700,39,0,4
700,40,0,0
700,41,0,17
700,42,0,0
700,43,0,1
700,44,0,2
700,45,0,6
700,46,0,7
700,47,0,11
700,48,0,10
700,49,0,24
700,50,0,11
700,51,0,8
700,52,0,3
700,53,0,2
700,54,0,3
700,55,0,6
700,56,0,1
700,57,0,9
700,58,0,0
700,59,0,4
700,60,0,4
700,61,0,5
700,62,0,2
700,63,0,6
700,64,0,6
700,65,0,7
700,66,0,4
700,67,0,5
700,68,0,5
700,69,0,15
700,70,0,8
700,71,0,4
700,72,0,5
700,73,0,0
700,74,0,137
700,75,0,4
700,76,0,0
700,77,0,0
700,78,0,0
700,79,0,10
700,80,0,22
700,81,0,0
700,82,0,0
700,83,0,0
700,84,0,0
700,85,0,2
700,86,0,1
700,87,0,0
700,88,0,0
700,89,0,0
700,90,0,0
700,91,0,0
700,92,0,0
700,93,0,0
700,94,0,0
700,95,0,0
700,96,0,0
700,97,0,0
700,98,0,0
701,1,3,6
701,2,15,31
701,3,0,0
701,4,0,0
701,5,0,0
701,6,0,0
701,7,0,0
701,8,0,0
701,9,110,72
701,10,0,0
701,11,0,0
701,12,0,0
701,13,73,40
701,14,83,23
701,15,95,20
701,16,52,7
701,17,80,27
701,18,124,27
701,19,0,0
701,20,203,23
701,21,208,34
701,22,0,0
701,23,0,0
701,24,181,39
701,25,0,0
701,26,0,0
701,27,0,0
701,28,46,19
701,29,63,11
701,30,0,0
701,31,35,11
701,32,111,9
701,33,0,0
701,34,131,18
701,35,51,17
701,36,71,10
701,37,167,23
701,38,10,5
701,39,23,4
701,40,15,9
701,41,20,5
701,42,5,6
701,43,17,5
701,44,1,4
701,45,0,12
701,46,1,3
701,47,0,3
701,48,0,9
701,49,0,10
701,50,0,7
701,51,0,11
701,52,0,11
701,53,0,12
701,54,0,1
701,55,0,5
701,56,0,3
701,57,0,1
701,58,0,11
701,59,0,9
701,60,0,5
701,61,0,0
701,62,0,2
701,63,0,4
701,64,0,6
701,65,0,0
701,66,0,5
701,67,0,1
701,68,0,1
701,69,0,7
701,70,0,7
701,71,0,0
701,72,0,3
701,73,0,7
701,74,0,0
701,75,0,15
701,76,0,3
701,77,0,4
701,78,0,7
701,79,0,0
701,80,0,6
701,81,0,0
701,82,0,4
701,83,0,0
701,84,0,0
701,85,0,0
701,86,0,8
701,87,0,19
701,88,0,2
701,89,0,0
701,90,0,1
701,91,0,0
701,92,0,0
701,93,0,0
701,94,0,0
701,95,0,0
701,96,0,0
701,97,0,0
701,98,0,0
701,99,0,0
701,100,0,0
701,101,0,0
702,1,0,0
702,2,0,0
702,3,0,0
702,4,0,0
702,5,0,0
702,6,0,0
702,7,0,0
702,8,0,0
702,9,0,0
702,10,84,62
702,11,0,0
702,12,0,0
702,13,81,24
702,14,0,0
702,15,18,14
702,16,70,22
702,17,49,16
702,18,0,0
702,19,53,14
702,20,128,35
702,21,219,31
702,22,0,0
702,23,0,0
702,24,229,34
702,25,167,35
702,26,119,30
702,27,41,20
702,28,0,0
702,29,88,13
702,30,61,24
702,31,122,7
702,32,0,0
702,33,46,6
702,34,96,18
702,35,79,47
702,36,62,53
702,37,57,18
702,38,175,25
702,39,42,18
702,40,12,7
702,41,8,9
702,42,1,3
702,43,3,16
702,44,1,4
702,45,0,5
702,46,0,5
702,47,0,8
702,48,0,8
702,49,0,5
702,50,0,5
702,51,0,16
702,52,0,0
702,53,0,3
702,54,0,15
702,55,0,1
702,56,0,6
702,57,0,5
702,58,0,7
702,59,0,0
702,60,0,1
702,61,0,9
702,62,0,1
702,63,0,3
702,64,0,10
702,65,0,6
702,66,0,1
702,67,0,11
702,68,0,6
702,69,0,0
702,70,0,4
702,71,0,8
702,72,0,0
702,73,0,1
702,74,0,16
702,75,0,2
702,76,0,0
702,77,0,0
702,78,0,13
702,79,0,14
702,80,0,0
702,81,0,0
702,82,0,1
702,83,0,5
702,84,0,1
702,85,0,1
702,86,0,0
702,87,0,0
702,88,0,0
702,89,0,2
702,90,0,0
702,91,0,0
702,92,0,0
702,93,0,0
702,94,0,0
702,95,0,0
702,96,0,0
702,97,0,0
702,98,0,0
702,99,0,0
702,100,0,0
703,1,1,3
703,2,0,0
703,3,0,0
703,4,0,0
703,5,0,0
703,6,0,0
703,7,0,0
703,8,0,0
703,9,22,25
703,10,0,0
703,11,0,0
703,12,0,0
703,13,91,30
703,14,20,12
703,15,73,25
703,16,47,18
703,17,0,0
703,18,53,17
703,19,117,25
703,20,201,60
703,21,58,29
703,22,148,33
703,23,171,17
703,24,124,21
703,25,0,0
703,26,194,31
703,27,0,0
703,28,242,39
703,29,0,0
703,30,170,40
703,31,0,0
703,32,0,0
703,33,115,18
703,34,55,29
703,35,132,10
703,36,0,0
703,37,34,2
703,38,83,11
703,39,121,51
703,40,65,18
703,41,89,58
703,42,60,18
703,43,162,23
703,44,35,18
703,45,11,2
703,46,3,6
703,47,7,6
703,48,2,5
703,49,1,22
703,50,0,5
703,51,0,46
703,52,0,57
703,53,0,5
703,54,0,8
703,55,0,11
703,56,0,5
703,57,0,1
703,58,0,5
703,59,0,0
703,60,0,0
703,61,0,13
703,62,0,13
703,63,0,0
703,64,0,1
703,65,0,1
703,66,0,4
703,67,0,4
703,68,0,8
703,69,0,2
703,70,0,10
703,71,0,3
703,72,0,9
703,73,0,12
703,74,0,0
703,75,0,3
703,76,0,24
703,77,0,5
703,78,0,0
703,79,0,0
703,80,0,11
703,81,0,0
703,82,0,0
703,83,0,0
703,84,0,1
703,85,0,9
703,86,0,4
703,87,0,0
703,88,0,1
703,89,0,3
703,90,0,2
703,91,0,0
703,92,0,0
703,93,0,0
703,94,0,0
703,95,0,0
703,96,0,0
703,97,0,0
703,98,0,0
703,99,0,0
703,100,0,0
703,101,0,0
704,1,8,16
704,2,0,0
704,3,6,15
704,4,0,0
704,5,0,0
704,6,0,0
704,7,0,0
704,8,0,0
704,9,0,0
704,10,0,0
704,11,0,0
704,12,0,0
704,13,0,0
704,14,0,0
704,15,0,0
704,16,96,29
704,17,0,0
704,18,0,0
704,19,39,21
704,20,102,34
704,21,0,0
704,22,86,21
704,23,110,17
704,24,137,48
704,25,160,32
704,26,186,19
704,27,136,17
704,28,205,30
704,29,0,0
704,30,0,0
704,31,0,0
704,32,186,35
704,33,0,0
704,34,149,46
704,35,0,0
704,36,58,16
704,37,37,21
704,38,68,7
704,39,43,2
704,40,57,8
704,41,188,28
704,42,99,13
704,43,71,14
704,44,53,2
704,45,46,12
704,46,20,2
704,47,8,6
704,48,5,6
704,49,2,8
704,50,1,18
704,51,0,96
704,52,0,15
704,53,0,10
704,54,0,6
704,55,0,4
704,56,0,0
704,57,0,4
704,58,0,0
704,59,0,5
704,60,0,8
704,61,0,11
704,62,0,3
704,63,0,2
704,64,0,4
704,65,0,2
704,66,0,5
704,67,0,5
704,68,0,1
704,69,0,9
704,70,0,2
704,71,0,7
704,72,0,0
704,73,0,0
704,74,0,11
704,75,0,0
704,76,0,0
704,77,0,3
704,78,0,15
704,79,0,0
704,80,0,2
704,81,0,2
704,82,0,14
704,83,0,11
704,84,0,0
704,85,0,0
704,86,0,14
704,87,0,4
704,88,0,0
704,89,0,0
704,90,0,0
704,91,0,1
704,92,0,2
704,93,0,4
704,94,0,0
704,95,0,0
704,96,0,0
704,97,0,0
704,98,0,0
704,99,0,0
704,100,0,0
704,101,0,0
704,102,0,0
704,103,0,0
704,104,0,0
704,105,0,0
704,106,0,0
704,107,0,0
704,108,0,0
704,109,0,0
705,1,0,0
705,2,0,0
705,3,0,0
705,4,0,0
705,5,0,0
705,6,0,0
705,7,0,0
705,8,0,0
705,9,0,0
705,10,0,0
705,11,0,0
705,12,119,59
705,13,121,39
705,14,0,0
705,15,0,0
705,16,0,0
705,17,0,0
705,18,0,0
705,19,0,0
705,20,0,0
705,21,134,29
705,22,114,38
705,23,0,0
705,24,0,0
705,25,206,41
705,26,134,30
705,27,212,28
705,28,146,15
705,29,136,15
705,30,207,33
705,31,0,0
705,32,203,42
705,33,0,0
705,34,114,13
705,35,128,58
705,36,0,0
705,37,54,21
705,38,89,10
705,39,58,14
705,40,185,29
705,41,70,12
705,42,94,10
705,43,74,16
705,44,43,0
705,45,10,6
705,46,1,8
705,47,1,5
705,48,0,0
705,49,0,3
705,50,0,109
705,51,0,3
705,52,0,11
705,53,0,13
705,54,0,1
705,55,0,7
705,56,0,5
705,57,0,6
705,58,0,13
705,59,0,2
705,60,0,3
705,61,0,123
705,62,0,0
705,63,0,4
705,64,0,1
705,65,0,6
705,66,0,2
705,67,0,1
705,68,0,9
705,69,0,5
705,70,0,0
705,71,0,10
705,72,0,0
705,73,0,0
705,74,0,3
705,75,0,11
705,76,0,3
705,77,0,3
705,78,0,17
705,79,0,9
705,80,0,0
705,81,0,0
705,82,0,13
705,83,0,2
705,84,0,3
705,85,0,0
705,86,0,0
705,87,0,2
705,88,0,3
705,89,0,0
705,90,0,0
705,91,0,0
705,92,0,0
705,93,0,0
705,94,0,0
705,95,0,0
705,96,0,0
705,97,0,0
705,98,0,0
705,99,0,0
705,100,0,0
705,101,0,0
705,102,0,0
705,103,0,0
705,104,0,0
705,105,0,0
705,106,0,0
706,1,1,0
706,2,0,0
706,3,0,0
706,4,0,0
706,5,0,0
706,6,0,0
706,7,0,0
706,8,0,0
706,9,0,0
706,10,0,0
706,11,0,0
706,12,148,72
706,13,0,0
706,14,0,0
706,15,0,0
706,16,0,0
706,17,60,39
706,18,53,15
706,19,125,35
706,20,0,0
706,21,0,0
706,22,0,0
706,23,0,0
706,24,0,0
706,25,0,0
706,26,178,46
706,27,0,0
706,28,253,51
706,29,0,0
706,30,105,22
706,31,77,15
706,32,190,17
706,33,149,22
706,34,0,0
706,35,206,36
706,36,245,31
706,37,0,0
706,38,0,0
706,39,243,33
706,40,0,0
706,41,0,0
706,42,120,6
706,43,71,17
706,44,116,13
706,45,85,16
706,46,56,18
706,47,54,8
706,48,152,12
706,49,14,7
706,50,0,0
706,51,5,7
706,52,0,2
706,53,0,1
706,54,0,4
706,55,0,45
706,56,0,68
706,57,0,3
706,58,0,12
706,59,0,15
706,60,0,9
706,61,0,5
706,62,0,4
706,63,0,4
706,64,0,0
706,65,0,1
706,66,0,8
706,67,0,6
706,68,0,2
706,69,0,8
706,70,0,3
706,71,0,7
706,72,0,0
706,73,0,0
706,74,0,14
706,75,0,5
706,76,0,0
706,77,0,15
706,78,0,9
706,79,0,4
706,80,0,5
706,81,0,3
706,82,0,4
706,83,0,0
706,84,0,1
706,85,0,0
706,86,0,0
706,87,0,1
706,88,0,0
706,89,0,0
706,90,0,0
706,91,0,0
706,92,0,0
706,93,0,0
706,94,0,0
706,95,0,0
706,96,0,0
706,97,0,0
706,98,0,0
706,99,0,0
706,100,0,0
706,101,0,0
707,1,10,13
707,2,0,0
707,3,0,0
707,4,0,0
707,5,0,0
707,6,0,0
707,7,0,0
707,8,0,0
707,9,0,0
707,10,0,0
707,11,1,0
707,12,0,0
707,13,161,77
707,14,0,0
707,15,0,0
707,16,63,36
707,17,88,22
707,18,0,0
707,19,0,0
707,20,0,0
707,21,0,0
707,22,129,30
707,23,87,39
707,24,252,45
707,25,0,0
707,26,83,20
707,27,73,13
707,28,0,0
707,29,190,22
707,30,215,35
707,31,0,0
707,32,0,0
707,33,254,23
707,34,0,0
707,35,0,0
707,36,0,0
707,37,0,0
707,38,0,0
707,39,121,5
707,40,68,19
707,41,34,13
707,42,123,4
707,43,54,16
707,44,168,7
707,45,9,1
707,46,17,9
707,47,9,8
707,48,0,7
707,49,0,8
707,50,0,3
707,51,0,14
707,52,0,15
707,53,0,10
707,54,0,0
707,55,0,4
707,56,0,8
707,57,0,2
707,58,0,12
707,59,0,3
707,60,0,5
707,61,0,4
707,62,0,0
707,63,0,4
707,64,0,10
707,65,0,0
707,66,0,12
707,67,0,7
707,68,0,0
707,69,0,15
707,70,0,4
707,71,0,9
707,72,0,0
707,73,0,6
707,74,0,0
707,75,0,2
707,76,0,0
707,77,0,0
707,78,0,0
707,79,0,1
707,80,0,0
707,81,0,0
707,82,0,0
707,83,0,0
707,84,0,0
707,85,0,0
707,86,0,0
707,87,0,0
707,88,0,0
707,89,0,0
707,90,0,0
707,91,0,0
707,92,0,0
707,93,0,0
707,94,0,0
707,95,0,0
707,96,0,0
708,1,4,12
708,2,11,13
708,3,13,36
708,4,0,0
708,5,0,0
708,6,0,0
708,7,0,0
708,8,0,0
708,9,0,0
708,10,0,0
708,11,0,0
708,12,0,0
708,13,1,0
708,14,0,0
708,15,101,49
708,16,87,29
708,17,0,0
708,18,0,0
708,19,0,0
708,20,0,0
708,21,0,0
708,22,0,0
708,23,0,0
708,24,147,56
708,25,0,0
708,26,138,39
708,27,0,0
708,28,0,0
708,29,332,39
708,30,0,0
708,31,0,0
708,32,0,0
708,33,0,0
708,34,0,0
708,35,0,0
708,36,122,6
708,37,66,25
708,38,34,9
708,39,105,7
708,40,56,17
708,41,63,7
708,42,22,4
708,43,129,6
708,44,23,8
708,45,16,12
708,46,0,0
708,47,63,78
708,48,0,8
708,49,0,4
708,50,0,1
708,51,0,9
708,52,0,12
708,53,0,0
708,54,0,5
708,55,0,1
708,56,0,0
708,57,0,2
708,58,0,3
708,59,0,0
708,60,0,8
708,61,0,2
708,62,0,9
708,63,0,3
708,64,0,3
708,65,0,5
708,66,0,4
708,67,0,12
708,68,0,2
708,69,0,10
708,70,0,0
708,71,0,20
708,72,0,7
708,73,0,4
708,74,0,14
708,75,0,0
708,76,0,5
708,77,0,0
708,78,0,3
708,79,0,7
708,80,0,0
708,81,0,0
708,82,0,0
708,83,0,0
708,84,0,0
708,85,0,0
708,86,0,0
708,87,0,0
708,88,0,0
708,89,0,0
708,90,0,0
708,91,0,0
708,92,0,0
708,93,0,0
708,94,0,0
708,95,0,0
709,1,0,0
709,2,0,0
709,3,0,0
709,4,0,0
709,5,0,0
709,6,0,0
709,7,0,0
709,8,0,0
709,9,0,0
709,10,1,0
709,11,0,0
709,12,0,0
709,13,0,0
709,14,0,0
709,15,0,0
709,16,0,0
709,17,133,63
709,18,180,17
709,19,125,35
709,20,0,0
709,21,0,0
709,22,284,33
709,23,0,0
709,24,0,0
709,25,161,22
709,26,0,0
709,27,38,9
709,28,114,6
709,29,66,17
709,30,65,6
709,31,24,10
709,32,146,14
709,33,27,11
709,34,12,8
709,35,0,0
709,36,0,5
709,37,0,5
709,38,0,9
709,39,0,11
709,40,0,2
709,41,0,7
709,42,0,1
709,43,0,4
709,44,0,0
709,45,0,8
709,46,0,3
709,47,0,3
709,48,0,5
709,49,0,1
709,50,0,3
709,51,0,5
709,52,0,6
709,53,0,7
709,54,0,10
709,55,0,2
709,56,0,1
709,57,0,12
709,58,0,0
709,59,0,20
709,60,0,8
709,61,0,11
709,62,0,8
709,63,0,2
709,64,0,0
709,65,0,1
709,66,0,5
709,67,0,0
709,68,0,1
709,69,0,1
709,70,0,0
709,71,0,0
709,72,0,0
709,73,0,0
709,74,0,0
709,75,0,0
709,76,0,0
709,77,0,0
709,78,0,0
709,79,0,0
709,80,0,0
709,81,0,0
709,82,0,0
709,83,0,0
709,84,0,0
709,85,0,0
709,86,0,0
710,1,0,0
710,2,0,0
710,3,0,0
710,4,0,0
710,5,46,0
710,6,19,0
710,7,0,0
710,8,0,0
710,9,0,0
710,10,0,0
710,11,0,0
710,12,0,0
710,13,0,0
710,14,0,0
710,15,0,0
710,16,140,54
710,17,0,0
710,18,142,65
710,19,167,18
710,20,0,0
710,21,167,26
710,22,0,0
710,23,225,27
710,24,0,0
710,25,0,0
710,26,0,0
710,27,181,17
710,28,68,18
710,29,46,9
710,30,160,11
710,31,5,1
710,32,24,9
710,33,14,5
710,34,0,0
710,35,0,5
710,36,0,10
710,37,0,4
710,38,0,13
710,39,0,2
710,40,0,1
710,41,0,6
710,42,0,7
710,43,0,3
710,44,0,2
710,45,0,5
710,46,0,1
710,47,0,3
710,48,0,3
710,49,0,5
710,50,0,4
710,51,0,6
710,52,0,0
710,53,0,4
710,54,0,16
710,55,0,0
710,56,0,7
710,57,0,20
710,58,0,4
710,59,0,6
710,60,0,6
710,61,0,7
710,62,0,1
710,63,0,0
710,64,0,1
710,65,0,0
710,66,0,5
710,67,0,0
710,68,0,1
710,69,0,1
710,70,0,0
710,71,0,0
710,72,0,0
710,73,0,0
710,74,0,0
710,75,0,0
710,76,0,0
710,77,0,0
710,78,0,0
710,79,0,0
710,80,0,0
710,81,0,0
710,82,0,0
710,83,0,0
710,84,0,0
710,85,0,0
710,86,0,0
711,1,0,0
711,2,0,0
711,3,0,0
711,4,0,0
711,5,0,0
711,6,0,0
711,7,0,0
711,8,0,0
711,9,0,0
711,10,0,0
711,11,0,0
711,12,123,0
711,13,0,0
711,14,0,0
711,15,0,0
711,16,210,24
711,17,0,0
711,18,0,0
711,19,0,0
711,20,227,23
711,21,0,0
711,22,0,0
711,23,187,11
711,24,0,0
711,25,185,31
711,26,169,12
711,27,51,13
711,28,64,8
711,29,55,8
711,30,162,11
711,31,18,10
711,32,0,2
711,33,0,6
711,34,0,5
711,35,0,7
711,36,0,5
711,37,0,13
711,38,0,3
711,39,0,14
711,40,0,6
711,41,0,6
711,42,0,4
711,43,0,2
711,44,0,5
711,45,0,0
711,46,0,8
711,47,0,9
711,48,0,0
711,49,0,15
711,50,0,13
711,51,0,0
711,52,0,0
711,53,0,3
711,54,0,24
711,55,0,3
711,56,0,3
711,57,0,6
711,58,0,3
711,59,0,2
711,60,0,0
711,61,0,0
711,62,0,0
711,63,0,9
711,64,0,0
711,65,0,1
711,66,0,2
711,67,0,2
711,68,0,0
711,69,0,0
711,70,0,0
711,71,0,0
711,72,0,0
711,73,0,0
711,74,0,0
711,75,0,0
711,76,0,0
711,77,0,0
711,78,0,0
711,79,0,0
711,80,0,0
711,81,0,0
711,82,0,0
711,83,0,0
712,1,0,0
712,2,0,0
712,3,0,0
712,4,0,0
712,5,120,35
712,6,1,0
712,7,0,0
712,8,0,0
712,9,0,0
712,10,0,0
712,11,0,0
712,12,0,0
712,13,0,0
712,14,0,0
712,15,249,33
712,16,198,26
712,17,0,0
712,18,171,32
712,19,49,11
712,20,71,6
712,21,62,8
712,22,187,11
712,23,3,0
712,24,0,0
712,25,0,0
712,26,0,8
712,27,0,1
712,28,0,8
712,29,0,7
712,30,0,9
712,31,0,4
712,32,0,6
712,33,0,9
712,34,0,1
712,35,0,13
712,36,0,0
712,37,0,6
712,38,0,2
712,39,0,4
712,40,0,3
712,41,0,3
712,42,0,0
712,43,0,6
712,44,0,11
712,45,0,1
712,46,0,14
712,47,0,0
712,48,0,0
712,49,0,10
712,50,0,2
712,51,0,23
712,52,0,3
712,53,0,6
712,54,0,4
712,55,0,0
712,56,0,0
712,57,0,12
712,58,0,0
712,59,0,1
712,60,0,2
712,61,0,0
712,62,0,1
712,63,0,0
712,64,0,0
712,65,0,0
712,66,0,0
712,67,0,0
712,68,0,0
712,69,0,0
712,70,0,0
712,71,0,0
712,72,0,0
712,73,0,0
712,74,0,0
712,75,0,0
712,76,0,0
712,77,0,0
712,78,0,0
712,79,0,0
712,80,0,0
713,1,0,0
713,2,23,2
713,3,0,0
713,4,0,0
713,5,0,0
713,6,0,0
713,7,0,0
713,8,0,0
713,9,0,0
713,10,1,0
713,11,0,0
713,12,0,0
713,13,0,0
713,14,111,6
713,15,0,0
713,16,0,0
713,17,0,0
713,18,0,0
713,19,0,0
713,20,240,33
713,21,0,0
713,22,195,18
713,23,239,27
713,24,207,16
713,25,169,28
713,26,55,9
713,27,66,8
713,28,65,9
713,29,1,0
713,30,101,9
713,31,26,6
713,32,0,7
713,33,0,0
713,34,0,9
713,35,0,11
713,36,0,9
713,37,0,1
713,38,0,0
713,39,0,15
713,40,0,12
713,41,0,0
713,42,0,5
713,43,0,1
713,44,0,4
713,45,0,0
713,46,0,2
713,47,0,3
713,48,0,0
713,49,0,0
713,50,0,2
713,51,0,7
713,52,0,1
713,53,0,11
713,54,0,14
713,55,0,5
713,56,0,3
713,57,0,23
713,58,0,3
713,59,0,3
713,60,0,3
713,61,0,0
713,62,0,0
713,63,0,0
713,64,0,0
713,65,0,12
713,66,0,5
713,67,0,0
713,68,0,0
713,69,0,0
713,70,0,1
713,71,0,0
713,72,0,0
713,73,0,0
713,74,0,0
713,75,0,0
713,76,0,0
713,77,0,0
713,78,0,0
713,79,0,0
713,80,0,0
713,81,0,0
713,82,0,0
713,83,0,0
713,84,0,0
713,85,0,0
713,86,0,0
713,87,0,0
713,88,0,0
713,89,0,0
713,90,0,0
713,91,0,0
714,1,0,0
714,2,0,0
714,3,28,58
714,4,0,0
714,5,0,0
714,6,0,0
714,7,0,0
714,8,0,0
714,9,1,0
714,10,0,0
714,11,0,0
714,12,0,0
714,13,0,0
714,14,0,0
714,15,0,0
714,16,0,0
714,17,0,0
714,18,0,0
714,19,238,38
714,20,0,0
714,21,189,26
714,22,226,26
714,23,221,16
714,24,174,32
714,25,84,12
714,26,0,0
714,27,77,10
714,28,0,0
714,29,32,0
714,30,0,6
714,31,0,10
714,32,0,8
714,33,0,0
714,34,0,6
714,35,0,12
714,36,0,0
714,37,0,17
714,38,0,0
714,39,0,1
714,40,0,0
714,41,0,3
714,42,0,0
714,43,0,2
714,44,0,3
714,45,0,1
714,46,0,0
714,47,0,1
714,48,0,8
714,49,0,2
714,50,0,16
714,51,0,0
714,52,0,4
714,53,0,0
714,54,0,28
714,55,0,5
714,56,0,0
714,57,0,2
714,58,0,0
714,59,0,0
714,60,0,0
714,61,0,1
714,62,0,6
714,63,0,13
714,64,0,0
714,65,0,0
714,66,0,2
714,67,0,1
714,68,0,0
714,69,0,0
714,70,0,0
714,71,0,0
714,72,0,0
714,73,0,0
714,74,0,0
714,75,0,0
714,76,0,0
714,77,0,0
714,78,0,0
714,79,0,0
714,80,0,0
714,81,0,0
714,82,0,0
714,83,0,0
714,84,0,0
714,85,0,0
714,86,0,0
714,87,0,0
714,88,0,0
714,89,0,0
714,90,0,0
714,91,0,0
714,92,0,0
714,93,0,0
715,1,0,0
715,2,0,0
715,3,59,0
715,4,0,0
715,5,27,44
715,6,0,0
715,7,0,0
715,8,10,37
715,9,0,0
715,10,24,70
715,11,1,0
715,12,2,0
715,13,0,0
715,14,0,0
715,15,0,0
715,16,0,0
715,17,0,0
715,18,133,29
715,19,0,0
715,20,0,0
715,21,0,0
715,22,212,37
715,23,173,18
715,24,241,27
715,25,187,12
715,26,156,23
715,27,0,0
715,28,147,17
715,29,0,0
715,30,84,12
715,31,0,0
715,32,78,7
715,33,38,5
715,34,30,2
715,35,0,2
715,36,0,7
715,37,0,7
715,38,0,0
715,39,0,10
715,40,0,9
715,41,0,14
715,42,0,0
715,43,0,0
715,44,0,1
715,45,0,0
715,46,0,0
715,47,0,4
715,48,0,0
715,49,0,1
715,50,0,18
715,51,0,2
715,52,0,2
715,53,0,0
715,54,0,2
715,55,0,3
715,56,0,7
715,57,0,2
715,58,0,0
715,59,0,29
715,60,0,5
715,61,0,0
715,62,0,0
715,63,0,0
715,64,0,0
715,65,0,0
715,66,0,0
715,67,0,0
715,68,0,2
715,69,0,6
715,70,0,13
715,71,0,0
715,72,0,0
715,73,0,1
715,74,0,0
715,75,0,0
715,76,0,0
715,77,0,0
715,78,0,0
715,79,0,0
715,80,0,0
715,81,0,0
715,82,0,0
715,83,0,0
715,84,0,0
715,85,0,0
715,86,0,0
715,87,0,0
715,88,0,0
715,89,0,0
715,90,0,0
715,91,0,0
715,92,0,0
715,93,0,0
715,94,0,0
715,95,0,0
715,96,0,0
715,97,0,0
715,98,0,0
715,99,0,0
715,100,0,0
716,1,7,0
716,2,0,0
716,3,0,0
716,4,0,0
716,5,0,0
716,6,0,0
716,7,1,0
716,8,0,0
716,9,0,0
716,10,0,0
716,11,0,0
716,12,0,0
716,13,0,0
716,14,175,35
716,15,235,21
716,16,186,22
716,17,0,0
716,18,145,13
716,19,201,6
716,20,89,10
716,21,69,6
716,22,202,57
716,23,41,5
716,24,30,3
716,25,0,7
716,26,0,0
716,27,0,1
716,28,0,11
716,29,0,4
716,30,0,11
716,31,0,1
716,32,0,3
716,33,0,0
716,34,0,1
716,35,0,0
716,36,0,2
716,37,0,0
716,38,0,1
716,39,0,0
716,40,0,0
716,41,0,20
716,42,0,12
716,43,0,5
716,44,0,2
716,45,0,0
716,46,0,7
716,47,0,1
716,48,0,4
716,49,0,1
716,50,0,0
716,51,0,2
716,52,0,7
716,53,0,0
716,54,0,0
716,55,0,0
716,56,0,6
716,57,0,1
716,58,0,0
716,59,0,1
716,60,0,1
716,61,0,0
716,62,0,8
716,63,0,0
716,64,0,0
716,65,0,0
716,66,0,0
716,67,0,0
716,68,0,0
716,69,0,0
716,70,0,0
716,71,0,0
716,72,0,0
716,73,0,0
716,74,0,0
716,75,0,0
716,76,0,0
716,77,0,0
716,78,0,0
716,79,0,0
716,80,0,0
716,81,0,0
716,82,0,0
716,83,0,0
716,84,0,0
716,85,0,0
717,1,0,0
717,2,0,0
717,3,0,0
717,4,0,0
717,5,0,0
717,6,1,0
717,7,5,0
717,8,0,0
717,9,0,0
717,10,0,0
717,11,0,0
717,12,0,0
717,13,0,0
717,14,0,0
717,15,0,0
717,16,0,0
717,17,0,0
717,18,230,22
717,19,197,25
717,20,0,0
717,21,161,10
717,22,196,9
717,23,95,13
717,24,69,4
717,25,16,5
717,26,0,0
717,27,45,5
717,28,0,9
717,29,0,10
717,30,0,8
717,31,0,14
717,32,0,1
717,33,0,0
717,34,0,5
717,35,0,0
717,36,0,0
717,37,0,4
717,38,0,0
717,39,0,0
717,40,0,14
717,41,0,9
717,42,0,3
717,43,0,3
717,44,0,0
717,45,0,0
717,46,0,2
717,47,0,12
717,48,0,0
717,49,0,0
717,50,0,4
717,51,0,3
717,52,0,0
717,53,0,0
717,54,0,0
717,55,0,5
717,56,0,0
717,57,0,1
717,58,0,0
717,59,0,0
717,60,0,1
717,61,0,0
717,62,0,10
717,63,0,0
717,64,0,0
717,65,0,0
717,66,0,0
717,67,0,0
717,68,0,0
717,69,0,0
717,70,0,0
717,71,0,0
717,72,0,0
717,73,0,0
717,74,0,0
717,75,0,0
717,76,0,0
717,77,0,0
717,78,0,0
717,79,0,0
717,80,0,0
717,81,0,0
717,82,0,0
717,83,0,0
717,84,0,0
717,85,0,0
717,86,0,0
717,87,0,0
717,88,0,0
717,89,0,0
718,1,5,12
718,2,0,0
718,3,0,0
718,4,0,0
718,5,31,69
718,6,0,0
718,7,0,0
718,8,0,0
718,9,0,0
718,10,1,0
718,11,3,0
718,12,0,0
718,13,0,0
718,14,0,0
718,15,0,0
718,16,0,0
718,17,103,22
718,18,185,28
718,19,0,0
718,20,0,0
718,21,0,0
718,22,119,20
718,23,172,52
718,24,40,3
718,25,40,2
718,26,156,12
718,27,206,25
718,28,0,0
718,29,127,59
718,30,194,11
718,31,208,71
718,32,214,8
718,33,69,10
718,34,21,4
718,35,204,22
718,36,0,0
718,37,48,7
718,38,0,13
718,39,0,9
718,40,0,10
718,41,0,13
718,42,0,1
718,43,0,0
718,44,0,0
718,45,0,0
718,46,0,2
718,47,0,1
718,48,0,3
718,49,0,15
718,50,0,8
718,51,0,0
718,52,0,1
718,53,0,1
718,54,0,0
718,55,0,2
718,56,0,0
718,57,0,8
718,58,0,0
718,59,0,22
718,60,0,3
718,61,0,4
718,62,0,0
718,63,0,0
718,64,0,5
718,65,0,1
718,66,0,0
718,67,0,2
718,68,0,2
718,69,0,0
718,70,0,0
718,71,0,0
718,72,0,5
718,73,0,0
718,74,0,0
718,75,0,0
718,76,0,0
718,77,0,0
718,78,0,0
718,79,0,0
718,80,0,0
718,81,0,0
718,82,0,0
718,83,0,0
718,84,0,0
718,85,0,0
718,86,0,0
718,87,0,0
718,88,0,0
718,89,0,0
718,90,0,0
718,91,0,0
718,92,0,0
718,93,0,0
718,94,0,0
718,95,0,0
718,96,0,0
718,97,0,0
718,98,0,0
719,1,0,1
719,2,10,9
719,3,0,0
719,4,0,0
719,5,2,0
719,6,0,0
719,7,2,0
719,8,0,0
719,9,150,20
719,10,0,0
719,11,0,0
719,12,0,0
719,13,0,0
719,14,101,28
719,15,199,23
719,16,0,0
719,17,166,42
719,18,107,21
719,19,49,23
719,20,69,27
719,21,122,6
719,22,213,26
719,23,189,11
719,24,222,12
719,25,68,8
719,26,10,2
719,27,26,6
719,28,205,19
719,29,53,6
719,30,11,1
719,31,0,3
719,32,0,16
719,33,0,13
719,34,0,8
719,35,0,9
719,36,0,0
719,37,0,0
719,38,0,15
719,39,0,0
719,40,0,3
719,41,0,3
719,42,0,11
719,43,0,9
719,44,0,0
719,45,0,3
719,46,0,0
719,47,0,0
719,48,0,2
719,49,0,0
719,50,0,8
719,51,0,7
719,52,0,16
719,53,0,0
719,54,0,0
719,55,0,13
719,56,0,4
719,57,0,2
719,58,0,0
719,59,0,2
719,60,0,0
719,61,0,0
719,62,0,1
719,63,0,6
719,64,0,0
719,65,0,3
719,66,0,0
719,67,0,0
719,68,0,0
719,69,0,0
719,70,0,0
719,71,0,0
719,72,0,0
719,73,0,0
719,74,0,0
719,75,0,0
719,76,0,0
719,77,0,0
719,78,0,0
719,79,0,0
719,80,0,0
719,81,0,0
719,82,0,0
719,83,0,0
719,84,0,0
720,1,0,0
720,2,0,0
720,3,0,0
720,4,2,0
720,5,0,0
720,6,0,0
720,7,0,0
720,8,141,18
720,9,0,0
720,10,0,0
720,11,0,0
720,12,0,0
720,13,0,0
720,14,170,40
720,15,0,0
720,16,0,0
720,17,239,62
720,18,0,0
720,19,94,20
720,20,119,7
720,21,217,24
720,22,242,5
720,23,204,10
720,24,95,46
720,25,76,4
720,26,68,10
720,27,20,3
720,28,0,1
720,29,0,16
720,30,0,7
720,31,0,10
720,32,0,0
720,33,0,15
720,34,0,0
720,35,0,2
720,36,0,3
720,37,0,8
720,38,0,5
720,39,0,0
720,40,0,0
720,41,0,4
720,42,0,0
720,43,0,6
720,44,0,22
720,45,0,0
720,46,0,10
720,47,0,0
720,48,0,9
720,49,0,2
720,50,0,2
720,51,0,0
720,52,0,0
720,53,0,1
720,54,0,3
720,55,0,5
720,56,0,0
720,57,0,1
720,58,0,1
720,59,0,0
720,60,0,0
720,61,0,0
720,62,0,0
720,63,0,0
720,64,0,0
720,65,0,0
720,66,0,0
720,67,0,0
720,68,0,0
720,69,0,0
720,70,0,0
720,71,0,0
720,72,0,0
720,73,0,0
720,74,0,0
720,75,0,0
720,76,0,0
720,77,0,0
720,78,0,0
720,79,0,0
720,80,0,0
720,81,0,0
720,82,0,0
720,83,0,0
720,84,0,0
720,85,0,0
721,1,0,0
721,2,0,0
721,3,0,0
721,4,0,0
721,5,2,0
721,6,0,0
721,7,0,0
721,8,0,0
721,9,0,0
721,10,0,0
721,11,0,0
721,12,171,33
721,13,0,0
721,14,0,0
721,15,0,0
721,16,234,64
721,17,0,0
721,18,0,0
721,19,108,27
721,20,227,26
721,21,222,6
721,22,225,3
721,23,67,6
721,24,66,13
721,25,15,4
721,26,0,19
721,27,0,5
721,28,0,5
721,29,0,12
721,30,0,0
721,31,0,9
721,32,0,0
721,33,0,0
721,34,0,10
721,35,0,6
721,36,0,0
721,37,0,1
721,38,0,13
721,39,0,0
721,40,0,5
721,41,0,5
721,42,0,0
721,43,0,9
721,44,0,0
721,45,0,0
721,46,0,5
721,47,0,2
721,48,0,3
721,49,0,0
721,50,0,0
721,51,0,2
721,52,0,3
721,53,0,0
721,54,0,8
721,55,0,1
721,56,0,0
721,57,0,1
721,58,0,0
721,59,0,0
721,60,0,0
721,61,0,0
721,62,0,0
721,63,0,0
721,64,0,0
721,65,0,0
721,66,0,0
721,67,0,0
721,68,0,0
721,69,0,0
721,70,0,0
721,71,0,0
721,72,0,0
721,73,0,0
721,74,0,0
721,75,0,0
721,76,0,0
721,77,0,0
721,78,0,0
721,79,0,0
721,80,0,0
721,81,0,0
721,82,0,0
721,83,0,0
721,84,0,0
722,1,0,0
722,2,0,0
722,3,0,0
722,4,0,0
722,5,0,0
722,6,2,0
722,7,0,0
722,8,0,0
722,9,0,0
722,10,0,0
722,11,0,0
722,12,0,0
722,13,0,0
722,14,0,0
722,15,0,0
722,16,0,0
722,17,0,0
722,18,170,27
722,19,0,0
722,20,0,0
722,21,0,0
722,22,0,0
722,23,0,0
722,24,0,0
722,25,0,0
722,26,0,0
722,27,0,0
722,28,139,9
722,29,94,13
722,30,132,12
722,31,50,4
722,32,163,1
722,33,198,1
722,34,98,5
722,35,49,8
722,36,195,11
722,37,15,7
722,38,0,11
722,39,0,7
722,40,0,3
722,41,0,16
722,42,0,7
722,43,0,0
722,44,0,7
722,45,0,0
722,46,0,9
722,47,0,4
722,48,0,1
722,49,0,9
722,50,0,4
722,51,0,4
722,52,0,7
722,53,0,0
722,54,0,10
722,55,0,0
722,56,0,0
722,57,0,2
722,58,0,3
722,59,0,6
722,60,0,2
722,61,0,0
722,62,0,3
722,63,0,0
722,64,0,0
722,65,0,6
722,66,0,1
722,67,0,0
722,68,0,1
722,69,0,2
722,70,0,0
722,71,0,0
722,72,0,0
722,73,0,0
722,74,0,0
722,75,0,0
722,76,0,0
722,77,0,0
722,78,0,0
722,79,0,0
722,80,0,0
722,81,0,0
722,82,0,0
722,83,0,0
722,84,0,0
722,85,0,0
722,86,0,0
722,87,0,0
722,88,0,0
722,89,0,0
722,90,0,0
722,91,0,0
722,92,0,0
722,93,0,0
722,94,0,0
722,95,0,0
722,96,0,0
722,97,0,0
722,98,0,0
722,99,0,0
723,1,0,0
723,2,0,0
723,3,0,0
723,4,0,0
723,5,0,0
723,6,0,0
723,7,0,0
723,8,0,0
723,9,0,0
723,10,0,0
723,11,199,22
723,12,144,10
723,13,116,10
723,14,242,1
723,15,108,4
723,16,64,5
723,17,198,9
723,18,25,3
723,19,4,1
723,20,0,0
723,21,0,12
723,22,0,11
723,23,0,4
723,24,0,1
723,25,0,0
723,26,0,3
723,27,0,4
723,28,0,7
723,29,0,1
723,30,0,3
723,31,0,8
723,32,0,12
723,33,0,0
723,34,0,3
723,35,0,3
723,36,0,7
723,37,0,0
723,38,0,2
723,39,0,0
723,40,0,3
723,41,0,0
723,42,0,7
723,43,0,1
723,44,0,0
723,45,0,1
723,46,0,2
723,47,0,0
723,48,0,0
723,49,0,0
723,50,0,0
723,51,0,0
723,52,0,0
723,53,0,0
723,54,0,0
723,55,0,0
723,56,0,0
723,57,0,0
723,58,0,0
723,59,0,0
723,60,0,0
723,61,0,0
723,62,0,0
723,63,0,0
723,64,0,0
723,65,0,0
724,1,12,18
724,2,0,0
724,3,0,0
724,4,0,0
724,5,0,0
724,6,0,0
724,7,0,0
724,8,0,0
724,9,0,0
724,10,0,0
724,11,0,0
724,12,239,26
724,13,177,10
724,14,236,4
724,15,111,4
724,16,0,0
724,17,0,0
724,18,60,3
724,19,24,3
724,20,5,1
724,21,0,8
724,22,0,0
724,23,0,4
724,24,0,5
724,25,0,6
724,26,0,1
724,27,0,4
724,28,0,2
724,29,0,9
724,30,0,6
724,31,0,3
724,32,0,2
724,33,0,4
724,34,0,0
724,35,0,2
724,36,0,0
724,37,0,9
724,38,0,0
724,39,0,8
724,40,0,0
724,41,0,1
724,42,0,0
724,43,0,0
724,44,0,0
724,45,0,0
724,46,0,0
724,47,0,0
724,48,0,0
724,49,0,0
724,50,0,0
724,51,0,0
724,52,0,0
724,53,0,0
724,54,0,0
724,55,0,0
724,56,0,0
724,57,0,0
724,58,0,0
724,59,0,0
724,60,0,0
724,61,0,0
724,62,0,0
724,63,0,0
724,64,0,0
724,65,0,0
724,66,0,0
724,67,0,0
725,1,13,11
725,2,0,0
725,3,0,0
725,4,0,0
725,5,0,0
725,6,0,0
725,7,0,0
725,8,107,0
725,9,0,0
725,10,41,15
725,11,0,0
725,12,0,0
725,13,0,0
725,14,0,0
725,15,0,0
725,16,0,0
725,17,241,16
725,18,239,4
725,19,135,4
725,20,0,0
725,21,72,2
725,22,29,6
725,23,6,1
725,24,0,6
725,25,0,0
725,26,0,1
725,27,0,0
725,28,0,0
725,29,0,0
725,30,0,6
725,31,0,0
725,32,0,6
725,33,0,3
725,34,0,0
725,35,0,2
725,36,0,1
725,37,0,0
725,38,0,9
725,39,0,4
725,40,0,7
725,41,0,2
725,42,0,6
725,43,0,0
725,44,0,0
725,45,0,1
725,46,0,0
725,47,0,0
725,48,0,0
725,49,0,0
725,50,0,4
725,51,0,0
725,52,0,0
725,53,0,0
725,54,0,0
725,55,0,0
725,56,0,0
725,57,0,0
725,58,0,0
725,59,0,0
725,60,0,0
725,61,0,0
725,62,0,0
725,63,0,0
725,64,0,0
725,65,0,0
725,66,0,0
725,67,0,0
725,68,0,0
725,69,0,0
725,70,0,0
725,71,0,0
725,72,0,0
725,73,0,0
725,74,0,0
725,75,0,0
725,76,0,0
725,77,0,0
725,78,0,0
725,79,0,0
725,80,0,0
726,1,0,0
726,2,12,8
726,3,0,0
726,4,0,0
726,5,0,0
726,6,0,0
726,7,0,0
726,8,0,0
726,9,78,0
726,10,0,0
726,11,75,3
726,12,0,0
726,13,0,0
726,14,214,49
726,15,0,0
726,16,0,0
726,17,0,0
726,18,0,0
726,19,174,5
726,20,115,2
726,21,0,0
726,22,4,1
726,23,0,7
726,24,0,0
726,25,0,0
726,26,0,0
726,27,0,0
726,28,0,1
726,29,0,10
726,30,0,0
726,31,0,0
726,32,0,7
726,33,0,0
726,34,0,2
726,35,0,8
726,36,0,2
726,37,0,4
726,38,0,0
726,39,0,11
726,40,0,0
726,41,0,0
726,42,0,3
726,43,0,5
726,44,0,9
726,45,0,3
726,46,0,0
726,47,0,0
726,48,0,0
726,49,0,1
726,50,0,0
726,51,0,0
726,52,0,1
726,53,0,0
726,54,0,0
726,55,0,0
726,56,0,0
726,57,0,0
726,58,0,0
726,59,0,0
726,60,0,0
726,61,0,0
726,62,0,0
726,63,0,0
726,64,0,0
726,65,0,0
726,66,0,0
726,67,0,0
726,68,0,0
726,69,0,0
726,70,0,0
726,71,0,0
726,72,0,0
726,73,0,0
726,74,0,0
726,75,0,0
726,76,0,0
726,77,0,0
726,78,0,0
726,79,0,0
726,80,0,0
726,81,0,0
726,82,0,0
726,83,0,0
726,84,0,0
727,1,0,0
727,2,0,0
727,3,0,0
727,4,0,0
727,5,0,0
727,6,0,0
727,7,0,0
727,8,64,2
727,9,0,0
727,10,0,0
727,11,0,0
727,12,203,44
727,13,0,0
727,14,0,0
727,15,0,0
727,16,0,0
727,17,0,0
727,18,0,0
727,19,133,10
727,20,154,5
727,21,152,3
727,22,99,6
727,23,89,1
727,24,0,0
727,25,8,0
727,26,0,6
727,27,0,0
727,28,0,1
727,29,0,0
727,30,0,0
727,31,0,4
727,32,0,10
727,33,0,0
727,34,0,5
727,35,0,0
727,36,0,1
727,37,0,4
727,38,0,1
727,39,0,4
727,40,0,4
727,41,0,4
727,42,0,8
727,43,0,0
727,44,0,0
727,45,0,0
727,46,0,0
727,47,0,0
727,48,0,1
727,49,0,0
727,50,0,0
727,51,0,7
727,52,0,0
727,53,0,0
727,54,0,0
727,55,0,0
727,56,0,0
727,57,0,0
727,58,0,0
727,59,0,0
727,60,0,0
727,61,0,0
727,62,0,0
727,63,0,0
727,64,0,0
727,65,0,0
727,66,0,0
727,67,0,0
727,68,0,0
727,69,0,0
727,70,0,0
727,71,0,0
727,72,0,0
727,73,0,0
727,74,0,0
727,75,0,0
727,76,0,0
727,77,0,0
727,78,0,0
727,79,0,0
727,80,0,0
728,1,11,38
728,2,0,0
728,3,0,0
728,4,0,0
728,5,0,0
728,6,0,0
728,7,0,0
728,8,0,0
728,9,149,76
728,10,0,0
728,11,23,2
728,12,173,55
728,13,0,0
728,14,59,0
728,15,0,0
728,16,144,34
728,17,111,26
728,18,84,20
728,19,0,0
728,20,0,0
728,21,165,41
728,22,0,0
728,23,0,0
728,24,0,0
728,25,124,9
728,26,152,6
728,27,141,4
728,28,75,3
728,29,193,10
728,30,131,41
728,31,0,0
728,32,0,8
728,33,0,1
728,34,0,0
728,35,0,3
728,36,0,8
728,37,0,0
728,38,0,0
728,39,0,0
728,40,0,4
728,41,0,2
728,42,0,2
728,43,0,7
728,44,0,0
728,45,0,8
728,46,0,5
728,47,0,0
728,48,0,0
728,49,0,0
728,50,0,0
728,51,0,0
728,52,0,2
728,53,0,0
728,54,0,1
728,55,0,0
728,56,0,0
728,57,0,0
728,58,0,0
728,59,0,0
728,60,0,0
728,61,0,0
728,62,0,0
728,63,0,0
728,64,0,0
728,65,0,0
728,66,0,0
728,67,0,0
728,68,0,0
728,69,0,0
728,70,0,0
728,71,0,0
728,72,0,0
728,73,0,0
728,74,0,0
728,75,0,0
728,76,0,0
728,77,0,0
729,1,0,0
729,2,0,0
729,3,0,0
729,4,0,0
729,5,0,0
729,6,157,69
729,7,0,0
729,8,18,1
729,9,0,0
729,10,55,1
729,11,0,0
729,12,179,50
729,13,0,0
729,14,0,0
729,15,0,0
729,16,0,0
729,17,151,24
729,18,143,6
729,19,108,2
729,20,183,13
729,21,0,0
729,22,0,5
729,23,0,0
729,24,0,4
729,25,0,1
729,26,0,9
729,27,0,4
729,28,0,0
729,29,0,0
729,30,0,2
729,31,0,2
729,32,0,3
729,33,0,2
729,34,0,0
729,35,0,2
729,36,0,6
729,37,0,3
729,38,0,0
729,39,0,10
729,40,0,0
729,41,0,2
729,42,0,1
729,43,0,2
729,44,0,0
729,45,0,0
729,46,0,1
729,47,0,0
729,48,0,0
729,49,0,0
729,50,0,0
729,51,0,0
729,52,0,0
729,53,0,0
729,54,0,0
729,55,0,0
729,56,0,0
729,57,0,0
729,58,0,0
729,59,0,0
729,60,0,0
729,61,0,0
729,62,0,0
729,63,0,0
729,64,0,0
729,65,0,0
729,66,0,0
730,1,2,0
730,2,0,0
730,3,24,14
730,4,2,0
730,5,0,0
730,6,0,0
730,7,0,0
730,8,0,0
730,9,0,0
730,10,0,0
730,11,165,71
730,12,0,0
730,13,0,0
730,14,15,1
730,15,0,0
730,16,0,0
730,17,0,0
730,18,52,1
730,19,0,0
730,20,0,0
730,21,0,0
730,22,0,0
730,23,5,2
730,24,0,0
730,25,165,17
730,26,101,4
730,27,129,7
730,28,151,3
730,29,185,7
730,30,94,3
730,31,0,0
730,32,0,5
730,33,0,0
730,34,0,9
730,35,0,2
730,36,0,2
730,37,0,0
730,38,0,0
730,39,0,1
730,40,0,6
730,41,0,4
730,42,0,1
730,43,0,3
730,44,0,4
730,45,0,0
730,46,0,7
730,47,0,0
730,48,0,0
730,49,0,3
730,50,0,2
730,51,0,7
730,52,0,0
730,53,0,0
730,54,0,0
730,55,0,0
730,56,0,0
730,57,0,0
730,58,0,0
730,59,0,0
730,60,0,0
730,61,0,0
730,62,0,0
730,63,0,0
730,64,0,0
730,65,0,0
730,66,0,0
730,67,0,0
730,68,0,0
730,69,0,0
730,70,0,0
730,71,0,0
730,72,0,0
730,73,0,0
730,74,0,0
730,75,0,0
730,76,0,0
730,77,0,0
731,1,17,44
731,2,1,0
731,3,21,14
731,4,0,0
731,5,0,0
731,6,0,0
731,7,0,0
731,8,0,0
731,9,12,0
731,10,0,0
731,11,50,0
731,12,0,0
731,13,0,0
731,14,0,0
731,15,0,0
731,16,0,0
731,17,0,0
731,18,0,0
731,19,0,0
731,20,0,0
731,21,170,16
731,22,246,5
731,23,0,0
731,24,0,0
731,25,0,0
731,26,0,0
731,27,0,0
731,28,0,2
731,29,0,1
731,30,0,3
731,31,0,0
731,32,0,1
731,33,0,5
731,34,0,1
731,35,0,2
731,36,0,6
731,37,0,0
731,38,0,10
731,39,0,0
731,40,0,3
731,41,0,0
731,42,0,9
731,43,0,0
731,44,0,0
731,45,0,0
731,46,0,0
731,47,0,0
731,48,0,0
731,49,0,0
731,50,0,0
731,51,0,0
731,52,0,0
731,53,0,0
731,54,0,0
731,55,0,0
731,56,0,0
731,57,0,0
731,58,0,0
731,59,0,0
731,60,0,0
731,61,0,0
731,62,0,0
731,63,0,0
731,64,0,0
731,65,0,0
731,66,0,0
732,1,14,44
732,2,0,0
732,3,1,0
732,4,16,8
732,5,0,0
732,6,0,0
732,7,0,0
732,8,0,0
732,9,0,0
732,10,0,0
732,11,0,0
732,12,0,0
732,13,0,0
732,14,0,0
732,15,36,1
732,16,0,0
732,17,0,0
732,18,0,0
732,19,0,0
732,20,0,0
732,21,0,0
732,22,0,0
732,23,0,0
732,24,72,5
732,25,160,2
732,26,0,0
732,27,0,4
732,28,0,5
732,29,0,10
732,30,0,0
732,31,0,0
732,32,0,3
732,33,0,0
732,34,0,4
732,35,0,2
732,36,0,0
732,37,0,5
732,38,0,2
732,39,0,10
732,40,0,0
732,41,0,0
732,42,0,2
732,43,0,4
732,44,0,0
732,45,0,0
732,46,0,5
732,47,0,0
732,48,0,0
732,49,0,0
732,50,0,0
732,51,0,0
732,52,0,0
732,53,0,0
732,54,0,0
732,55,0,0
732,56,0,0
732,57,0,0
732,58,0,0
732,59,0,0
732,60,0,0
732,61,0,0
732,62,0,0
732,63,0,0
732,64,0,0
732,65,0,0
732,66,0,0
733,1,1,0
733,2,2,0
733,3,0,0
733,4,0,0
733,5,0,0
733,6,0,0
733,7,0,0
733,8,0,0
733,9,49,32
733,10,48,35
733,11,0,0
733,12,0,0
733,13,0,0
733,14,31,1
733,15,185,32
733,16,0,0
733,17,0,0
733,18,0,0
733,19,0,0
733,20,44,7
733,21,58,4
733,22,67,2
733,23,122,0
733,24,184,7
733,25,198,4
733,26,0,0
733,27,44,1
733,28,0,5
733,29,0,3
733,30,0,4
733,31,0,0
733,32,0,0
733,33,0,1
733,34,0,0
733,35,0,0
733,36,0,0
733,37,0,0
733,38,0,3
733,39,0,2
733,40,0,0
733,41,0,3
733,42,0,1
733,43,0,7
733,44,0,0
733,45,0,0
733,46,0,2
733,47,0,0
733,48,0,2
733,49,0,35
733,50,0,5
733,51,0,0
733,52,0,0
733,53,0,0
733,54,0,0
733,55,0,0
733,56,0,0
733,57,0,0
733,58,0,0
733,59,0,0
733,60,0,0
733,61,0,0
733,62,0,0
733,63,0,0
733,64,0,0
733,65,0,0
733,66,0,0
733,67,0,0
733,68,0,0
733,69,0,0
733,70,0,0
733,71,0,0
733,72,0,0
733,73,0,0
733,74,0,0
734,1,2,0
734,2,0,0
734,3,0,0
734,4,0,0
734,5,18,0
734,6,0,0
734,7,0,0
734,8,25,1
734,9,216,33
734,10,0,0
734,11,0,0
734,12,0,0
734,13,0,0
734,14,0,0
734,15,0,0
734,16,0,0
734,17,0,0
734,18,219,26
734,19,100,4
734,20,155,7
734,21,167,4
734,22,212,1
734,23,192,2
734,24,0,0
734,25,40,2
734,26,0,5
734,27,0,2
734,28,0,1
734,29,0,0
734,30,0,0
734,31,0,0
734,32,0,0
734,33,0,2
734,34,0,8
734,35,0,0
734,36,0,0
734,37,0,0
734,38,0,0
734,39,0,0
734,40,0,3
734,41,0,4
734,42,0,0
734,43,0,6
734,44,0,0
734,45,0,2
734,46,0,0
734,47,0,5
734,48,0,0
734,49,0,0
734,50,0,0
734,51,0,0
734,52,0,0
734,53,0,0
734,54,0,0
734,55,0,0
734,56,0,0
734,57,0,0
734,58,0,0
734,59,0,0
734,60,0,0
734,61,0,0
734,62,0,0
734,63,0,0
734,64,0,0
734,65,0,0
734,66,0,0
734,67,0,0
734,68,0,0
734,69,0,0
735,1,0,0
735,2,1,0
735,3,4,0
735,4,0,0
735,5,2,0
735,6,0,0
735,7,83,80
735,8,0,0
735,9,0,0
735,10,0,0
735,11,16,1
735,12,0,0
735,13,0,0
735,14,148,13
735,15,0,0
735,16,0,0
735,17,0,0
735,18,0,0
735,19,0,0
735,20,0,0
735,21,0,0
735,22,0,0
735,23,0,0
735,24,0,0
735,25,217,27
735,26,59,6
735,27,151,4
735,28,127,0
735,29,232,3
735,30,0,0
735,31,106,20
735,32,3,6
735,33,0,0
735,34,0,2
735,35,0,0
735,36,0,0
735,37,0,1
735,38,0,0
735,39,0,0
735,40,0,0
735,41,0,0
735,42,0,4
735,43,0,0
735,44,0,0
735,45,0,2
735,46,0,2
735,47,0,0
735,48,0,9
735,49,0,0
735,50,0,3
735,51,0,0
735,52,0,1
735,53,0,0
735,54,0,0
735,55,0,0
735,56,0,0
735,57,0,0
735,58,0,0
735,59,0,0
735,60,0,0
735,61,0,0
735,62,0,0
735,63,0,0
735,64,0,0
735,65,0,0
735,66,0,0
735,67,0,0
735,68,0,0
735,69,0,0
735,70,0,0
735,71,0,0
735,72,0,0
735,73,0,0
735,74,0,0
735,75,0,0
735,76,0,0
735,77,0,0
736,1,0,0
736,2,51,9
736,3,0,2
736,4,0,0
736,5,0,0
736,6,0,0
736,7,0,0
736,8,0,0
736,9,0,0
736,10,4,0
736,11,0,0
736,12,57,17
736,13,51,55
736,14,0,0
736,15,0,0
736,16,16,1
736,17,0,0
736,18,0,0
736,19,219,18
736,20,0,0
736,21,0,0
736,22,0,0
736,23,0,0
736,24,0,0
736,25,0,0
736,26,133,3
736,27,125,0
736,28,246,2
736,29,0,0
736,30,0,0
736,31,0,2
736,32,0,10
736,33,0,0
736,34,0,0
736,35,0,1
736,36,0,5
736,37,0,0
736,38,0,1
736,39,0,1
736,40,0,1
736,41,0,0
736,42,0,6
736,43,0,0
736,44,0,3
736,45,0,0
736,46,0,0
736,47,0,0
736,48,0,0
736,49,0,0
736,50,0,0
736,51,0,0
736,52,0,0
736,53,0,0
736,54,0,0
736,55,0,0
736,56,0,0
736,57,0,0
736,58,0,0
736,59,0,0
736,60,0,0
736,61,0,0
736,62,0,0
736,63,0,0
736,64,0,0
736,65,0,0
736,66,0,0
736,67,0,0
736,68,0,0
736,69,0,0
736,70,0,0
736,71,0,0
737,1,0,0
737,2,0,0
737,3,0,0
737,4,0,0
737,5,0,0
737,6,3,0
737,7,0,0
737,8,0,0
737,9,145,33
737,10,0,0
737,11,0,0
737,12,20,0
737,13,0,0
737,14,0,0
737,15,0,0
737,16,0,0
737,17,0,0
737,18,0,0
737,19,0,0
737,20,55,10
737,21,213,3
737,22,0,0
737,23,39,2
737,24,35,0
737,25,177,1
737,26,166,1
737,27,140,0
737,28,0,0
737,29,6,8
737,30,0,10
737,31,0,1
737,32,0,0
737,33,0,1
737,34,0,16
737,35,0,0
737,36,0,0
737,37,0,3
737,38,0,2
737,39,0,3
737,40,0,0
737,41,0,2
737,42,0,0
737,43,0,1
737,44,0,2
737,45,0,1
737,46,0,0
737,47,0,0
737,48,0,0
737,49,0,0
737,50,0,0
737,51,0,0
737,52,0,0
737,53,0,0
737,54,0,0
737,55,0,0
737,56,0,0
737,57,0,0
737,58,0,0
737,59,0,0
737,60,0,0
737,61,0,0
737,62,0,0
737,63,0,0
737,64,0,0
737,65,0,0
737,66,0,0
737,67,0,0
737,68,0,0
737,69,0,0
737,70,0,0
737,71,0,0
737,72,0,0
738,1,13,25
738,2,0,0
738,3,0,0
738,4,0,0
738,5,0,0
738,6,3,0
738,7,55,14
738,8,67,50
738,9,0,0
738,10,0,0
738,11,0,0
738,12,137,38
738,13,100,53
738,14,80,29
738,15,62,12
738,16,0,0
738,17,0,0
738,18,15,1
738,19,160,20
738,20,157,6
738,21,0,0
738,22,0,0
738,23,0,0
738,24,0,0
738,25,0,0
738,26,43,4
738,27,96,2
738,28,0,0
738,29,208,3
738,30,159,0
738,31,0,0
738,32,0,0
738,33,8,6
738,34,0,9
738,35,0,5
738,36,0,0
738,37,0,0
738,38,0,0
738,39,0,0
738,40,0,0
738,41,0,0
738,42,0,2
738,43,0,0
738,44,0,0
738,45,0,2
738,46,0,3
738,47,0,1
738,48,0,0
738,49,0,0
738,50,0,0
738,51,0,0
738,52,0,0
738,53,0,0
738,54,0,0
738,55,0,0
738,56,0,0
738,57,0,0
738,58,0,0
738,59,0,0
738,60,0,0
738,61,0,0
738,62,0,0
738,63,0,0
738,64,0,0
738,65,0,0
738,66,0,0
738,67,0,0
738,68,0,0
738,69,0,0
739,1,9,8
739,2,14,24
739,3,0,0
739,4,53,25
739,5,8,0
739,6,0,0
739,7,0,0
739,8,67,29
739,9,27,5
739,10,0,0
739,11,136,42
739,12,101,18
739,13,92,55
739,14,0,0
739,15,30,4
739,16,0,0
739,17,213,19
739,18,0,0
739,19,0,0
739,20,194,17
739,21,0,0
739,22,45,4
739,23,94,2
739,24,99,1
739,25,205,3
739,26,168,2
739,27,164,12
739,28,0,0
739,29,0,5
739,30,0,8
739,31,0,0
739,32,0,0
739,33,0,1
739,34,0,0
739,35,0,0
739,36,0,0
739,37,0,1
739,38,0,2
739,39,0,5
739,40,0,0
739,41,0,0
739,42,0,0
739,43,0,0
739,44,0,0
739,45,0,0
739,46,0,0
739,47,0,0
739,48,0,0
739,49,0,0
739,50,0,0
739,51,0,0
739,52,0,0
739,53,0,0
739,54,0,0
739,55,0,0
739,56,0,0
739,57,0,0
739,58,0,0
739,59,0,0
739,60,0,0
740,1,0,0
740,2,10,4
740,3,9,21
740,4,15,7
740,5,0,0
740,6,0,0
740,7,57,28
740,8,0,0
740,9,2,0
740,10,13,2
740,11,92,50
740,12,1,0
740,13,94,46
740,14,134,35
740,15,1,0
740,16,23,9
740,17,83,18
740,18,100,17
740,19,90,51
740,20,0,0
740,21,0,0
740,22,0,0
740,23,174,20
740,24,0,0
740,25,0,0
740,26,0,0
740,27,93,4
740,28,263,2
740,29,0,0
740,30,0,1
740,31,0,3
740,32,0,5
740,33,0,1
740,34,0,29
740,35,0,0
740,36,0,0
740,37,0,3
740,38,0,1
740,39,0,0
740,40,0,0
740,41,0,0
740,42,0,0
740,43,0,0
740,44,0,2
740,45,0,3
740,46,0,0
740,47,0,0
740,48,0,0
740,49,0,0
740,50,0,0
740,51,0,0
740,52,0,0
740,53,0,0
740,54,0,0
740,55,0,0
740,56,0,0
740,57,0,0
740,58,0,0
740,59,0,0
740,60,0,0
740,61,0,0
740,62,0,0
740,63,0,0
740,64,0,0
740,65,0,0
740,66,0,0
740,67,0,0
740,68,0,0
741,1,0,0
741,2,18,6
741,3,10,13
741,4,13,5
741,5,0,0
741,6,0,0
741,7,6,0
741,8,128,35
741,9,14,0
741,10,0,0
741,11,13,3
741,12,92,43
741,13,87,34
741,14,76,27
741,15,76,48
741,16,151,36
741,17,0,0
741,18,0,0
741,19,0,0
741,20,157,30
741,21,0,0
741,22,0,0
741,23,0,0
741,24,0,0
741,25,0,0
741,26,0,0
741,27,0,0
741,28,0,0
741,29,0,0
741,30,55,5
741,31,0,0
741,32,125,3
741,33,0,5
741,34,0,2
741,35,0,0
741,36,0,6
741,37,0,0
741,38,0,26
741,39,0,0
741,40,0,0
741,41,0,0
741,42,0,2
741,43,0,0
741,44,0,0
741,45,0,0
741,46,0,0
741,47,0,0
741,48,0,0
741,49,0,0
741,50,0,1
741,51,0,1
741,52,0,2
741,53,0,0
741,54,0,0
741,55,0,0
741,56,0,0
741,57,0,0
741,58,0,0
741,59,0,0
741,60,0,0
741,61,0,0
741,62,0,0
741,63,0,0
741,64,0,0
741,65,0,0
741,66,0,0
742,1,3,0
742,2,0,0
742,3,18,0
742,4,0,0
742,5,90,52
742,6,37,25
742,7,31,55
742,8,0,0
742,9,0,0
742,10,0,0
742,11,147,34
742,12,0,0
742,13,0,0
742,14,0,0
742,15,0,0
742,16,0,0
742,17,0,0
742,18,0,0
742,19,0,0
742,20,0,0
742,21,0,0
742,22,0,0
742,23,0,0
742,24,209,2
742,25,101,1
742,26,0,6
742,27,0,19
742,28,0,1
742,29,0,4
742,30,0,4
742,31,0,0
742,32,0,5
742,33,0,0
742,34,0,4
742,35,0,22
742,36,0,22
742,37,0,8
742,38,0,0
742,39,0,0
742,40,0,0
742,41,0,0
742,42,0,0
742,43,0,0
742,44,0,0
742,45,0,0
742,46,0,2
742,47,0,0
742,48,0,0
742,49,0,0
742,50,0,0
742,51,0,0
742,52,0,0
742,53,0,0
742,54,0,0
742,55,0,0
742,56,0,0
742,57,0,0
742,58,0,0
742,59,0,0
742,60,0,0
742,61,0,0
742,62,0,0
743,1,21,15
743,2,0,0
743,3,91,49
743,4,0,0
743,5,0,0
743,6,0,0
743,7,0,0
743,8,0,0
743,9,0,0
743,10,0,0
743,11,45,0
743,12,128,40
743,13,0,0
743,14,0,0
743,15,0,0
743,16,0,0
743,17,0,0
743,18,0,0
743,19,0,0
743,20,0,0
743,21,0,0
743,22,0,0
743,23,0,0
743,24,75,5
743,25,93,1
743,26,0,0
743,27,258,3
743,28,0,5
743,29,0,5
743,30,0,3
743,31,0,1
743,32,0,0
743,33,0,10
743,34,0,38
743,35,0,0
743,36,0,9
743,37,0,0
743,38,0,0
743,39,0,0
743,40,0,0
743,41,0,0
743,42,0,0
743,43,0,0
743,44,0,0
743,45,0,0
743,46,0,0
743,47,0,0
743,48,0,0
743,49,0,2
743,50,0,0
743,51,0,0
743,52,0,0
743,53,0,0
743,54,0,0
743,55,0,0
743,56,0,0
743,57,0,0
743,58,0,0
743,59,0,0
743,60,0,0
743,61,0,0
743,62,0,0
743,63,0,0
743,64,0,0
743,65,0,0
743,66,0,0
743,67,0,0
744,1,5,8
744,2,4,0
744,3,0,0
744,4,0,0
744,5,3,2
744,6,0,0
744,7,0,0
744,8,0,0
744,9,129,26
744,10,0,0
744,11,46,0
744,12,0,0
744,13,196,22
744,14,0,0
744,15,0,0
744,16,0,0
744,17,0,0
744,18,0,0
744,19,0,0
744,20,0,0
744,21,224,6
744,22,105,1
744,23,0,9
744,24,0,4
744,25,0,0
744,26,0,0
744,27,0,9
744,28,0,40
744,29,0,0
744,30,0,0
744,31,0,7
744,32,0,0
744,33,0,0
744,34,0,0
744,35,0,0
744,36,0,0
744,37,0,0
744,38,0,0
744,39,0,0
744,40,0,0
744,41,0,0
744,42,0,0
744,43,0,49
744,44,0,0
744,45,0,0
744,46,0,5
744,47,0,0
744,48,0,0
744,49,0,0
744,50,0,0
744,51,0,0
744,52,0,0
744,53,0,0
744,54,0,0
744,55,0,0
744,56,0,0
744,57,0,0
744,58,0,0
744,59,0,0
744,60,0,0
744,61,0,0
744,62,0,0
744,63,0,0
744,64,0,0
744,65,0,0
745,1,0,0
745,2,0,0
745,3,14,0
745,4,103,72
745,5,5,5
745,6,0,0
745,7,0,0
745,8,0,0
745,9,0,0
745,10,0,0
745,11,0,0
745,12,191,31
745,13,0,0
745,14,0,0
745,15,0,0
745,16,0,0
745,17,0,0
745,18,0,0
745,19,0,0
745,20,91,4
745,21,0,0
745,22,176,5
745,23,0,0
745,24,0,0
745,25,0,0
745,26,75,2
745,27,86,0
745,28,0,0
745,29,0,1
745,30,0,10
745,31,0,0
745,32,0,0
745,33,0,0
745,34,0,10
745,35,0,0
745,36,0,43
745,37,0,0
745,38,0,0
745,39,0,0
745,40,0,0
745,41,0,0
745,42,0,0
745,43,0,7
745,44,0,0
745,45,0,0
745,46,0,0
745,47,0,0
745,48,0,0
745,49,0,0
745,50,0,0
745,51,0,0
745,52,0,0
745,53,0,0
745,54,0,0
745,55,0,38
745,56,0,0
745,57,0,0
745,58,0,6
745,59,0,26
745,60,0,0
745,61,0,0
745,62,0,0
745,63,0,0
745,64,0,0
745,65,0,0
745,66,0,0
745,67,0,0
745,68,0,0
745,69,0,0
745,70,0,0
745,71,0,0
745,72,0,0
745,73,0,0
745,74,0,0
745,75,0,0
745,76,0,0
745,77,0,0
745,78,0,0
745,79,0,0
745,80,0,0
745,81,0,0
746,1,45,16
746,2,0,0
746,3,64,34
746,4,55,51
746,5,4,5
746,6,0,0
746,7,141,45
746,8,0,0
746,9,0,0
746,10,0,0
746,11,0,0
746,12,0,0
746,13,0,0
746,14,0,0
746,15,0,0
746,16,231,36
746,17,0,0
746,18,0,0
746,19,0,0
746,20,141,3
746,21,0,0
746,22,85,4
746,23,89,0
746,24,13,2
746,25,0,4
746,26,0,1
746,27,0,0
746,28,0,0
746,29,0,2
746,30,0,0
746,31,0,0
746,32,0,0
746,33,0,0
746,34,0,0
746,35,0,0
746,36,0,0
746,37,0,0
746,38,0,0
746,39,0,0
746,40,0,0
746,41,0,0
746,42,0,0
746,43,0,0
746,44,0,0
746,45,0,5
746,46,0,61
746,47,0,1
746,48,0,0
746,49,0,0
746,50,0,0
746,51,0,0
746,52,0,0
746,53,0,0
746,54,0,0
746,55,0,0
746,56,0,0
746,57,0,0
746,58,0,0
746,59,0,0
746,60,0,0
746,61,0,0
746,62,0,0
746,63,0,0
746,64,0,0
746,65,0,0
746,66,0,0
746,67,0,0
746,68,0,0
746,69,0,0
746,70,0,0
746,71,0,0
747,1,0,0
747,2,60,37
747,3,132,52
747,4,58,69
747,5,0,0
747,6,0,0
747,7,0,0
747,8,0,0
747,9,0,0
747,10,0,0
747,11,0,0
747,12,0,0
747,13,0,0
747,14,234,38
747,15,0,0
747,16,0,0
747,17,119,3
747,18,0,0
747,19,123,7
747,20,25,2
747,21,10,8
747,22,0,4
747,23,0,0
747,24,0,0
747,25,0,0
747,26,0,0
747,27,0,2
747,28,0,0
747,29,0,0
747,30,0,0
747,31,0,0
747,32,0,0
747,33,0,0
747,34,0,0
747,35,0,0
747,36,0,0
747,37,0,0
747,38,0,0
747,39,0,0
747,40,0,0
747,41,0,0
747,42,0,0
747,43,0,0
747,44,0,0
747,45,0,0
747,46,0,4
747,47,0,0
747,48,0,0
747,49,0,0
747,50,0,0
747,51,0,0
747,52,0,0
747,53,0,0
747,54,0,0
747,55,0,0
747,56,0,0
747,57,0,0
747,58,0,0
747,59,0,0
747,60,0,0
747,61,0,0
747,62,0,0
747,63,0,0
747,64,0,0
748,1,0,0
748,2,63,42
748,3,0,0
748,4,56,54
748,5,0,0
748,6,0,0
748,7,0,0
748,8,0,0
748,9,180,49
748,10,0,0
748,11,138,66
748,12,0,0
748,13,0,0
748,14,100,6
748,15,0,0
748,16,123,5
748,17,16,3
748,18,9,13
748,19,0,3
748,20,0,0
748,21,0,0
748,22,0,0
748,23,0,1
748,24,0,0
748,25,0,0
748,26,0,0
748,27,0,0
748,28,0,0
748,29,0,0
748,30,0,0
748,31,0,1
748,32,0,0
748,33,0,0
748,34,0,0
748,35,0,0
748,36,0,0
748,37,0,0
748,38,0,0
748,39,0,0
748,40,0,0
748,41,0,0
748,42,0,0
748,43,0,0
748,44,0,0
748,45,0,0
748,46,0,0
749,1,9,0
749,2,0,0
749,3,61,54
749,4,0,0
749,5,84,53
749,6,0,0
749,7,43,1
749,8,168,56
749,9,0,0
749,10,0,0
749,11,0,0
749,12,0,0
749,13,0,0
749,14,0,0
749,15,0,0
749,16,41,2
749,17,147,3
749,18,134,5
749,19,0,0
749,20,3,3
749,21,0,0
749,22,0,2
749,23,0,4
749,24,0,0
749,25,0,0
749,26,0,4
749,27,0,0
749,28,0,0
749,29,0,0
749,30,0,0
749,31,0,0
749,32,0,0
749,33,0,0
749,34,0,0
749,35,0,0
749,36,0,0
749,37,0,0
749,38,0,0
749,39,0,0
749,40,0,0
749,41,0,0
749,42,0,0
749,43,0,0
749,44,0,0
749,45,0,0
749,46,0,0
749,47,0,0
749,48,0,0
749,49,0,0
749,50,0,0
749,51,0,0
750,1,0,0
750,2,22,50
750,3,0,0
750,4,7,0
750,5,63,48
750,6,66,57
750,7,0,0
750,8,1,6
750,9,0,0
750,10,0,0
750,11,43,8
750,12,0,0
750,13,42,47
750,14,0,0
750,15,0,0
750,16,179,64
750,17,0,0
750,18,0,0
750,19,0,0
750,20,0,0
750,21,194,38
750,22,137,29
750,23,0,0
750,24,199,47
750,25,197,62
750,26,63,3
750,27,123,9
750,28,0,0
750,29,101,4
750,30,0,5
750,31,0,0
750,32,0,0
750,33,0,0
750,34,0,0
750,35,0,0
750,36,0,0
750,37,0,0
750,38,0,0
750,39,0,0
750,40,0,0
750,41,0,0
750,42,0,0
750,43,0,0
750,44,0,0
750,45,0,0
750,46,0,0
750,47,0,0
750,48,0,0
750,49,0,0
750,50,0,0
750,51,0,0
750,52,0,0
750,53,0,0
750,54,0,0
750,55,0,0
750,56,0,0
750,57,0,0
751,1,12,31
751,2,14,26
751,3,0,0
751,4,58,51
751,5,0,0
751,6,0,0
751,7,0,0
751,8,0,0
751,9,0,0
751,10,0,0
751,11,0,0
751,12,0,0
751,13,158,66
751,14,0,0
751,15,0,0
751,16,0,0
751,17,0,0
751,18,0,0
751,19,50,11
751,20,186,74
751,21,55,2
751,22,104,9
751,23,89,4
751,24,0,0
751,25,0,0
751,26,0,9
751,27,0,5
751,28,0,0
751,29,0,0
751,30,0,45
751,31,0,0
751,32,0,0
751,33,0,0
751,34,0,0
751,35,0,0
751,36,0,0
751,37,0,0
751,38,0,0
751,39,0,0
751,40,0,0
751,41,0,0
751,42,0,0
751,43,0,0
751,44,0,0
751,45,0,0
751,46,0,0
751,47,0,0
751,48,0,0
751,49,0,0
751,50,0,0
751,51,0,0
751,52,0,0
751,53,0,0
752,1,0,0
752,2,8,19
752,3,0,5
752,4,14,17
752,5,0,0
752,6,29,39
752,7,13,0
752,8,0,0
752,9,0,0
752,10,0,0
752,11,0,0
752,12,0,0
752,13,54,13
752,14,21,0
752,15,0,0
752,16,0,0
752,17,0,0
752,18,0,0
752,19,64,24
752,20,111,30
752,21,0,0
752,22,0,0
752,23,125,6
752,24,0,0
752,25,88,6
752,26,0,11
752,27,0,5
752,28,0,0
752,29,0,0
752,30,0,0
752,31,0,0
752,32,0,10
752,33,0,0
752,34,0,0
752,35,0,0
752,36,0,0
752,37,0,0
752,38,0,0
752,39,0,0
752,40,0,0
752,41,0,0
752,42,0,0
752,43,0,0
752,44,0,0
752,45,0,0
752,46,0,0
753,1,0,0
753,2,7,16
753,3,12,16
753,4,0,0
753,5,11,33
753,6,85,27
753,7,8,0
753,8,54,47
753,9,2,0
753,10,4,0
753,11,0,0
753,12,0,0
753,13,52,50
753,14,0,0
753,15,0,0
753,16,0,0
753,17,178,62
753,18,0,0
753,19,0,0
753,20,65,32
753,21,115,32
753,22,0,0
753,23,0,0
753,24,0,0
753,25,0,0
753,26,75,8
753,27,0,7
753,28,0,13
753,29,0,6
753,30,0,0
753,31,0,0
753,32,0,0
753,33,0,0
753,34,0,1
753,35,0,0
753,36,0,0
753,37,0,0
753,38,0,0
753,39,0,0
753,40,0,0
753,41,0,0
753,42,0,0
753,43,0,0
753,44,0,0
753,45,0,0
753,46,0,0
753,47,0,0
753,48,0,0
753,49,0,0
753,50,0,0
754,1,0,0
754,2,0,0
754,3,0,0
754,4,10,20
754,5,0,0
754,6,0,0
754,7,15,25
754,8,6,0
754,9,11,0
754,10,1,0
754,11,52,112
754,12,0,0
754,13,0,0
754,14,0,0
754,15,0,0
754,16,0,0
754,17,0,0
754,18,0,0
754,19,0,0
754,20,0,0
754,21,0,0
754,22,0,0
754,23,234,15
754,24,0,0
754,25,154,46
754,26,0,0
754,27,0,0
754,28,0,0
754,29,4,8
754,30,0,11
754,31,0,5
754,32,0,0
754,33,0,0
754,34,0,0
754,35,0,0
754,36,0,0
754,37,0,0
754,38,0,0
754,39,0,0
754,40,0,0
754,41,0,0
754,42,0,0
754,43,0,0
754,44,0,0
754,45,0,0
754,46,0,0
754,47,0,0
754,48,0,0
754,49,0,0
754,50,0,0
754,51,0,0
754,52,0,0
755,1,3,6
755,2,17,13
755,3,37,40
755,4,10,0
755,5,11,1
755,6,105,39
755,7,2,0
755,8,0,0
755,9,4,3
755,10,33,62
755,11,57,54
755,12,19,59
755,13,32,23
755,14,0,0
755,15,140,70
755,16,0,0
755,17,0,0
755,18,0,0
755,19,0,0
755,20,0,0
755,21,0,0
755,22,0,0
755,23,0,0
755,24,39,8
755,25,0,11
755,26,0,10
755,27,0,6
755,28,0,0
755,29,0,0
755,30,0,10
755,31,0,0
755,32,0,0
755,33,0,0
755,34,0,0
755,35,0,0
755,36,0,0
755,37,0,0
755,38,0,0
755,39,0,0
755,40,0,0
755,41,0,0
755,42,0,0
755,43,0,0
755,44,0,0
755,45,0,0
755,46,0,0
755,47,0,0
755,48,0,0
755,49,0,0
755,50,0,0
755,51,0,0
755,52,0,0
755,53,0,0
755,54,0,0
755,55,0,0
755,56,0,0
755,57,0,0
755,58,0,0
756,1,28,21
756,2,4,0
756,3,15,0
756,4,14,42
756,5,0,0
756,6,1,0
756,7,4,13
756,8,0,0
756,9,9,3
756,10,40,50
756,11,34,3
756,12,0,0
756,13,0,0
756,14,0,0
756,15,0,0
756,16,0,0
756,17,0,0
756,18,0,0
756,19,0,0
756,20,0,0
756,21,0,0
756,22,0,0
756,23,24,4
756,24,1,11
756,25,1,1
756,26,0,9
756,27,0,7
756,28,0,9
756,29,0,0
756,30,0,10
756,31,0,0
756,32,0,0
756,33,0,0
756,34,0,0
756,35,0,0
756,36,0,0
756,37,0,0
756,38,0,0
756,39,0,0
756,40,0,0
756,41,0,0
756,42,0,0
756,43,0,0
756,44,0,0
756,45,0,0
756,46,0,0
756,47,0,0
756,48,0,0
756,49,0,0
756,50,0,0
756,51,0,0
756,52,0,0
756,53,0,0
756,54,0,0
756,55,0,0
756,56,0,0
756,57,0,0
757,1,6,0
757,2,35,34
757,3,15,0
757,4,8,0
757,5,112,37
757,6,0,0
757,7,26,16
757,8,0,0
757,9,0,0
757,10,0,0
757,11,0,0
757,12,0,0
757,13,0,0
757,14,0,0
757,15,0,0
757,16,205,34
757,17,0,0
757,18,243,34
757,19,142,86
757,20,0,0
757,21,0,0
757,22,18,4
757,23,1,8
757,24,0,0
757,25,0,4
757,26,0,5
757,27,0,2
757,28,0,3
757,29,0,0
757,30,0,0
757,31,0,0
757,32,0,0
757,33,0,0
757,34,0,0
757,35,0,0
757,36,0,0
757,37,0,0
757,38,0,0
757,39,0,0
757,40,0,0
757,41,0,0
757,42,0,0
757,43,0,0
757,44,0,0
757,45,0,0
757,46,0,0
757,47,0,0
757,48,0,0
757,49,0,0
758,1,3,0
758,2,16,0
758,3,5,0
758,4,0,0
758,5,28,10
758,6,35,0
758,7,188,84
758,8,0,0
758,9,0,0
758,10,0,0
758,11,0,0
758,12,0,0
758,13,0,0
758,14,0,0
758,15,0,0
758,16,0,0
758,17,0,0
758,18,250,27
758,19,0,0
758,20,9,0
758,21,0,0
758,22,232,33
758,23,0,0
758,24,0,0
758,25,9,4
758,26,0,1
758,27,0,3
758,28,0,1
758,29,0,10
758,30,0,3
758,31,0,5
758,32,0,0
758,33,0,0
758,34,0,0
758,35,0,0
758,36,0,0
758,37,0,0
758,38,0,0
758,39,0,0
758,40,0,0
758,41,0,0
758,42,0,0
758,43,0,0
758,44,0,0
758,45,0,0
758,46,0,0
758,47,0,0
758,48,0,0
758,49,0,0
758,50,0,0
758,51,0,0
758,52,0,0
758,53,0,0
758,54,0,0
758,55,0,0
758,56,0,0
758,57,0,0
758,58,0,0
758,59,0,0
759,1,2,6
759,2,0,0
759,3,0,0
759,4,18,0
759,5,133,38
759,6,0,0
759,7,0,0
759,8,188,85
759,9,0,0
759,10,0,0
759,11,0,0
759,12,0,0
759,13,0,0
759,14,0,0
759,15,9,0
759,16,0,0
759,17,0,0
759,18,0,0
759,19,0,0
759,20,0,2
759,21,0,4
759,22,0,11
759,23,0,4
759,24,0,0
759,25,0,0
759,26,0,0
759,27,0,0
759,28,0,0
759,29,0,0
759,30,0,0
759,31,0,0
759,32,0,0
759,33,0,0
759,34,0,0
759,35,0,0
759,36,0,0
759,37,0,0
759,38,0,0
759,39,0,0
759,40,0,0
759,41,0,0
759,42,0,0
759,43,0,0
759,44,0,0
759,45,0,0
759,46,0,0
759,47,0,0
759,48,0,0
759,49,0,0
760,1,0,0
760,2,0,0
760,3,16,8
760,4,48,19
760,5,4,0
760,6,11,0
760,7,5,0
760,8,0,0
760,9,51,2
760,10,150,39
760,11,0,0
760,12,0,0
760,13,0,0
760,14,9,0
760,15,0,0
760,16,199,58
760,17,0,0
760,18,0,0
760,19,0,0
760,20,0,0
760,21,0,2
760,22,0,0
760,23,0,0
760,24,0,12
760,25,0,4
760,26,0,0
760,27,0,0
760,28,0,0
760,29,0,0
760,30,0,0
760,31,0,0
760,32,0,0
760,33,0,0
760,34,0,0
760,35,0,0
760,36,0,0
760,37,0,0
760,38,0,0
760,39,0,0
760,40,0,0
760,41,0,0
760,42,0,0
760,43,0,0
760,44,0,0
760,45,0,0
760,46,0,0
760,47,0,0
760,48,0,0
760,49,0,0
760,50,0,0
760,51,0,0
760,52,0,0
760,53,0,0
760,54,0,0
760,55,0,0
760,56,0,0
761,1,0,0
761,2,15,9
761,3,2,0
761,4,13,0
761,5,8,0
761,6,9,0
761,7,65,67
761,8,3,2
761,9,0,0
761,10,0,0
761,11,258,35
761,12,6,0
761,13,253,28
761,14,0,0
761,15,0,0
761,16,0,0
761,17,0,0
761,18,0,0
761,19,0,0
761,20,0,0
761,21,0,0
761,22,0,3
761,23,0,10
761,24,0,13
761,25,0,0
761,26,0,0
761,27,0,0
761,28,0,0
761,29,0,0
761,30,0,0
761,31,0,0
761,32,0,0
761,33,0,0
761,34,0,0
761,35,0,0
761,36,0,0
761,37,0,0
761,38,0,0
761,39,0,0
761,40,0,0
761,41,0,0
761,42,0,0
761,43,0,0
761,44,0,0
761,45,0,0
761,46,0,0
761,47,0,0
761,48,0,0
761,49,0,0
762,1,0,0
762,2,0,0
762,3,0,0
762,4,0,0
762,5,2,0
762,6,14,0
762,7,10,0
762,8,1,1
762,9,37,1
762,10,32,0
762,11,0,0
762,12,19,0
762,13,145,59
762,14,110,36
762,15,0,0
762,16,0,0
762,17,109,18
762,18,6,0
762,19,0,0
762,20,0,0
762,21,0,0
762,22,0,0
762,23,0,0
762,24,0,0
762,25,0,5
762,26,0,8
762,27,0,8
762,28,0,8
762,29,0,0
762,30,0,0
762,31,0,0
762,32,0,0
762,33,0,0
762,34,0,0
762,35,0,0
762,36,0,0
762,37,0,0
762,38,0,0
762,39,0,0
762,40,0,0
762,41,0,0
762,42,0,0
762,43,0,0
762,44,0,0
762,45,0,0
762,46,0,0
762,47,0,0
762,48,0,0
762,49,0,0
763,1,0,0
763,2,0,0
763,3,0,0
763,4,8,0
763,5,7,0
763,6,65,46
763,7,17,0
763,8,22,18
763,9,0,0
763,10,6,0
763,11,16,0
763,12,0,0
763,13,152,67
763,14,0,0
763,15,0,0
763,16,0,0
763,17,0,0
763,18,5,0
763,19,0,0
763,20,0,0
763,21,0,0
763,22,0,0
763,23,0,4
763,24,0,13
763,25,0,0
763,26,0,0
763,27,0,0
763,28,0,0
763,29,0,0
763,30,0,0
763,31,0,0
763,32,0,0
763,33,0,0
763,34,0,0
763,35,0,0
763,36,0,0
763,37,0,0
763,38,0,0
763,39,0,0
763,40,0,0
763,41,0,0
763,42,0,0
763,43,0,0
763,44,0,0
763,45,0,0
763,46,0,0
763,47,0,0
763,48,0,0
763,49,0,0
764,1,0,0
764,2,0,0
764,3,10,0
764,4,12,0
764,5,17,16
764,6,0,0
764,7,44,26
764,8,15,0
764,9,31,1
764,10,0,0
764,11,64,19
764,12,11,0
764,13,0,0
764,14,0,0
764,15,0,0
764,16,0,0
764,17,0,0
764,18,9,0
764,19,0,0
764,20,0,0
764,21,0,0
764,22,0,0
764,23,0,0
764,24,0,0
764,25,0,3
764,26,0,0
764,27,0,0
764,28,0,0
764,29,0,0
764,30,0,0
764,31,0,0
764,32,0,0
764,33,0,0
764,34,0,0
764,35,0,0
764,36,0,0
764,37,0,0
764,38,0,0
764,39,0,0
764,40,0,0
764,41,0,0
764,42,0,0
764,43,0,0
764,44,0,0
764,45,0,0
764,46,0,0
764,47,0,0
764,48,0,0
764,49,0,0
764,50,0,0
764,51,0,0
764,52,0,0
764,53,0,0
764,54,0,0
764,55,0,0
764,56,0,0
764,57,0,0
764,58,0,0
764,59,0,0
765,1,0,0
765,2,0,0
765,3,0,0
765,4,0,0
765,5,0,0
765,6,7,0
765,7,16,0
765,8,21,15
765,9,0,0
765,10,55,59
765,11,146,69
765,12,61,16
765,13,8,0
765,14,0,0
765,15,0,0
765,16,88,23
765,17,0,0
765,18,0,0
765,19,0,0
765,20,0,0
765,21,6,0
765,22,0,0
765,23,0,0
765,24,0,0
765,25,0,0
765,26,0,0
765,27,0,0
765,28,0,0
765,29,193,30
765,30,0,0
765,31,0,0
765,32,0,0
765,33,0,0
765,34,0,0
765,35,0,0
765,36,0,0
765,37,0,0
765,38,0,0
765,39,0,0
765,40,0,0
765,41,0,0
765,42,0,0
765,43,0,0
765,44,0,0
765,45,0,0
765,46,0,0
765,47,0,0
765,48,0,0
765,49,0,0
765,50,0,0
765,51,0,0
765,52,0,0
765,53,0,0
765,54,0,0
765,55,0,0
765,56,0,0
766,1,0,0
766,2,0,0
766,3,0,0
766,4,0,0
766,5,2,0
766,6,18,14
766,7,25,0
766,8,58,63
766,9,54,1
766,10,38,0
766,11,119,61
766,12,38,43
766,13,0,0
766,14,0,0
766,15,0,0
766,16,0,0
766,17,0,0
766,18,0,0
766,19,0,0
766,20,9,0
766,21,0,0
766,22,0,0
766,23,0,0
766,24,0,0
766,25,186,32
766,26,0,0
766,27,0,0
766,28,0,0
766,29,0,0
766,30,0,0
766,31,0,0
766,32,0,0
766,33,0,0
766,34,0,0
766,35,0,0
766,36,0,0
766,37,0,0
766,38,0,0
766,39,0,0
766,40,0,0
766,41,0,0
766,42,0,0
766,43,0,0
766,44,0,0
766,45,0,0
766,46,0,0
766,47,0,0
766,48,0,0
766,49,0,0
766,50,0,0
766,51,0,0
766,52,0,0
766,53,0,0
766,54,0,0
767,1,2,0
767,2,9,22
767,3,58,71
767,4,18,12
767,5,33,0
767,6,22,0
767,7,141,69
767,8,28,0
767,9,60,11
767,10,0,0
767,11,0,0
767,12,177,53
767,13,0,0
767,14,0,0
767,15,10,0
767,16,0,0
767,17,0,0
767,18,0,0
767,19,0,0
767,20,0,0
767,21,0,0
767,22,0,5
767,23,0,0
767,24,0,0
767,25,0,0
767,26,0,5
767,27,0,0
767,28,0,0
767,29,0,0
767,30,0,0
767,31,0,0
767,32,0,0
767,33,0,0
767,34,0,0
767,35,0,0
767,36,0,0
767,37,0,0
767,38,0,0
767,39,0,0
767,40,0,0
767,41,0,0
767,42,0,0
767,43,0,0
767,44,0,0
767,45,0,0
767,46,0,0
767,47,0,0
767,48,0,0
767,49,0,0
767,50,0,0
767,51,0,0
767,52,0,0
767,53,0,0
767,54,0,0
768,1,2,0
768,2,16,24
768,3,12,0
768,4,54,41
768,5,78,82
768,6,0,0
768,7,0,0
768,8,42,6
768,9,0,0
768,10,29,0
768,11,0,0
768,12,0,0
768,13,195,41
768,14,114,52
768,15,301,46
768,16,0,7
768,17,270,11
768,18,0,0
768,19,0,0
768,20,5,0
768,21,0,0
768,22,0,0
768,23,0,0
768,24,0,0
768,25,0,0
768,26,0,0
768,27,0,0
768,28,0,5
768,29,0,0
768,30,0,0
768,31,0,0
768,32,0,3
768,33,0,0
768,34,0,0
768,35,0,0
768,36,0,0
768,37,0,0
768,38,0,0
768,39,0,0
768,40,0,0
768,41,0,0
768,42,0,0
768,43,0,0
768,44,0,0
768,45,0,0
768,46,0,0
768,47,0,0
768,48,0,0
768,49,0,0
768,50,0,0
768,51,0,0
768,52,0,0
768,53,0,0
768,54,0,0
768,55,0,0
768,56,0,0
768,57,0,0
768,58,0,0
768,59,0,0
768,60,0,0
768,61,0,0
768,62,0,0
768,63,0,0
768,64,0,0
768,65,0,0
768,66,0,0
768,67,0,0
768,68,0,0
769,1,1,0
769,2,1,1
769,3,16,26
769,4,5,0
769,5,20,0
769,6,28,17
769,7,40,40
769,8,0,0
769,9,0,0
769,10,0,0
769,11,183,47
769,12,0,0
769,13,0,0
769,14,99,60
769,15,0,0
769,16,0,0
769,17,0,0
769,18,0,0
769,19,0,0
769,20,0,0
769,21,0,0
769,22,0,0
769,23,0,0
769,24,0,0
769,25,0,0
769,26,0,7
769,27,0,0
769,28,0,0
769,29,0,0
769,30,0,0
769,31,0,0
769,32,0,0
769,33,0,0
769,34,0,0
769,35,0,0
769,36,0,0
769,37,0,0
769,38,0,0
769,39,0,0
769,40,0,0
769,41,0,0
769,42,0,0
769,43,0,0
769,44,0,0
769,45,0,0
769,46,0,0
769,47,0,0
769,48,0,0
769,49,0,0
769,50,0,0
769,51,0,0
769,52,0,0
769,53,0,0
769,54,0,0
769,55,0,0
769,56,0,0
769,57,0,0
769,58,0,0
769,59,0,0
770,1,0,0
770,2,20,28
770,3,11,0
770,4,23,0
770,5,29,25
770,6,40,44
770,7,7,12
770,8,0,0
770,9,135,49
770,10,0,0
770,11,166,53
770,12,136,33
770,13,0,0
770,14,0,0
770,15,120,17
770,16,66,70
770,17,0,0
770,18,0,0
770,19,0,0
770,20,0,0
770,21,0,0
770,22,0,0
770,23,0,0
770,24,0,0
770,25,0,0
770,26,0,0
770,27,0,0
770,28,0,0
770,29,0,0
770,30,0,0
770,31,0,0
770,32,0,0
770,33,0,0
770,34,0,0
770,35,0,0
770,36,0,0
770,37,0,0
770,38,0,0
770,39,0,0
770,40,0,0
770,41,0,0
770,42,0,0
770,43,0,0
770,44,0,0
770,45,0,0
770,46,0,0
770,47,0,0
770,48,0,0
770,49,0,0
770,50,0,0
771,1,15,0
771,2,150,29
771,3,0,0
771,4,141,57
771,5,32,0
771,6,152,52
771,7,161,59
771,8,0,0
771,9,230,48
771,10,39,47
771,11,2,31
771,12,0,10
771,13,0,13
771,14,0,0
771,15,274,34
771,16,0,0
771,17,212,35
771,18,0,0
771,19,0,49
771,20,0,0
771,21,0,0
771,22,0,0
771,23,0,0
771,24,0,0
771,25,0,0
771,26,0,0
771,27,0,0
771,28,0,0
771,29,0,0
771,30,0,0
771,31,0,0
771,32,0,0
771,33,0,0
771,34,0,0
771,35,0,0
771,36,0,0
771,37,0,0
771,38,0,0
771,39,0,0
771,40,0,0
771,41,0,0
771,42,0,0
771,43,0,0
771,44,0,0
771,45,0,0
771,46,0,0
771,47,0,0
771,48,0,0
771,49,0,0
771,50,0,0
771,51,0,0
771,52,0,0
771,53,0,0
771,54,0,0
772,1,21,26
772,2,19,0
772,3,0,0
772,4,7,15
772,5,35,9
772,6,47,7
772,7,172,55
772,8,0,0
772,9,0,0
772,10,0,0
772,11,0,0
772,12,79,0
772,13,51,51
772,14,2,35
772,15,0,16
772,16,0,0
772,17,198,36
772,18,123,17
772,19,0,0
772,20,132,26
772,21,0,0
772,22,0,0
772,23,0,0
772,24,0,0
772,25,0,0
772,26,0,0
772,27,0,0
772,28,0,0
772,29,0,0
772,30,0,0
772,31,0,0
772,32,0,0
772,33,0,0
772,34,0,0
772,35,0,0
772,36,0,0
772,37,0,0
772,38,0,0
772,39,0,0
772,40,0,0
772,41,0,0
772,42,0,0
772,43,0,0
772,44,0,0
772,45,0,0
772,46,0,0
772,47,0,0
772,48,0,0
772,49,0,0
772,50,0,0
772,51,0,0
772,52,0,0
772,53,0,0
772,54,0,0
772,55,0,0
772,56,0,0
772,57,0,0
773,1,60,31
773,2,32,0
773,3,22,2
773,4,18,1
773,5,107,44
773,6,42,10
773,7,11,11
773,8,69,7
773,9,68,0
773,10,181,66
773,11,225,52
773,12,3,75
773,13,0,0
773,14,63,33
773,15,105,17
773,16,0,0
773,17,77,0
773,18,0,0
773,19,6,68
773,20,0,14
773,21,0,0
773,22,268,20
773,23,237,49
773,24,0,0
773,25,0,0
773,26,0,0
773,27,190,31
773,28,0,49
773,29,0,0
773,30,0,0
773,31,0,0
773,32,0,0
773,33,0,0
773,34,0,0
773,35,0,0
773,36,0,0
773,37,0,0
773,38,0,0
773,39,0,0
773,40,0,0
773,41,0,0
773,42,0,0
773,43,0,0
773,44,0,0
773,45,0,0
773,46,0,0
773,47,0,0
773,48,0,0
773,49,0,0
773,50,0,0
773,51,0,0
773,52,0,0
773,53,0,0
773,54,0,0
773,55,0,0
773,56,0,0
773,57,0,0
773,58,0,0
773,59,0,0
773,60,0,0
773,61,0,0
773,62,0,0
773,63,0,0
773,64,0,0
773,65,0,0
773,66,0,0
774,1,15,0
774,2,55,1
774,3,108,42
774,4,48,38
774,5,12,10
774,6,68,0
774,7,0,0
774,8,0,0
774,9,0,0
774,10,224,53
774,11,0,0
774,12,0,0
774,13,0,0
774,14,0,0
774,15,0,0
774,16,0,0
774,17,208,46
774,18,0,0
774,19,0,0
774,20,0,0
774,21,0,0
774,22,0,0
774,23,183,41
774,24,0,0
774,25,0,0
774,26,0,0
774,27,0,0
774,28,0,0
774,29,0,0
774,30,0,0
774,31,0,0
774,32,0,0
774,33,0,0
774,34,0,0
774,35,0,0
774,36,0,93
774,37,0,0
774,38,0,0
774,39,0,0
774,40,0,0
774,41,0,0
774,42,0,0
774,43,0,0
774,44,0,0
774,45,0,0
774,46,0,0
774,47,0,0
774,48,0,0
774,49,0,0
774,50,0,0
774,51,0,0
774,52,0,0
774,53,0,0
774,54,0,0
774,55,0,0
774,56,0,0
774,57,0,0
774,58,0,0
774,59,0,0
774,60,0,0
774,61,0,0
774,62,0,0
774,63,0,0
774,64,0,0
774,65,0,0
774,66,0,0
774,67,0,0
774,68,0,0
774,69,0,0
775,1,59,21
775,2,50,0
775,3,29,38
775,4,26,11
775,5,48,24
775,6,100,34
775,7,19,68
775,8,0,0
775,9,0,0
775,10,213,58
775,11,0,0
775,12,0,0
775,13,0,0
775,14,270,78
775,15,0,0
775,16,0,0
775,17,295,56
775,18,0,0
775,19,48,15
775,20,218,54
775,21,0,0
775,22,0,0
775,23,0,0
775,24,229,38
775,25,0,0
775,26,0,0
775,27,0,0
775,28,0,0
775,29,0,0
775,30,0,0
775,31,0,0
775,32,0,0
775,33,0,0
775,34,0,0
775,35,0,0
775,36,0,0
775,37,0,0
775,38,0,0
775,39,0,96
775,40,0,0
775,41,0,0
775,42,0,0
775,43,0,0
775,44,0,0
775,45,0,0
775,46,0,0
775,47,0,0
775,48,0,0
775,49,0,0
775,50,0,0
775,51,0,0
775,52,0,0
775,53,0,0
775,54,0,0
775,55,0,0
775,56,0,0
775,57,0,0
775,58,0,0
775,59,0,0
775,60,0,0
775,61,0,0
775,62,0,0
775,63,0,0
775,64,0,0
775,65,0,0
775,66,0,0
775,67,0,0
776,1,79,48
776,2,45,0
776,3,39,1
776,4,137,52
776,5,90,9
776,6,0,0
776,7,0,0
776,8,0,0
776,9,0,0
776,10,0,0
776,11,231,54
776,12,0,0
776,13,130,1
776,14,279,79
776,15,0,0
776,16,0,0
776,17,202,45
776,18,0,0
776,19,0,0
776,20,139,24
776,21,199,49
776,22,0,0
776,23,0,0
776,24,0,0
776,25,231,40
776,26,0,0
776,27,0,0
776,28,0,0
776,29,0,0
776,30,0,0
776,31,0,0
776,32,0,0
776,33,0,0
776,34,0,0
776,35,0,0
776,36,0,0
776,37,0,0
776,38,0,0
776,39,0,0
776,40,0,0
776,41,0,0
776,42,0,0
776,43,0,0
776,44,0,0
776,45,0,0
776,46,0,0
776,47,0,0
776,48,0,0
776,49,0,0
776,50,0,0
776,51,0,0
776,52,0,0
776,53,0,0
776,54,0,0
776,55,0,0
776,56,0,0
776,57,0,0
776,58,0,0
776,59,0,0
776,60,0,0
776,61,0,0
776,62,0,0
776,63,0,0
777,1,35,0
777,2,52,36
777,3,16,0
777,4,67,52
777,5,97,5
777,6,99,36
777,7,83,15
777,8,94,9
777,9,167,49
777,10,84,27
777,11,0,0
777,12,222,52
777,13,4,78
777,14,0,0
777,15,132,1
777,16,0,0
777,17,0,0
777,18,0,0
777,19,0,0
777,20,0,0
777,21,0,0
777,22,0,0
777,23,0,0
777,24,0,0
777,25,0,0
777,26,0,0
777,27,0,0
777,28,0,0
777,29,0,0
777,30,0,0
777,31,0,0
777,32,0,0
777,33,0,0
777,34,0,0
777,35,0,0
777,36,0,84
777,37,0,0
777,38,0,0
777,39,0,0
777,40,0,0
777,41,0,0
777,42,0,0
777,43,0,0
777,44,0,0
777,45,0,0
777,46,0,0
777,47,0,0
777,48,0,0
777,49,0,0
777,50,0,0
777,51,0,0
777,52,0,0
777,53,0,0
777,54,0,0
777,55,0,0
777,56,0,0
777,57,0,0
777,58,0,0
777,59,0,0
777,60,0,0
777,61,0,0
777,62,0,0
777,63,0,0
778,1,62,22
778,2,15,0
778,3,74,57
778,4,103,21
778,5,0,0
778,6,0,0
778,7,0,0
778,8,138,1
778,9,0,0
778,10,0,0
778,11,0,0
778,12,0,0
778,13,0,0
778,14,0,0
778,15,0,0
778,16,0,0
778,17,0,0
778,18,0,0
778,19,0,0
778,20,211,40
778,21,0,0
778,22,0,0
778,23,0,0
778,24,0,0
778,25,0,0
778,26,0,0
778,27,0,0
778,28,0,0
778,29,0,0
778,30,0,0
778,31,0,0
778,32,0,0
778,33,0,0
778,34,0,0
778,35,0,0
778,36,0,0
778,37,0,0
778,38,0,0
778,39,0,0
778,40,0,0
778,41,0,0
778,42,0,0
778,43,0,0
778,44,0,0
778,45,0,0
778,46,0,0
778,47,0,0
778,48,0,0
778,49,0,0
778,50,0,0
778,51,0,0
779,1,45,14
779,2,18,0
779,3,32,1
779,4,5,0
779,5,80,1
779,6,0,18
779,7,174,71
779,8,193,85
779,9,157,56
779,10,99,0
779,11,0,0
779,12,0,0
779,13,0,0
779,14,0,0
779,15,0,0
779,16,121,87
779,17,0,0
779,18,0,0
779,19,0,0
779,20,0,0
779,21,0,0
779,22,0,0
779,23,0,0
779,24,0,0
779,25,0,0
779,26,0,0
779,27,0,0
779,28,0,0
779,29,0,0
779,30,0,0
779,31,0,0
779,32,0,0
779,33,0,0
779,34,0,0
779,35,0,0
779,36,0,0
779,37,0,0
779,38,0,0
779,39,0,0
779,40,0,0
779,41,0,0
779,42,0,0
779,43,0,0
780,1,12,0
780,2,62,0
780,3,30,0
780,4,124,63
780,5,7,74
780,6,4,0
780,7,122,68
780,8,0,9
780,9,166,73
780,10,152,54
780,11,0,0
780,12,114,14
780,13,0,0
780,14,0,0
780,15,38,0
780,16,0,0
780,17,0,0
780,18,0,0
780,19,189,4
780,20,0,0
780,21,0,0
780,22,0,0
780,23,0,0
780,24,10,3
780,25,0,0
780,26,0,0
780,27,0,0
780,28,0,0
780,29,0,0
780,30,0,0
780,31,0,0
780,32,0,0
780,33,0,0
780,34,0,0
780,35,0,0
780,36,0,0
780,37,0,0
780,38,0,120
780,39,0,0
780,40,0,0
780,41,0,0
780,42,0,0
780,43,0,0
780,44,0,0
780,45,0,0
780,46,0,0
780,47,0,0
780,48,0,0
780,49,0,0
780,50,0,0
781,1,21,0
781,2,67,0
781,3,9,9
781,4,132,92
781,5,144,64
781,6,120,0
781,7,0,0
781,8,107,30
781,9,136,50
781,10,0,0
781,11,0,0
781,12,0,0
781,13,91,0
781,14,0,0
781,15,184,3
781,16,0,0
781,17,0,0
781,18,0,0
781,19,0,0
781,20,0,0
781,21,0,0
781,22,0,0
781,23,0,0
781,24,0,0
781,25,0,0
781,26,0,0
781,27,0,0
781,28,0,0
781,29,0,0
781,30,0,0
781,31,0,0
781,32,0,0
781,33,0,0
781,34,0,0
781,35,0,0
781,36,0,0
781,37,0,0
781,38,0,0
781,39,0,0
781,40,0,0
781,41,0,0
781,42,0,0
781,43,0,0
781,44,0,0
781,45,0,0
781,46,0,0
781,47,0,0
781,48,0,0
781,49,0,0
781,50,0,0
781,51,0,0
781,52,0,0
781,53,0,0
782,1,21,0
782,2,120,87
782,3,2,0
782,4,5,15
782,5,0,15
782,6,82,78
782,7,168,62
782,8,217,59
782,9,0,0
782,10,0,0
782,11,0,0
782,12,189,2
782,13,0,0
782,14,0,0
782,15,0,0
782,16,0,0
782,17,0,0
782,18,158,51
782,19,0,0
782,20,17,27
782,21,145,45
782,22,0,0
782,23,0,0
782,24,265,39
782,25,0,0
782,26,0,0
782,27,0,93
782,28,0,0
782,29,0,0
782,30,0,0
782,31,0,0
782,32,0,0
782,33,0,0
782,34,0,0
782,35,0,0
782,36,0,0
782,37,0,0
782,38,0,0
782,39,0,0
782,40,0,0
782,41,0,0
782,42,0,0
782,43,0,0
782,44,0,0
782,45,0,0
782,46,0,0
782,47,0,0
782,48,0,0
782,49,0,0
782,50,0,0
782,51,0,0
782,52,0,0
782,53,0,0
782,54,0,0
782,55,0,0
782,56,0,0
782,57,0,0
782,58,0,0
782,59,0,0
782,60,0,0
782,61,0,0
783,1,21,0
783,2,126,43
783,3,144,88
783,4,5,0
783,5,4,20
783,6,188,85
783,7,163,56
783,8,0,0
783,9,134,21
783,10,61,19
783,11,154,53
783,12,0,0
783,13,0,0
783,14,0,0
783,15,212,3
783,16,0,0
783,17,0,0
783,18,0,0
783,19,0,0
783,20,0,0
783,21,0,0
783,22,173,67
783,23,0,0
783,24,0,0
783,25,0,0
783,26,0,0
783,27,0,0
783,28,0,0
783,29,0,0
783,30,0,0
783,31,0,0
783,32,0,0
783,33,0,0
783,34,0,0
783,35,0,0
783,36,0,0
783,37,0,0
783,38,0,0
783,39,0,0
783,40,0,0
783,41,0,0
783,42,0,0
783,43,0,0
783,44,0,0
783,45,0,0
783,46,0,0
783,47,0,0
783,48,0,0
783,49,0,0
783,50,0,0
783,51,0,0
783,52,0,0
783,53,0,0
783,54,0,0
783,55,0,0
783,56,0,0
783,57,0,0
783,58,0,0
783,59,0,0
783,60,0,0
783,61,0,0
783,62,0,0
783,63,0,0
783,64,0,0
783,65,0,0
783,66,0,0
784,1,21,0
784,2,130,89
784,3,9,8
784,4,24,0
784,5,0,13
784,6,0,0
784,7,98,21
784,8,175,61
784,9,0,0
784,10,0,0
784,11,120,3
784,12,0,0
784,13,0,0
784,14,0,0
784,15,0,0
784,16,0,0
784,17,0,0
784,18,0,0
784,19,243,39
784,20,0,0
784,21,0,0
784,22,291,0
784,23,148,61
784,24,0,0
784,25,0,0
784,26,0,0
784,27,0,0
784,28,0,0
784,29,0,0
784,30,0,0
784,31,0,0
784,32,0,0
784,33,0,0
784,34,0,0
784,35,0,0
784,36,0,0
784,37,0,0
784,38,0,0
784,39,0,0
784,40,0,0
784,41,0,0
784,42,0,0
784,43,0,0
784,44,0,0
784,45,0,0
784,46,0,0
784,47,0,0
784,48,0,0
784,49,0,0
784,50,0,0
784,51,0,0
784,52,0,0
784,53,0,0
784,54,0,0
784,55,0,0
784,56,0,0
784,57,0,0
784,58,0,0
784,59,0,0
784,60,0,0
784,61,0,0
784,62,0,0
784,63,0,0
784,64,0,0
784,65,0,0
784,66,0,0
784,67,0,0
784,68,0,0
784,69,0,0
784,70,0,0
784,71,0,0
785,1,7,0
785,2,27,0
785,3,128,87
785,4,12,0
785,5,5,0
785,6,1,18
785,7,145,76
785,8,0,0
785,9,97,15
785,10,172,58
785,11,0,0
785,12,123,1
785,13,0,0
785,14,0,0
785,15,0,0
785,16,0,0
785,17,0,0
785,18,223,40
785,19,0,0
785,20,0,0
785,21,120,60
785,22,0,0
785,23,60,40
785,24,130,37
785,25,0,0
785,26,0,0
785,27,0,0
785,28,0,0
785,29,0,0
785,30,0,0
785,31,0,0
785,32,0,0
785,33,0,0
785,34,0,0
785,35,0,0
785,36,0,0
785,37,0,0
785,38,0,0
785,39,0,0
785,40,0,0
785,41,0,0
785,42,0,0
785,43,0,0
785,44,0,0
785,45,0,0
785,46,0,0
785,47,0,0
785,48,0,0
785,49,0,0
785,50,0,0
785,51,0,0
785,52,0,0
785,53,0,0
785,54,0,0
785,55,0,0
785,56,0,0
785,57,0,0
785,58,0,0
785,59,0,0
785,60,0,0
785,61,0,0
785,62,0,0
785,63,0,0
785,64,0,0
785,65,0,0
785,66,0,0
785,67,0,0
786,1,27,0
786,2,44,14
786,3,9,0
786,4,3,0
786,5,2,12
786,6,0,0
786,7,0,0
786,8,0,0
786,9,199,40
786,10,0,0
786,11,0,0
786,12,144,33
786,13,130,70
786,14,0,0
786,15,0,0
786,16,0,0
786,17,0,0
786,18,0,0
786,19,0,0
786,20,0,0
786,21,0,71
786,22,0,0
786,23,0,0
786,24,0,0
786,25,0,0
786,26,0,0
786,27,0,0
786,28,0,0
786,29,0,0
786,30,0,0
786,31,0,0
786,32,0,0
786,33,0,0
786,34,0,0
786,35,0,0
786,36,0,0
786,37,0,0
786,38,0,0
786,39,0,0
786,40,0,0
786,41,0,0
786,42,0,0
786,43,0,0
786,44,0,0
786,45,0,0
786,46,0,0
786,47,0,0
786,48,0,0
786,49,0,0
786,50,0,0
786,51,0,0
786,52,0,0
787,1,22,0
787,2,100,53
787,3,28,0
787,4,16,27
787,5,1,2
787,6,25,0
787,7,0,0
787,8,0,0
787,9,159,26
787,10,0,0
787,11,0,0
787,12,0,0
787,13,57,18
787,14,0,0
787,15,154,40
787,16,103,43
787,17,0,0
787,18,0,0
787,19,0,0
787,20,5,54
787,21,0,0
787,22,0,0
787,23,0,0
787,24,0,0
787,25,0,0
787,26,0,0
787,27,0,0
787,28,0,0
787,29,0,0
787,30,0,0
787,31,0,0
787,32,0,0
787,33,0,0
787,34,0,0
787,35,0,0
787,36,0,0
787,37,0,0
787,38,0,0
787,39,0,0
787,40,0,0
787,41,0,0
787,42,0,0
787,43,0,0
787,44,0,0
787,45,0,0
787,46,0,0
787,47,0,0
787,48,0,0
787,49,0,0
787,50,0,0
787,51,0,0
787,52,0,0
787,53,0,0
787,54,0,0
787,55,0,0
787,56,0,0
788,1,22,0
788,2,18,0
788,3,48,0
788,4,11,0
788,5,15,0
788,6,203,98
788,7,0,0
788,8,0,0
788,9,0,0
788,10,127,18
788,11,0,0
788,12,0,0
788,13,0,0
788,14,0,0
788,15,49,11
788,16,0,0
788,17,217,68
788,18,0,0
788,19,0,0
788,20,0,0
788,21,0,0
788,22,7,55
788,23,0,0
788,24,0,0
788,25,0,0
788,26,0,0
788,27,0,144
788,28,0,0
788,29,0,0
788,30,0,0
788,31,0,0
788,32,0,0
788,33,0,0
788,34,0,0
788,35,0,0
788,36,0,0
788,37,0,0
788,38,0,0
788,39,0,0
788,40,0,0
788,41,0,0
788,42,0,0
788,43,0,0
788,44,0,0
788,45,0,0
788,46,0,0
788,47,0,0
788,48,0,0
788,49,0,0
788,50,0,0
788,51,0,0
788,52,0,0
788,53,0,0
788,54,0,0
788,55,0,0
788,56,0,0
788,57,0,0
788,58,0,0
788,59,0,0
788,60,0,0
789,1,15,0
789,2,27,0
789,3,12,0
789,4,17,0
789,5,233,82
789,6,0,0
789,7,0,0
789,8,0,0
789,9,0,0
789,10,34,1
789,11,0,0
789,12,0,0
789,13,0,0
789,14,0,0
789,15,0,0
789,16,0,0
789,17,0,0
789,18,0,0
789,19,0,0
789,20,0,0
789,21,0,0
789,22,0,0
789,23,0,0
789,24,0,0
789,25,0,0
789,26,0,0
789,27,0,0
789,28,0,0
789,29,0,0
789,30,0,0
789,31,0,0
789,32,0,0
789,33,0,0
789,34,0,0
789,35,0,0
789,36,0,0
789,37,0,0
789,38,0,0
789,39,0,0
789,40,0,0
789,41,0,0
789,42,0,0
789,43,0,0
789,44,0,0
789,45,0,0
789,46,0,0
789,47,0,0
789,48,0,0
789,49,0,0
789,50,0,0
789,51,0,0
789,52,0,0
789,53,0,0
790,1,24,0
790,2,108,77
790,3,13,55
790,4,14,0
790,5,229,83
790,6,0,0
790,7,0,0
790,8,0,0
790,9,0,0
790,10,0,0
790,11,0,0
790,12,0,0
790,13,0,0
790,14,0,0
790,15,0,0
790,16,0,0
790,17,0,0
790,18,0,0
790,19,0,0
790,20,0,0
790,21,0,0
790,22,0,0
790,23,0,0
790,24,0,157
790,25,0,0
790,26,0,0
790,27,0,0
790,28,0,0
790,29,0,0
790,30,0,0
790,31,0,0
790,32,0,0
790,33,0,0
790,34,0,0
790,35,0,0
790,36,0,0
790,37,0,0
790,38,0,0
790,39,0,0
790,40,0,0
790,41,0,0
790,42,0,0
790,43,0,0
791,1,24,0
791,2,69,0
791,3,20,0
791,4,155,29
791,5,0,0
791,6,0,0
791,7,0,0
791,8,0,0
791,9,0,0
791,10,0,0
791,11,0,0
791,12,0,0
791,13,0,0
791,14,0,0
791,15,0,0
791,16,0,0
791,17,0,0
791,18,0,0
791,19,203,72
791,20,0,0
791,21,0,0
791,22,0,0
791,23,0,25
791,24,0,0
791,25,0,154
791,26,0,0
791,27,0,0
791,28,0,0
791,29,0,0
791,30,0,0
791,31,0,0
791,32,0,0
791,33,0,0
791,34,0,0
791,35,0,0
791,36,0,0
791,37,0,0
791,38,0,0
791,39,0,0
791,40,0,0
791,41,0,0
791,42,0,0
791,43,0,0
791,44,0,0
791,45,0,0
792,1,25,0
792,2,13,0
792,3,0,0
792,4,0,0
792,5,0,0
792,6,0,0
792,7,0,0
792,8,0,0
792,9,0,0
792,10,0,0
792,11,0,0
792,12,0,0
792,13,0,0
792,14,0,0
792,15,0,0
792,16,0,0
792,17,0,0
792,18,0,0
792,19,0,0
792,20,0,0
792,21,0,157
792,22,0,0
792,23,0,0
792,24,0,0
792,25,0,0
792,26,0,0
792,27,0,0
792,28,0,0
792,29,0,0
792,30,0,0
792,31,0,0
792,32,0,0
792,33,0,0
792,34,0,0
792,35,0,0
792,36,0,0
792,37,0,0
792,38,0,0
792,39,0,0
792,40,0,0
792,41,0,0
792,42,0,0
792,43,0,0
792,44,0,0
792,45,0,0
792,46,0,0
792,47,0,0
792,48,0,0
793,1,25,0
793,2,51,0
793,3,9,0
793,4,0,0
793,5,0,0
793,6,0,0
793,7,0,0
793,8,0,0
793,9,0,0
793,10,0,0
793,11,216,84
793,12,0,0
793,13,0,0
793,14,0,0
793,15,0,0
793,16,0,0
793,17,0,0
793,18,0,0
793,19,0,0
793,20,0,0
793,21,0,0
793,22,0,0
793,23,0,0
793,24,0,0
793,25,0,0
793,26,0,0
793,27,0,0
793,28,0,0
793,29,0,0
793,30,0,0
793,31,0,0
793,32,0,0
793,33,0,0
793,34,0,0
793,35,0,0
793,36,0,0
793,37,0,0
793,38,0,0
793,39,0,0
793,40,0,0
793,41,0,0
793,42,0,0
793,43,0,0
793,44,0,0
793,45,0,0
793,46,0,0
793,47,0,0
793,48,0,0
793,49,0,0
793,50,0,0
793,51,0,0
793,52,0,0
793,53,0,0
793,54,0,0
793,55,0,0
794,1,78,0
794,2,23,0
794,3,10,0
794,4,1,0
794,5,0,0
794,6,0,0
794,7,0,0
794,8,0,0
794,9,0,0
794,10,0,0
794,11,0,0
794,12,282,70
794,13,0,0
794,14,0,0
794,15,0,0
794,16,0,0
794,17,0,0
794,18,0,0
794,19,0,0
794,20,0,0
794,21,0,181
794,22,0,0
794,23,0,0
794,24,0,0
794,25,0,0
794,26,0,0
794,27,0,0
794,28,0,0
794,29,0,0
794,30,0,0
794,31,0,0
794,32,0,0
794,33,0,0
794,34,0,0
794,35,0,0
794,36,0,0
794,37,0,0
794,38,0,0
794,39,0,0
794,40,0,0
794,41,0,0
794,42,0,0
794,43,0,0
794,44,0,0
794,45,0,0
794,46,0,0
794,47,0,0
794,48,0,0
794,49,0,0
794,50,0,0
794,51,0,0
794,52,0,0
794,53,0,0
794,54,0,0
795,1,63,0
795,2,20,0
795,3,12,0
795,4,0,0
795,5,0,0
795,6,0,0
795,7,0,0
795,8,0,0
795,9,0,0
795,10,0,0
795,11,0,0
795,12,0,0
795,13,200,70
795,14,0,0
795,15,0,0
795,16,0,0
795,17,0,0
795,18,0,0
795,19,0,56
795,20,0,0
795,21,0,0
795,22,0,0
795,23,0,0
795,24,0,0
795,25,0,0
795,26,0,0
795,27,0,0
795,28,0,0
795,29,0,0
795,30,0,0
795,31,0,0
795,32,0,0
795,33,0,0
795,34,0,0
795,35,0,0
795,36,0,0
795,37,0,0
795,38,0,0
795,39,0,0
795,40,0,0
795,41,0,0
795,42,0,0
795,43,0,0
795,44,0,0
795,45,0,0
795,46,0,0
795,47,0,0
795,48,0,0
795,49,0,0
795,50,0,0
795,51,0,0
795,52,0,0
795,53,0,0
795,54,0,0
795,55,0,0
795,56,0,0
795,57,0,0
796,1,24,0
796,2,12,0
796,3,0,0
796,4,0,0
796,5,0,0
796,6,0,0
796,7,0,0
796,8,0,0
796,9,0,0
796,10,0,0
796,11,0,0
796,12,0,0
796,13,0,0
796,14,0,0
796,15,0,0
796,16,0,0
796,17,0,60
796,18,0,0
796,19,0,0
796,20,0,0
796,21,0,0
796,22,0,0
796,23,0,0
796,24,0,0
796,25,0,0
796,26,0,0
796,27,0,0
796,28,0,0
796,29,0,0
796,30,0,0
796,31,0,0
796,32,0,0
796,33,0,0
796,34,0,0
796,35,0,0
796,36,0,0
796,37,0,0
796,38,0,0
796,39,0,0
796,40,0,0
796,41,0,0
796,42,0,0
796,43,0,0
796,44,0,0
796,45,0,0
796,46,0,0
796,47,0,0
796,48,0,0
796,49,0,0
796,50,0,0
796,51,0,0
796,52,0,0
797,1,19,0
797,2,86,2
797,3,9,0
797,4,0,0
797,5,0,0
797,6,0,0
797,7,0,0
797,8,0,0
797,9,0,0
797,10,0,0
797,11,0,0
797,12,0,0
797,13,0,0
797,14,0,0
797,15,0,0
797,16,0,0
797,17,0,0
797,18,0,0
797,19,0,0
797,20,0,0
797,21,0,0
797,22,0,54
797,23,0,0
797,24,0,0
797,25,0,0
797,26,0,0
797,27,0,0
797,28,0,0
797,29,0,0
797,30,0,0
797,31,0,0
797,32,0,0
797,33,0,0
797,34,0,0
797,35,0,0
797,36,0,0
797,37,0,0
797,38,0,0
797,39,0,0
797,40,0,0
797,41,0,0
797,42,0,0
797,43,0,0
797,44,0,0
797,45,0,0
797,46,0,0
797,47,0,0
797,48,0,0
797,49,0,0
797,50,0,0
797,51,0,0
797,52,0,0
797,53,0,0
797,54,0,0
798,1,34,0
798,2,95,0
798,3,8,0
798,4,0,0
798,5,0,0
798,6,0,0
798,7,0,0
798,8,0,0
798,9,263,98
798,10,0,0
798,11,0,0
798,12,0,0
798,13,0,0
798,14,0,0
798,15,0,0
798,16,0,0
798,17,0,0
798,18,0,0
798,19,0,0
798,20,0,0
798,21,0,54
798,22,0,0
798,23,0,0
798,24,0,0
798,25,0,0
798,26,0,0
798,27,0,0
798,28,0,0
798,29,0,0
798,30,0,0
798,31,0,0
798,32,0,0
798,33,0,0
798,34,0,0
798,35,0,0
798,36,0,0
798,37,0,0
798,38,0,0
798,39,0,0
798,40,0,0
798,41,0,0
798,42,0,0
798,43,0,0
798,44,0,0
798,45,0,0
798,46,0,0
798,47,0,0
798,48,0,0
798,49,0,0
798,50,0,0
798,51,0,0
798,52,0,0
798,53,0,0
798,54,0,0
798,55,0,0
798,56,0,0
798,57,0,0
798,58,0,0
799,1,25,0
799,2,88,0
799,3,56,0
799,4,20,0
799,5,35,1
799,6,7,0
799,7,8,0
799,8,0,0
799,9,0,0
799,10,170,59
799,11,225,99
799,12,0,0
799,13,0,0
799,14,0,0
799,15,0,58
799,16,0,0
799,17,0,0
799,18,0,0
799,19,0,0
799,20,0,0
799,21,0,0
799,22,0,0
799,23,0,0
799,24,0,147
799,25,0,0
799,26,0,0
799,27,0,0
799,28,0,0
799,29,0,0
799,30,0,0
799,31,0,0
799,32,0,0
799,33,0,0
799,34,0,0
799,35,0,0
799,36,0,0
799,37,0,0
799,38,0,0
799,39,0,0
799,40,0,0
799,41,0,0
799,42,0,0
799,43,0,0
799,44,0,0
799,45,0,0
799,46,0,0
799,47,0,0
799,48,0,0
799,49,0,0
799,50,0,0
799,51,0,0
800,1,69,0
800,2,93,0
800,3,5,0
800,4,17,0
800,5,0,0
800,6,0,0
800,7,0,0
800,8,0,0
800,9,0,0
800,10,0,0
800,11,0,0
800,12,0,0
800,13,0,0
800,14,0,0
800,15,0,0
800,16,0,0
800,17,0,63
800,18,0,0
800,19,0,0
800,20,0,0
800,21,0,0
800,22,0,0
800,23,0,0
800,24,0,0
800,25,0,0
800,26,0,0
800,27,0,0
800,28,0,0
800,29,0,0
800,30,0,0
800,31,0,0
800,32,0,0
800,33,0,0
800,34,0,0
800,35,0,0
800,36,0,0
800,37,0,0
800,38,0,0
800,39,0,0
800,40,0,0
800,41,0,0
800,42,0,0
800,43,0,0
800,44,0,0
800,45,0,0
800,46,0,0
800,47,0,0
800,48,0,0
800,49,0,0
800,50,0,0
800,51,0,0
800,52,0,0
800,53,0,0
800,54,0,0
800,55,0,0
800,56,0,0
800,57,0,0
800,58,0,0
801,1,52,0
801,2,51,0
801,3,101,0
801,4,35,0
801,5,4,0
801,6,3,0
801,7,0,0
801,8,148,114
801,9,0,0
801,10,0,0
801,11,0,0
801,12,0,0
801,13,0,0
801,14,0,0
801,15,0,0
801,16,0,0
801,17,0,0
801,18,0,0
801,19,0,0
801,20,0,0
801,21,0,0
801,22,0,0
801,23,0,0
801,24,0,0
801,25,0,0
801,26,0,0
801,27,0,0
801,28,0,0
801,29,0,0
801,30,0,0
801,31,0,0
801,32,0,0
801,33,0,0
801,34,0,0
801,35,0,0
801,36,0,0
801,37,0,0
801,38,0,0
801,39,0,0
801,40,0,0
801,41,0,0
801,42,0,0
801,43,0,0
801,44,0,0
801,45,0,0
801,46,0,0
801,47,0,0
801,48,0,0
801,49,0,0
801,50,0,0
801,51,0,0
801,52,0,0
801,53,0,0
801,54,0,0
801,55,0,0
801,56,0,0
801,57,0,0
801,58,0,0
801,59,0,0
801,60,0,0
801,61,0,0
801,62,0,0
802,1,104,0
802,2,4,0
802,3,25,0
802,4,0,0
802,5,0,0
802,6,0,0
802,7,0,0
802,8,0,0
802,9,0,0
802,10,0,0
802,11,168,105
802,12,0,0
802,13,0,0
802,14,138,46
802,15,200,58
802,16,0,0
802,17,0,0
802,18,0,0
802,19,0,0
802,20,0,0
802,21,0,0
802,22,0,47
802,23,0,0
802,24,0,0
802,25,0,0
802,26,0,0
802,27,0,0
802,28,0,0
802,29,0,0
802,30,0,0
802,31,0,0
802,32,0,0
802,33,0,0
802,34,0,0
802,35,0,0
802,36,0,0
802,37,0,0
802,38,0,0
802,39,0,0
802,40,0,0
802,41,0,0
802,42,0,0
802,43,0,0
802,44,0,0
802,45,0,0
802,46,0,0
802,47,0,0
802,48,0,0
802,49,0,0
802,50,0,0
802,51,0,0
802,52,0,0
802,53,0,0
802,54,0,0
802,55,0,0
802,56,0,0
802,57,0,0
802,58,0,0
802,59,0,0
802,60,0,0
802,61,0,0
802,62,0,0
802,63,0,0
802,64,0,0
802,65,0,0
802,66,0,0
803,1,100,0
803,2,4,0
803,3,23,0
803,4,0,0
803,5,0,0
803,6,0,0
803,7,240,82
803,8,0,0
803,9,0,0
803,10,265,76
803,11,0,0
803,12,0,0
803,13,0,0
803,14,0,0
803,15,0,0
803,16,0,0
803,17,0,49
803,18,0,0
803,19,0,0
803,20,0,0
803,21,0,0
803,22,0,0
803,23,0,0
803,24,0,0
803,25,0,0
803,26,0,0
803,27,0,0
803,28,0,0
803,29,0,0
803,30,0,0
803,31,0,0
803,32,0,0
803,33,0,0
803,34,0,0
803,35,0,0
803,36,0,0
803,37,0,0
803,38,0,0
803,39,0,0
803,40,0,0
803,41,0,0
803,42,0,0
803,43,0,0
803,44,0,0
803,45,0,0
803,46,0,0
803,47,0,0
803,48,0,0
803,49,0,0
803,50,0,0
803,51,0,0
803,52,0,0
803,53,0,0
803,54,0,0
803,55,0,0
803,56,0,0
803,57,0,0
803,58,0,0
803,59,0,0
803,60,0,0
803,61,0,0
803,62,0,0
803,63,0,0
804,1,89,0
804,2,2,0
804,3,0,0
804,4,0,0
804,5,239,69
804,6,0,0
804,7,232,73
804,8,0,0
804,9,0,0
804,10,0,0
804,11,0,0
804,12,0,0
804,13,0,41
804,14,0,0
804,15,0,81
804,16,0,0
804,17,0,0
804,18,0,0
804,19,0,0
804,20,0,0
804,21,0,0
804,22,0,0
804,23,0,0
804,24,0,0
804,25,0,0
804,26,0,0
804,27,0,0
804,28,0,0
804,29,0,0
804,30,0,0
804,31,0,0
804,32,0,0
804,33,0,0
804,34,0,0
804,35,0,0
804,36,0,0
804,37,0,0
804,38,0,0
804,39,0,0
804,40,0,0
804,41,0,0
804,42,0,0
804,43,0,0
804,44,0,0
804,45,0,0
804,46,0,0
804,47,0,0
804,48,0,0
804,49,0,0
804,50,0,0
804,51,0,0
804,52,0,0
804,53,0,0
804,54,0,0
804,55,0,0
804,56,0,0
804,57,0,0
804,58,0,0
805,1,89,0
805,2,26,0
805,3,1,0
805,4,0,0
805,5,0,0
805,6,253,75
805,7,265,110
805,8,220,63
805,9,80,47
805,10,181,47
805,11,0,0
805,12,0,0
805,13,0,0
805,14,0,0
805,15,0,0
805,16,0,0
805,17,0,0
805,18,0,0
805,19,0,0
805,20,0,0
805,21,0,0
805,22,0,0
805,23,0,0
805,24,0,0
805,25,0,0
805,26,0,0
805,27,0,0
805,28,0,0
805,29,0,0
805,30,0,0
805,31,0,0
805,32,0,0
805,33,0,0
805,34,0,0
805,35,0,0
805,36,0,0
805,37,0,1
805,38,0,0
805,39,0,0
805,40,0,0
805,41,0,0
805,42,0,0
805,43,0,0
805,44,0,0
805,45,0,0
805,46,0,0
805,47,0,0
805,48,0,0
805,49,0,0
805,50,0,0
805,51,0,0
805,52,0,0
805,53,0,0
805,54,0,0
805,55,0,0
805,56,0,0
805,57,0,0
805,58,0,0
805,59,0,0
806,1,83,0
806,2,0,0
806,3,0,0
806,4,284,107
806,5,178,83
806,6,32,102
806,7,0,0
806,8,0,0
806,9,0,0
806,10,0,0
806,11,0,0
806,12,0,0
806,13,0,0
806,14,0,93
806,15,0,0
806,16,0,0
806,17,0,0
806,18,0,0
806,19,0,0
806,20,0,0
806,21,0,0
806,22,0,0
806,23,0,0
806,24,0,0
806,25,0,0
806,26,0,0
806,27,0,0
806,28,0,0
806,29,0,0
806,30,0,0
806,31,0,0
806,32,0,0
806,33,0,0
806,34,0,0
806,35,0,0
806,36,0,0
806,37,0,0
806,38,0,0
806,39,0,0
806,40,0,0
806,41,0,0
806,42,0,0
806,43,0,0
806,44,0,0
806,45,0,0
806,46,0,0
806,47,0,0
806,48,0,0
806,49,0,0
806,50,0,0
807,1,0,0
807,2,92,92
807,3,146,69
807,4,0,0
807,5,0,0
807,6,0,0
807,7,0,0
807,8,0,0
807,9,0,0
807,10,0,0
807,11,0,0
807,12,0,125
807,13,0,0
807,14,0,0
807,15,0,0
807,16,0,0
807,17,0,0
807,18,0,0
807,19,0,63
807,20,0,0
807,21,0,0
807,22,0,0
807,23,0,0
807,24,0,0
807,25,0,0
807,26,0,0
807,27,0,0
807,28,0,0
807,29,0,0
807,30,0,0
807,31,0,0
807,32,0,0
807,33,0,0
807,34,0,0
807,35,0,0
807,36,0,0
807,37,0,0
807,38,0,0
807,39,0,0
807,40,0,0
807,41,0,0
807,42,0,0
807,43,0,0
807,44,0,0
807,45,0,0
807,46,0,0
807,47,0,0
807,48,0,0
807,49,0,0
807,50,0,0
808,1,64,0
808,2,0,0
808,3,191,72
808,4,0,0
808,5,0,0
808,6,0,0
808,7,0,0
808,8,0,0
808,9,0,0
808,10,0,0
808,11,0,0
808,12,0,0
808,13,0,0
808,14,0,0
808,15,0,0
808,16,0,0
808,17,0,0
808,18,0,0
808,19,0,0
808,20,0,0
808,21,0,0
808,22,0,0
808,23,0,0
808,24,0,0
808,25,0,0
808,26,0,0
808,27,0,0
808,28,0,0
808,29,0,0
808,30,0,0
808,31,0,0
808,32,0,0
808,33,0,0
808,34,0,0
808,35,0,0
808,36,0,0
808,37,0,0
808,38,0,0
808,39,0,0
808,40,0,0
808,41,0,0
808,42,0,0
808,43,0,0
808,44,0,0
808,45,0,0
808,46,0,0
808,47,0,0
809,1,0,0
809,2,0,0
809,3,0,0
809,4,0,0
809,5,184,69
809,6,0,0
809,7,0,0
809,8,0,0
809,9,0,0
809,10,0,0
809,11,0,0
809,12,0,0
809,13,0,93
809,14,0,0
809,15,0,0
809,16,0,0
809,17,0,0
809,18,0,0
809,19,0,0
809,20,0,0
809,21,0,0
809,22,0,0
809,23,0,0
809,24,0,0
809,25,0,0
809,26,0,0
809,27,0,0
809,28,0,0
809,29,0,0
809,30,0,0
809,31,0,0
809,32,0,0
809,33,0,0
809,34,0,0
809,35,0,0
809,36,0,0
809,37,0,0
809,38,0,0
809,39,0,0
809,40,0,0
809,41,0,0
809,42,0,0
809,43,0,0
809,44,0,0
809,45,0,0
809,46,0,0
809,47,0,0
810,1,0,0
810,2,0,0
810,3,0,0
810,4,137,97
810,5,0,0
810,6,0,0
810,7,0,0
810,8,0,0
810,9,0,0
810,10,0,0
810,11,0,0
810,12,0,0
810,13,0,0
810,14,0,0
810,15,0,0
810,16,0,0
810,17,0,0
810,18,0,0
810,19,0,0
810,20,0,0
810,21,0,0
810,22,0,0
810,23,0,0
810,24,0,0
810,25,0,0
810,26,0,0
810,27,0,44
810,28,0,0
810,29,0,0
810,30,0,0
810,31,0,0
810,32,0,0
810,33,0,0
810,34,0,0
810,35,0,0
810,36,0,0
810,37,0,0
810,38,0,0
810,39,0,0
810,40,0,0
810,41,0,0
810,42,0,0
810,43,0,0
810,44,0,0
810,45,0,0
810,46,0,0
810,47,0,0
811,1,101,0
811,2,0,0
811,3,181,86
811,4,0,0
811,5,0,0
811,6,0,0
811,7,0,0
811,8,26,93
811,9,0,0
811,10,0,0
811,11,0,0
811,12,0,0
811,13,0,0
811,14,0,0
811,15,0,0
811,16,0,0
811,17,0,0
811,18,0,0
811,19,0,0
811,20,0,0
811,21,0,0
811,22,0,0
811,23,0,0
811,24,0,0
811,25,0,0
811,26,0,0
811,27,0,0
811,28,0,0
811,29,0,0
811,30,0,0
811,31,0,0
811,32,0,0
811,33,0,0
811,34,0,0
811,35,0,0
811,36,0,0
811,37,0,0
811,38,0,0
811,39,0,0
811,40,0,0
811,41,0,0
811,42,0,0
811,43,0,0
811,44,0,0
811,45,0,0
811,46,0,0
812,1,109,0
812,2,0,0
812,3,0,0
812,4,0,0
812,5,0,0
812,6,0,0
812,7,0,0
812,8,0,0
812,9,0,0
812,10,0,0
812,11,0,0
812,12,0,0
812,13,0,0
812,14,0,0
812,15,0,0
812,16,0,0
812,17,0,0
812,18,0,0
812,19,0,0
812,20,0,0
812,21,0,0
812,22,0,0
812,23,0,0
812,24,0,0
812,25,0,0
812,26,0,0
812,27,0,0
812,28,0,0
812,29,0,0
812,30,0,0
812,31,0,0
812,32,0,0
812,33,0,0
812,34,0,0
812,35,0,0
812,36,0,0
812,37,0,0
812,38,0,0
812,39,0,0
812,40,0,0
812,41,0,0
812,42,0,0
812,43,0,0
812,44,0,0
812,45,0,0
812,46,0,0
812,47,0,0
812,48,0,0
812,49,0,0
812,50,0,0
813,1,105,0
813,2,0,0
813,3,0,0
813,4,0,0
813,5,0,0
813,6,0,0
813,7,0,0
813,8,0,0
813,9,0,0
813,10,0,0
813,11,0,0
813,12,0,0
813,13,0,0
813,14,0,0
813,15,0,0
813,16,0,0
813,17,0,0
813,18,0,0
813,19,0,0
813,20,0,0
813,21,0,0
813,22,0,0
813,23,0,0
813,24,0,0
813,25,0,0
813,26,0,0
813,27,0,0
813,28,0,0
813,29,0,0
813,30,0,0
813,31,0,0
813,32,0,0
813,33,0,0
813,34,0,0
813,35,0,0
813,36,0,0
813,37,0,0
813,38,0,22
813,39,0,0
813,40,0,0
813,41,0,0
813,42,0,0
813,43,0,0
813,44,0,0
813,45,0,0
813,46,0,0
813,47,0,0
813,48,0,0
813,49,0,0
813,50,0,0
813,51,0,0
813,52,0,0
813,53,0,0
813,54,0,0
813,55,0,0
813,56,0,0
813,57,0,0
813,58,0,0
814,1,0,0
814,2,0,0
814,3,0,0
814,4,0,0
814,5,0,0
814,6,0,0
814,7,0,0
814,8,98,61
814,9,0,0
814,10,0,0
814,11,0,0
814,12,0,0
814,13,0,0
814,14,0,0
814,15,0,0
814,16,0,0
814,17,0,0
814,18,0,0
814,19,0,0
814,20,0,0
814,21,0,0
814,22,0,137
814,23,0,0
814,24,0,0
814,25,0,0
814,26,0,0
814,27,0,0
814,28,0,0
814,29,0,0
814,30,0,0
814,31,0,0
814,32,0,21
814,33,0,0
814,34,0,0
814,35,0,0
814,36,0,0
814,37,0,0
814,38,0,0
814,39,0,0
814,40,0,0
814,41,0,0
814,42,0,0
814,43,0,0
814,44,0,0
814,45,0,0
814,46,0,0
814,47,0,0
814,48,0,0
814,49,0,0
814,50,0,0
815,1,0,0
815,2,0,0
815,3,0,0
815,4,0,0
815,5,0,0
815,6,0,0
815,7,0,0
815,8,0,0
815,9,0,0
815,10,0,0
815,11,0,0
815,12,0,0
815,13,0,0
815,14,0,0
815,15,0,0
815,16,0,0
815,17,0,0
815,18,0,0
815,19,0,0
815,20,0,0
815,21,0,0
815,22,0,132
815,23,0,0
815,24,0,0
815,25,0,0
815,26,0,0
815,27,0,0
815,28,0,0
815,29,0,0
815,30,0,0
815,31,0,0
815,32,0,0
815,33,0,0
815,34,0,0
815,35,0,0
815,36,0,0
815,37,0,0
815,38,0,0
815,39,0,0
815,40,0,0
815,41,0,0
815,42,0,0
815,43,0,0
815,44,0,0
815,45,0,0
815,46,0,0
816,1,56,0
816,2,77,0
816,3,78,0
816,4,0,0
816,5,0,0
816,6,0,0
816,7,0,0
816,8,0,0
816,9,0,0
816,10,0,0
816,11,0,0
816,12,0,0
816,13,33,107
816,14,0,0
816,15,0,0
816,16,0,0
816,17,0,0
816,18,0,0
816,19,0,0
816,20,0,102
816,21,0,0
816,22,0,0
816,23,0,0
816,24,0,0
816,25,0,0
816,26,0,0
816,27,0,0
816,28,0,0
816,29,0,0
816,30,0,0
816,31,0,0
816,32,0,148
816,33,0,0
816,34,0,0
816,35,0,0
816,36,0,0
816,37,0,0
816,38,0,0
816,39,0,0
816,40,0,0
816,41,0,0
816,42,0,0
816,43,0,0
816,44,0,0
816,45,0,0
816,46,0,0
816,47,0,0
816,48,0,0
816,49,0,0
816,50,0,0
816,51,0,0
816,52,0,0
816,53,0,0
816,54,0,0
816,55,0,0
816,56,0,0
817,1,62,0
817,2,84,0
817,3,0,0
817,4,0,0
817,5,0,0
817,6,0,0
817,7,0,0
817,8,0,0
817,9,0,0
817,10,34,109
817,11,31,96
817,12,0,0
817,13,0,0
817,14,0,102
817,15,0,0
817,16,0,0
817,17,0,0
817,18,0,0
817,19,0,0
817,20,0,43
817,21,0,0
817,22,0,0
817,23,0,0
817,24,0,0
817,25,0,0
817,26,0,0
817,27,0,44
817,28,0,0
817,29,0,144
817,30,0,0
817,31,0,0
817,32,0,0
817,33,0,0
817,34,0,0
817,35,0,0
817,36,0,0
817,37,0,0
817,38,0,0
817,39,0,0
817,40,0,0
817,41,0,0
817,42,0,0
817,43,0,0
817,44,0,0
817,45,0,0
817,46,0,0
817,47,0,0
817,48,0,0
817,49,0,0
817,50,0,0
818,1,106,0
818,2,75,0
818,3,0,0
818,4,0,0
818,5,0,0
818,6,0,0
818,7,23,97
818,8,0,0
818,9,0,0
818,10,0,0
818,11,0,0
818,12,0,0
818,13,0,0
818,14,0,0
818,15,0,0
818,16,0,0
818,17,0,0
818,18,0,0
818,19,0,0
818,20,0,0
818,21,0,142
818,22,0,0
818,23,0,58
818,24,0,0
818,25,0,0
818,26,0,0
818,27,0,0
818,28,0,0
818,29,0,0
818,30,0,0
818,31,0,0
818,32,0,0
818,33,0,0
818,34,0,0
818,35,0,0
818,36,0,0
818,37,0,0
818,38,0,0
818,39,0,0
818,40,0,0
818,41,0,0
818,42,0,0
818,43,0,0
819,1,93,0
819,2,82,0
819,3,0,0
819,4,0,0
819,5,0,0
819,6,0,0
819,7,55,66
819,8,0,0
819,9,0,0
819,10,0,0
819,11,0,0
819,12,0,0
819,13,0,0
819,14,0,0
819,15,0,0
819,16,0,0
819,17,0,0
819,18,0,0
819,19,0,143
819,20,0,0
819,21,0,0
819,22,0,46
819,23,0,0
819,24,0,48
819,25,0,0
819,26,0,0
819,27,0,0
819,28,0,0
819,29,0,0
819,30,0,0
819,31,0,0
819,32,0,0
819,33,0,0
819,34,0,0
819,35,0,0
819,36,0,0
819,37,0,0
819,38,0,0
819,39,0,0
819,40,0,0
819,41,0,0
819,42,0,0
819,43,0,0
819,44,0,0
819,45,0,0
819,46,0,0
819,47,0,0
820,1,97,0
820,2,0,0
820,3,0,0
820,4,0,0
820,5,0,0
820,6,0,0
820,7,9,85
820,8,0,0
820,9,0,0
820,10,0,0
820,11,0,0
820,12,0,0
820,13,0,0
820,14,0,0
820,15,0,0
820,16,0,0
820,17,0,0
820,18,0,0
820,19,0,0
820,20,0,0
820,21,0,68
820,22,0,0
820,23,0,0
820,24,0,0
820,25,0,0
820,26,0,0
820,27,0,0
820,28,0,0
820,29,0,0
820,30,0,0
820,31,0,0
820,32,0,0
820,33,0,0
820,34,0,0
820,35,0,0
820,36,0,0
820,37,0,0
820,38,0,0
820,39,0,0
820,40,0,0
820,41,0,0
820,42,0,0
820,43,0,0
820,44,0,0
821,1,82,0
821,2,91,0
821,3,0,0
821,4,0,0
821,5,0,0
821,6,0,0
821,7,32,62
821,8,0,0
821,9,0,0
821,10,0,88
821,11,0,0
821,12,0,0
821,13,0,0
821,14,0,0
821,15,0,57
821,16,0,0
821,17,0,0
821,18,0,0
821,19,0,0
821,20,0,0
821,21,0,0
821,22,0,0
821,23,0,0
821,24,0,0
821,25,0,0
821,26,0,0
821,27,0,0
821,28,0,0
821,29,0,0
821,30,0,0
821,31,0,0
821,32,0,0
821,33,0,0
821,34,0,0
821,35,0,0
821,36,0,0
821,37,0,0
822,1,59,0
822,2,64,0
822,3,0,0
822,4,0,0
822,5,0,0
822,6,0,0
822,7,0,0
822,8,0,0
822,9,0,0
822,10,0,0
822,11,0,0
822,12,0,0
822,13,0,0
822,14,0,85
822,15,0,0
822,16,0,0
822,17,0,0
822,18,0,0
822,19,0,0
822,20,0,0
822,21,0,51
822,22,0,0
822,23,0,0
822,24,0,0
822,25,0,0
822,26,0,0
822,27,0,0
822,28,0,0
822,29,0,0
822,30,0,0
822,31,0,0
822,32,0,0
822,33,0,0
822,34,0,0
822,35,0,0
822,36,0,0
822,37,0,0
822,38,0,0
822,39,0,0
822,40,0,0
822,41,0,0
822,42,0,0
822,43,0,0
822,44,0,0
822,45,0,0
823,1,61,0
823,2,0,0
823,3,0,0
823,4,0,0
823,5,0,0
823,6,0,0
823,7,0,0
823,8,0,0
823,9,0,92
823,10,0,0
823,11,0,0
823,12,0,0
823,13,0,0
823,14,0,0
823,15,0,0
823,16,0,0
823,17,0,0
823,18,0,63
823,19,0,0
823,20,0,0
823,21,0,0
823,22,0,0
823,23,0,0
823,24,0,0
823,25,0,0
823,26,0,0
823,27,0,0
823,28,0,0
823,29,0,0
823,30,0,0
823,31,0,0
823,32,0,0
823,33,0,0
823,34,0,0
823,35,0,0
823,36,0,0
823,37,0,0
823,38,0,0
823,39,0,0
823,40,0,0
823,41,0,0
823,42,0,0
824,1,57,0
824,2,0,0
824,3,0,0
824,4,0,0
824,5,0,0
824,6,0,0
824,7,0,0
824,8,0,0
824,9,0,0
824,10,70,99
824,11,0,0
824,12,0,0
824,13,0,0
824,14,0,0
824,15,0,0
824,16,0,0
824,17,0,0
824,18,0,0
824,19,0,0
824,20,0,0
824,21,0,0
824,22,0,0
824,23,0,0
824,24,0,0
824,25,0,0
824,26,0,0
824,27,0,0
824,28,0,134
824,29,0,0
824,30,0,0
824,31,0,0
824,32,0,0
824,33,0,0
824,34,0,0
824,35,0,0
824,36,0,0
824,37,0,0
824,38,0,0
824,39,0,0
824,40,0,0
824,41,0,0
824,42,0,0
824,43,0,0
824,44,0,0
824,45,0,0
824,46,0,0
824,47,0,0
824,48,0,0
824,49,0,0
824,50,0,0
824,51,0,0
824,52,0,0
824,53,0,0
824,54,0,0
824,55,0,0
824,56,0,0
825,1,57,0
825,2,0,0
825,3,0,0
825,4,0,0
825,5,0,0
825,6,0,0
825,7,0,0
825,8,0,0
825,9,0,0
825,10,0,0
825,11,0,0
825,12,14,69
825,13,0,0
825,14,0,0
825,15,0,0
825,16,0,0
825,17,0,0
825,18,0,0
825,19,0,0
825,20,0,0
825,21,0,0
825,22,0,0
825,23,0,0
825,24,0,0
825,25,0,0
825,26,0,143
825,27,0,0
825,28,0,0
825,29,0,0
825,30,0,0
825,31,0,0
825,32,0,0
825,33,0,0
825,34,0,0
825,35,0,0
825,36,0,0
825,37,0,0
825,38,0,0
825,39,0,0
825,40,0,0
825,41,0,0
825,42,0,0
825,43,0,0
825,44,0,0
825,45,0,0
825,46,0,0
825,47,0,0
825,48,0,0
825,49,0,0
825,50,0,0
825,51,0,0
825,52,0,0
826,1,38,0
826,2,53,0
826,3,0,0
826,4,0,0
826,5,0,0
826,6,0,0
826,7,0,0
826,8,0,0
826,9,0,0
826,10,0,0
826,11,0,0
826,12,11,86
826,13,0,0
826,14,0,0
826,15,0,0
826,16,0,0
826,17,0,0
826,18,0,0
826,19,0,75
826,20,0,0
826,21,0,0
826,22,0,0
826,23,0,0
826,24,0,0
826,25,0,0
826,26,0,0
826,27,0,0
826,28,0,0
826,29,0,0
826,30,0,0
826,31,0,0
826,32,0,0
826,33,0,0
826,34,0,0
826,35,0,0
826,36,0,0
826,37,0,0
826,38,0,0
826,39,0,0
826,40,0,0
827,1,48,0
827,2,47,0
827,3,51,0
827,4,0,0
827,5,0,0
827,6,0,0
827,7,0,0
827,8,0,0
827,9,0,0
827,10,0,0
827,11,0,0
827,12,0,0
827,13,0,0
827,14,0,0
827,15,0,0
827,16,0,0
827,17,0,0
827,18,0,0
827,19,0,0
827,20,0,0
827,21,0,0
827,22,0,0
827,23,0,0
827,24,0,0
827,25,0,129
827,26,0,0
827,27,0,0
827,28,0,59
827,29,0,0
827,30,0,0
827,31,0,0
827,32,0,0
827,33,0,0
827,34,0,0
827,35,0,0
827,36,0,0
827,37,0,0
827,38,0,0
827,39,0,0
827,40,0,0
827,41,0,0
827,42,0,0
827,43,0,0
828,1,45,0
828,2,51,0
828,3,48,0
828,4,0,0
828,5,0,0
828,6,0,0
828,7,0,0
828,8,0,0
828,9,0,0
828,10,0,0
828,11,0,0
828,12,0,0
828,13,0,0
828,14,0,0
828,15,0,0
828,16,0,0
828,17,0,0
828,18,0,0
828,19,0,0
828,20,0,0
828,21,0,0
828,22,0,0
828,23,0,0
828,24,0,0
828,25,0,0
828,26,0,0
828,27,0,0
828,28,0,0
828,29,0,0
828,30,0,0
828,31,0,0
828,32,0,0
828,33,0,0
828,34,0,0
828,35,0,0
828,36,0,0
828,37,0,0
828,38,0,0
828,39,0,0
828,40,0,0
828,41,0,0
828,42,0,0
828,43,0,0
829,1,62,0
829,2,67,0
829,3,0,0
829,4,0,0
829,5,0,0
829,6,0,0
829,7,0,0
829,8,0,0
829,9,0,0
829,10,0,0
829,11,0,0
829,12,0,0
829,13,0,0
829,14,0,0
829,15,0,0
829,16,0,0
829,17,0,0
829,18,0,0
829,19,0,0
829,20,0,0
829,21,0,0
829,22,0,0
829,23,0,0
829,24,0,0
829,25,0,0
829,26,0,0
829,27,0,0
829,28,0,0
829,29,0,0
829,30,0,0
829,31,0,0
829,32,0,0
829,33,0,0
829,34,0,0
829,35,0,0
829,36,0,0
830,1,139,0
830,2,58,0
830,3,66,0
830,4,0,0
830,5,0,0
830,6,0,0
830,7,0,0
830,8,0,0
830,9,0,94
830,10,0,0
830,11,0,0
830,12,0,0
830,13,0,0
830,14,0,0
830,15,0,0
830,16,0,0
830,17,0,0
830,18,0,0
830,19,0,0
830,20,0,0
830,21,0,0
830,22,0,0
830,23,0,0
830,24,0,0
830,25,0,0
830,26,0,0
830,27,0,0
830,28,0,0
830,29,0,0
830,30,0,0
830,31,0,0
830,32,0,0
830,33,0,0
830,34,0,0
830,35,0,0
830,36,0,0
830,37,0,0
831,1,140,0
831,2,60,0
831,3,69,0
831,4,0,0
831,5,0,0
831,6,0,0
831,7,0,0
831,8,0,99
831,9,0,0
831,10,0,0
831,11,0,0
831,12,0,0
831,13,0,0
831,14,0,0
831,15,0,0
831,16,0,0
831,17,0,0
831,18,0,0
831,19,0,0
831,20,0,0
831,21,0,0
831,22,0,0
831,23,0,0
831,24,0,0
831,25,0,0
831,26,0,0
831,27,0,0
831,28,0,0
831,29,0,0
831,30,0,0
831,31,0,0
832,1,136,0
832,2,58,0
832,3,76,0
832,4,0,0
832,5,0,0
832,6,0,0
832,7,0,0
832,8,0,0
832,9,0,0
832,10,0,0
832,11,0,0
832,12,0,0
832,13,0,0
832,14,0,0
832,15,0,0
832,16,0,0
832,17,0,0
832,18,0,0
832,19,0,0
832,20,0,0
832,21,0,0
832,22,0,0
832,23,0,0
832,24,0,0
832,25,0,0
832,26,0,0
832,27,0,0
832,28,0,0
832,29,0,0
832,30,0,0
832,31,0,0
832,32,0,0
832,33,0,0
832,34,0,0
832,35,0,0
832,36,0,0
833,1,150,0
833,2,49,0
833,3,72,0
833,4,31,0
833,5,24,0
833,6,0,0
833,7,0,0
833,8,0,0
833,9,3,4
833,10,0,0
833,11,0,0
833,12,0,0
833,13,0,0
833,14,0,0
833,15,0,0
833,16,0,0
833,17,0,0
833,18,0,0
833,19,0,0
833,20,0,0
833,21,0,0
833,22,0,0
833,23,0,30
833,24,0,0
833,25,0,0
833,26,0,0
833,27,0,0
833,28,0,0
833,29,0,0
833,30,0,0
833,31,0,0
833,32,0,0
833,33,0,0
833,34,0,0
833,35,0,0
833,36,0,0
833,37,0,0
833,38,0,0
834,1,151,0
834,2,94,0
834,3,51,0
834,4,0,0
834,5,0,0
834,6,0,0
834,7,0,0
834,8,0,112
834,9,0,56
834,10,0,24
834,11,0,43
834,12,0,0
834,13,0,0
834,14,0,0
834,15,0,0
834,16,0,0
834,17,0,0
834,18,0,0
834,19,0,0
834,20,0,0
834,21,0,0
834,22,0,0
834,23,0,0
834,24,0,0
834,25,0,0
834,26,0,0
834,27,0,0
834,28,0,0
834,29,0,0
834,30,0,0
834,31,0,0
834,32,0,0
834,33,0,0
834,34,0,0
834,35,0,0
834,36,0,0
834,37,0,0
834,38,0,0
834,39,0,0
834,40,0,0
834,41,0,0
834,42,0,0
834,43,0,0
835,1,91,0
835,2,53,0
835,3,0,0
835,4,0,0
835,5,0,0
835,6,0,90
835,7,0,0
835,8,0,0
835,9,0,0
835,10,0,0
835,11,0,0
835,12,0,0
835,13,0,0
835,14,0,0
835,15,0,0
835,16,0,0
835,17,0,0
835,18,0,0
835,19,0,0
835,20,0,0
835,21,0,0
835,22,0,0
835,23,0,0
835,24,0,0
835,25,0,0
835,26,0,0
835,27,0,0
836,1,44,0
836,2,101,0
836,3,78,0
836,4,47,0
836,5,0,0
836,6,0,0
836,7,0,0
836,8,0,75
836,9,0,59
836,10,0,0
836,11,0,0
836,12,0,102
836,13,0,0
836,14,0,0
836,15,0,0
836,16,0,0
836,17,0,0
836,18,0,0
836,19,0,128
836,20,0,0
836,21,0,0
836,22,0,0
836,23,0,0
836,24,0,0
836,25,0,0
836,26,0,0
836,27,0,0
836,28,0,0
836,29,0,0
836,30,0,0
836,31,0,0
836,32,0,0
836,33,0,0
836,34,0,0
836,35,0,0
836,36,0,0
836,37,0,0
836,38,0,0
836,39,0,0
837,1,41,0
837,2,79,0
837,3,62,0
837,4,33,0
837,5,0,0
837,6,0,0
837,7,0,38
837,8,0,63
837,9,0,0
837,10,0,0
837,11,0,105
837,12,0,0
837,13,0,0
837,14,0,0
837,15,0,0
837,16,0,0
837,17,0,113
837,18,0,0
837,19,0,0
837,20,0,57
837,21,0,0
837,22,0,0
837,23,0,0
837,24,0,0
837,25,0,71
837,26,0,0
837,27,0,0
837,28,0,0
837,29,0,0
837,30,0,0
837,31,0,0
837,32,0,0
837,33,0,0
837,34,0,0
837,35,0,0
837,36,0,0
837,37,0,0
838,1,34,0
838,2,25,0
838,3,33,0
838,4,44,0
838,5,50,0
838,6,34,0
838,7,0,0
838,8,0,0
838,9,0,0
838,10,0,11
838,11,0,65
838,12,0,0
838,13,0,110
838,14,0,0
838,15,0,0
838,16,0,57
838,17,0,0
838,18,0,0
838,19,0,0
838,20,0,0
838,21,0,0
838,22,0,0
838,23,0,59
838,24,0,0
838,25,0,0
838,26,0,0
838,27,0,67
838,28,0,0
838,29,0,0
838,30,0,0
838,31,0,0
838,32,0,0
838,33,0,0
838,34,0,0
838,35,0,0
838,36,0,0
838,37,0,0
838,38,0,0
838,39,0,0
838,40,0,0
838,41,0,0
838,42,0,0
838,43,0,0
838,44,0,0
838,45,0,0
838,46,0,0
839,1,44,0
839,2,15,0
839,3,25,0
839,4,22,0
839,5,14,0
839,6,0,0
839,7,0,0
839,8,0,0
839,9,0,0
839,10,0,3
839,11,0,0
839,12,0,0
839,13,0,0
839,14,0,0
839,15,0,96
839,16,0,0
839,17,0,0
839,18,0,0
839,19,0,0
839,20,0,0
839,21,0,0
839,22,0,59
839,23,0,0
839,24,0,68
839,25,0,0
839,26,0,0
839,27,0,0
839,28,0,0
839,29,0,0
839,30,0,0
839,31,0,0
839,32,0,0
839,33,0,0
839,34,0,0
839,35,0,0
839,36,0,0
839,37,0,0
839,38,0,0
839,39,0,0
839,40,0,0
839,41,0,0
839,42,0,0
839,43,0,0
839,44,0,0
839,45,0,0
839,46,0,0
839,47,0,0
840,1,8,0
840,2,17,0
840,3,42,0
840,4,17,0
840,5,38,0
840,6,0,0
840,7,0,0
840,8,0,0
840,9,0,2
840,10,0,0
840,11,0,0
840,12,0,0
840,13,0,0
840,14,0,0
840,15,0,0
840,16,0,97
840,17,0,0
840,18,0,0
840,19,0,0
840,20,0,0
840,21,0,0
840,22,0,0
840,23,0,0
840,24,0,70
840,25,0,0
840,26,0,0
840,27,0,0
840,28,0,0
840,29,0,0
840,30,0,0
840,31,0,0
840,32,0,0
840,33,0,0
840,34,0,0
840,35,0,0
840,36,0,0
840,37,0,0
840,38,0,0
840,39,0,0
840,40,0,0
840,41,0,0
840,42,0,0
840,43,0,0
840,44,0,0
840,45,0,0
840,46,0,0
840,47,0,0
841,1,22,0
841,2,13,0
841,3,9,0
841,4,23,0
841,5,7,0
841,6,29,0
841,7,0,0
841,8,0,0
841,9,0,0
841,10,0,0
841,11,0,0
841,12,0,0
841,13,0,0
841,14,0,0
841,15,0,0
841,16,0,104
841,17,0,0
841,18,0,0
841,19,0,0
841,20,0,0
841,21,0,0
841,22,0,0
841,23,0,0
841,24,0,0
841,25,0,0
841,26,0,0
841,27,0,0
841,28,0,0
841,29,0,0
841,30,0,0
841,31,0,0
841,32,0,0
841,33,0,0
841,34,0,0
841,35,0,0
841,36,0,0
841,37,0,0
841,38,0,0
841,39,0,0
841,40,0,0
841,41,0,0
841,42,0,0
841,43,0,0
841,44,0,0
841,45,0,0
841,46,0,0
841,47,0,0
841,48,0,0
841,49,0,0
841,50,0,0
841,51,0,0
841,52,0,0
841,53,0,0
841,54,0,0
841,55,0,0
841,56,0,0
841,57,0,0
842,1,25,0
842,2,17,0
842,3,8,0
842,4,20,0
842,5,27,0
842,6,0,0
842,7,0,0
842,8,0,0
842,9,0,0
842,10,0,0
842,11,0,0
842,12,0,0
842,13,0,0
842,14,0,0
842,15,0,0
842,16,0,105
842,17,0,0
842,18,0,0
842,19,0,0
842,20,0,0
842,21,0,0
842,22,0,0
842,23,0,0
842,24,0,0
842,25,0,0
842,26,0,0
842,27,0,0
842,28,0,0
842,29,0,0
842,30,0,0
842,31,0,0
842,32,0,0
842,33,0,0
842,34,0,0
842,35,0,0
842,36,0,0
842,37,0,0
842,38,0,0
842,39,0,0
842,40,0,0
842,41,0,0
843,1,25,0
843,2,0,0
843,3,0,0
843,4,0,0
843,5,0,0
843,6,0,0
843,7,0,3
843,8,0,0
843,9,0,0
843,10,0,0
843,11,0,0
843,12,0,0
843,13,0,0
843,14,0,0
843,15,0,0
843,16,0,0
843,17,0,100
843,18,0,0
843,19,0,0
843,20,0,0
843,21,0,0
843,22,0,0
843,23,0,0
843,24,0,0
843,25,0,135
843,26,0,0
843,27,0,0
843,28,0,0
843,29,0,0
843,30,0,0
843,31,0,0
843,32,0,0
843,33,0,0
843,34,0,0
843,35,0,0
843,36,0,0
843,37,0,0
843,38,0,0
843,39,0,0
843,40,0,0
843,41,0,0
843,42,0,0
843,43,0,0
843,44,0,0
843,45,0,0
843,46,0,0
843,47,0,0
844,1,25,0
844,2,0,0
844,3,0,0
844,4,0,0
844,5,0,0
844,6,0,0
844,7,0,0
844,8,0,0
844,9,0,0
844,10,0,0
844,11,0,0
844,12,0,0
844,13,0,0
844,14,0,96
844,15,0,0
844,16,0,0
844,17,0,0
844,18,0,0
844,19,0,0
844,20,0,0
844,21,0,0
844,22,0,0
844,23,0,0
844,24,0,0
844,25,0,0
844,26,0,0
844,27,0,0
844,28,0,0
844,29,0,0
844,30,0,0
844,31,0,0
844,32,0,0
844,33,0,0
844,34,0,0
844,35,0,0
844,36,0,0
844,37,0,0
844,38,0,0
844,39,0,0
844,40,0,0
844,41,0,0
844,42,0,0
845,1,21,0
845,2,0,0
845,3,0,0
845,4,0,0
845,5,0,0
845,6,0,0
845,7,0,0
845,8,0,0
845,9,0,0
845,10,0,0
845,11,0,0
845,12,0,0
845,13,0,0
845,14,0,0
845,15,0,86
845,16,0,0
845,17,0,0
845,18,0,0
845,19,0,0
845,20,0,0
845,21,0,0
845,22,0,0
845,23,0,0
845,24,0,0
845,25,0,0
845,26,0,85
845,27,0,0
845,28,0,0
845,29,0,0
845,30,0,0
845,31,0,0
845,32,0,0
845,33,0,0
845,34,0,0
845,35,0,0
845,36,0,0
845,37,0,0
845,38,0,0
845,39,0,0
845,40,0,0
845,41,0,0
845,42,0,0
846,1,29,0
846,2,0,0
846,3,0,1
846,4,0,0
846,5,0,0
846,6,0,0
846,7,0,0
846,8,0,0
846,9,0,0
846,10,0,0
846,11,0,100
846,12,0,0
846,13,0,0
846,14,0,0
846,15,0,0
846,16,0,0
846,17,0,0
846,18,0,0
846,19,0,0
846,20,0,0
846,21,0,0
846,22,0,0
846,23,0,0
846,24,0,0
846,25,0,0
846,26,0,0
846,27,0,0
846,28,0,0
846,29,0,0
846,30,0,0
846,31,0,0
846,32,0,0
846,33,0,0
846,34,0,0
846,35,0,0
846,36,0,0
846,37,0,0
847,1,31,0
847,2,19,0
847,3,0,0
847,4,0,0
847,5,0,0
847,6,0,0
847,7,0,0
847,8,0,0
847,9,0,0
847,10,0,0
847,11,0,0
847,12,0,0
847,13,0,0
847,14,0,0
847,15,0,0
847,16,0,0
847,17,0,0
847,18,0,0
847,19,0,0
847,20,0,0
847,21,0,0
847,22,0,0
847,23,0,0
847,24,0,0
847,25,0,0
847,26,0,0
847,27,0,0
847,28,0,0
847,29,0,0
847,30,0,0
847,31,0,0
847,32,0,0
847,33,0,0
847,34,0,0
847,35,0,0
847,36,0,0
847,37,0,0
848,1,29,0
848,2,28,0
848,3,0,0
848,4,0,0
848,5,0,0
848,6,0,0
848,7,0,0
848,8,0,0
848,9,0,0
848,10,0,0
848,11,0,0
848,12,0,0
848,13,0,0
848,14,0,63
848,15,0,0
848,16,0,0
848,17,0,62
848,18,0,0
848,19,0,0
848,20,0,0
848,21,0,0
848,22,0,0
848,23,0,0
848,24,0,0
848,25,0,0
848,26,0,0
848,27,0,0
848,28,0,0
848,29,0,0
848,30,0,0
848,31,0,0
849,1,10,0
849,2,8,0
849,3,29,0
849,4,0,0
849,5,0,0
849,6,0,0
849,7,0,0
849,8,0,0
849,9,0,0
849,10,0,0
849,11,0,0
849,12,0,0
849,13,0,0
849,14,0,0
849,15,0,0
849,16,0,0
849,17,0,0
849,18,0,55
849,19,0,0
849,20,0,0
849,21,0,0
849,22,0,0
849,23,0,0
849,24,0,0
849,25,0,0
849,26,0,0
849,27,0,0
849,28,0,0
849,29,0,0
849,30,0,0
849,31,0,0
849,32,0,0
849,33,0,0
849,34,0,0
849,35,0,0
849,36,0,0
849,37,0,0
849,38,0,0
849,39,0,0
849,40,0,0
849,41,0,0
849,42,0,0
849,43,0,0
850,1,20,0
850,2,25,0
850,3,0,0
850,4,0,0
850,5,0,0
850,6,0,0
850,7,0,0
850,8,0,0
850,9,0,0
850,10,0,0
850,11,0,0
850,12,0,0
850,13,0,0
850,14,0,0
850,15,0,0
850,16,0,0
850,17,0,0
850,18,0,0
850,19,0,0
850,20,0,0
850,21,0,0
850,22,0,0
850,23,0,0
850,24,0,0
850,25,0,0
850,26,0,0
850,27,0,0
850,28,0,0
850,29,0,0
850,30,0,0
850,31,0,0
850,32,0,0
851,1,23,0
851,2,26,0
851,3,0,0
851,4,0,0
851,5,0,0
851,6,0,0
851,7,0,0
851,8,0,0
851,9,0,0
851,10,0,0
851,11,0,0
851,12,0,0
851,13,0,0
851,14,0,0
851,15,0,0
851,16,0,0
851,17,0,0
851,18,0,0
851,19,0,0
851,20,0,0
851,21,0,0
851,22,0,0
851,23,0,0
851,24,0,0
851,25,0,0
851,26,0,0
851,27,0,0
851,28,0,0
851,29,0,0
851,30,0,0
851,31,0,0
851,32,0,0
851,33,0,0
851,34,0,0
851,35,0,0
851,36,0,0
851,37,0,0
852,1,17,0
852,2,25,0
852,3,0,0
852,4,0,0
852,5,0,0
852,6,0,0
852,7,0,0
852,8,0,0
852,9,0,0
852,10,0,0
852,11,0,0
852,12,0,0
852,13,0,0
852,14,0,0
852,15,0,0
852,16,0,0
852,17,0,0
852,18,0,0
852,19,0,0
852,20,0,0
852,21,0,0
852,22,0,0
852,23,0,0
852,24,0,0
852,25,0,0
852,26,0,0
852,27,0,0
852,28,0,0
852,29,0,0
852,30,0,0
852,31,0,0
852,32,0,0
852,33,0,0
852,34,0,0
853,1,16,0
853,2,42,0
853,3,0,0
853,4,0,0
853,5,0,0
853,6,0,0
853,7,0,0
853,8,0,0
853,9,0,0
853,10,0,0
853,11,0,0
853,12,0,0
853,13,0,101
853,14,0,0
853,15,0,0
853,16,0,0
853,17,0,0
853,18,0,0
853,19,0,0
853,20,0,0
853,21,0,0
853,22,0,0
853,23,0,0
853,24,0,0
853,25,0,0
853,26,0,0
853,27,0,0
853,28,0,0
853,29,0,0
853,30,0,0
853,31,0,0
853,32,0,0
853,33,0,0
853,34,0,0
853,35,0,0
853,36,0,0
853,37,0,0
853,38,0,0
854,1,0,0
854,2,0,0
854,3,0,0
854,4,0,0
854,5,0,0
854,6,0,0
854,7,0,0
854,8,0,0
854,9,0,0
854,10,0,0
854,11,0,0
854,12,0,0
854,13,0,0
854,14,0,0
854,15,0,0
854,16,0,0
854,17,0,80
854,18,0,0
854,19,0,0
854,20,0,0
854,21,0,0
854,22,0,0
854,23,0,0
854,24,0,0
854,25,0,0
854,26,0,0
854,27,0,0
854,28,0,0
854,29,0,0
854,30,0,0
854,31,0,0
854,32,0,0
854,33,0,0
854,34,0,0
854,35,0,0
854,36,0,0
855,1,20,0
855,2,0,0
855,3,0,0
855,4,0,0
855,5,0,0
855,6,0,0
855,7,0,0
855,8,0,0
855,9,0,0
855,10,0,0
855,11,0,0
855,12,0,0
855,13,0,0
855,14,0,0
855,15,0,0
855,16,0,0
855,17,0,0
855,18,0,0
855,19,0,0
855,20,0,60
855,21,0,0
855,22,0,0
855,23,0,0
855,24,0,0
855,25,0,0
855,26,0,0
855,27,0,0
855,28,0,0
855,29,0,0
855,30,0,0
855,31,0,0
855,32,0,0
855,33,0,0
855,34,0,0
855,35,0,0
855,36,0,0
855,37,0,0
855,38,0,0
855,39,0,0
855,40,0,0
855,41,0,0
855,42,0,0
855,43,0,0
855,44,0,0
856,1,46,0
856,2,0,0
856,3,0,0
856,4,0,0
856,5,0,0
856,6,0,0
856,7,0,0
856,8,0,0
856,9,0,0
856,10,0,0
856,11,0,0
856,12,0,0
856,13,0,0
856,14,0,0
856,15,0,0
856,16,0,0
856,17,0,0
856,18,0,0
856,19,0,0
856,20,0,0
856,21,0,0
856,22,0,0
856,23,0,0
856,24,0,0
856,25,0,0
856,26,0,0
856,27,0,0
856,28,0,0
856,29,0,0
856,30,0,0
856,31,0,0
856,32,0,0
856,33,0,0
856,34,0,0
856,35,0,0
856,36,0,0
856,37,0,0
856,38,0,0
856,39,0,0
856,40,0,0
856,41,0,0
856,42,0,0
856,43,0,0
857,1,0,0
857,2,0,0
857,3,0,0
857,4,0,0
857,5,0,0
857,6,0,0
857,7,0,0
857,8,0,0
857,9,0,0
857,10,0,0
857,11,0,0
857,12,0,0
857,13,0,0
857,14,0,0
857,15,0,44
857,16,0,0
857,17,0,0
857,18,0,0
857,19,0,0
857,20,0,0
857,21,0,0
857,22,0,0
857,23,0,0
857,24,0,0
857,25,0,0
857,26,0,0
857,27,0,0
857,28,0,0
857,29,0,0
857,30,0,0
857,31,0,0
858,1,0,0
858,2,0,0
858,3,0,0
858,4,0,0
858,5,0,0
858,6,0,0
858,7,0,0
858,8,0,0
858,9,0,0
858,10,0,0
858,11,0,0
858,12,0,0
858,13,0,0
858,14,0,0
858,15,0,0
858,16,0,0
858,17,0,0
858,18,0,0
858,19,0,0
858,20,0,0
858,21,0,0
858,22,0,0
858,23,0,0
858,24,0,0
858,25,0,0
859,1,15,19
859,2,2,7
859,3,23,24
859,4,0,0
859,5,0,0
859,6,0,0
859,7,0,0
859,8,0,0
859,9,0,0
859,10,0,0
859,11,0,0
859,12,0,0
859,13,0,0
859,14,0,0
859,15,0,0
859,16,0,0
859,17,0,0
859,18,0,0
859,19,0,0
859,20,0,0
859,21,0,0
859,22,0,0
859,23,0,0
859,24,0,0
859,25,0,0
860,1,0,0
860,2,0,0
860,3,0,0
860,4,0,0
860,5,0,0
860,6,0,0
860,7,0,0
860,8,0,0
860,9,0,0
860,10,0,0
860,11,0,0
860,12,0,0
860,13,0,0
860,14,0,0
860,15,0,0
860,16,0,0
860,17,0,0
860,18,0,0
860,19,0,0
860,20,0,0
860,21,0,0
860,22,0,0
860,23,0,0
860,24,0,0
860,25,0,0
861,1,50,1061
861,2,0,0
861,3,0,0
861,4,0,0
861,5,0,0
861,6,0,0
861,7,0,0
861,8,0,0
861,9,0,0
861,10,0,0
861,11,0,0
861,12,0,0
861,13,0,0
861,14,0,0
861,15,0,0
861,16,0,0
861,17,0,0
861,18,0,0
861,19,0,0
861,20,0,0
861,21,0,0
861,22,0,0
861,23,0,0
861,24,0,0
861,25,0,0
861,26,0,0
861,27,0,0
861,28,0,0
861,29,0,0
861,30,0,0
861,31,0,0
861,32,0,0
862,1,65,1486
862,2,0,0
862,3,0,0
862,4,0,0
862,5,0,0
862,6,0,0
862,7,0,0
862,8,0,0
862,9,0,0
862,10,0,0
862,11,0,0
862,12,0,0
862,13,0,0
862,14,0,0
862,15,0,0
862,16,0,0
862,17,0,0
862,18,0,0
862,19,0,0
862,20,0,0
862,21,0,0
862,22,0,0
862,23,0,0
862,24,0,0
862,25,0,0
862,26,0,0
862,27,0,0
862,28,0,0
862,29,0,0
863,1,47,1434
863,2,79,1628
863,3,0,0
863,4,0,0
863,5,0,0
863,6,0,0
863,7,0,0
863,8,0,0
863,9,0,0
863,10,0,0
863,11,0,0
863,12,0,0
863,13,0,0
863,14,0,0
863,15,0,0
863,16,0,0
863,17,0,0
863,18,0,0
863,19,0,0
863,20,0,0
863,21,0,0
863,22,0,0
863,23,0,0
863,24,0,0
863,25,0,0
863,26,0,0
863,27,0,0
864,1,23,405
864,2,51,1392
864,3,68,1772
864,4,0,0
864,5,0,0
864,6,0,0
864,7,0,0
864,8,0,0
864,9,0,0
864,10,0,0
864,11,0,0
864,12,0,0
864,13,0,0
864,14,0,0
864,15,0,0
864,16,0,0
864,17,0,0
864,18,0,0
864,19,0,0
864,20,0,0
864,21,0,0
864,22,0,0
864,23,0,0
865,1,61,1512
865,2,79,1868
865,3,0,0
865,4,0,0
865,5,0,0
865,6,0,0
865,7,0,0
865,8,0,0
865,9,0,0
865,10,0,0
865,11,0,0
865,12,0,0
865,13,0,0
865,14,0,0
865,15,0,0
865,16,0,0
865,17,0,0
866,1,24,540
866,2,52,1401
866,3,83,1920
866,4,0,0
866,5,0,0
866,6,0,0
866,7,0,0
866,8,0,0
866,9,0,0
866,10,0,0
866,11,0,0
866,12,0,0
866,13,0,0
866,14,0,0
866,15,0,0
866,16,0,0
866,17,0,0
866,18,0,0
866,19,0,0
866,20,0,0
866,21,0,0
866,22,0,0
866,23,0,0
866,24,0,0
867,1,43,809
867,2,83,1988
867,3,0,0
867,4,0,0
867,5,0,0
867,6,0,0
867,7,0,0
867,8,0,0
867,9,0,0
867,10,0,0
867,11,0,0
867,12,0,0
867,13,0,0
867,14,0,0
867,15,0,0
867,16,0,0
867,17,0,0
867,18,0,0
868,1,66,2104
868,2,0,0
868,3,0,0
868,4,0,0
868,5,0,0
868,6,0,0
868,7,0,0
868,8,0,0
868,9,0,0
868,10,0,0
868,11,0,0
868,12,0,0
868,13,0,0
868,14,0,0
868,15,0,0
868,16,0,0
868,17,0,0
868,18,0,0
868,19,0,0
868,20,0,0
868,21,0,0
869,1,72,2120
869,2,0,0
869,3,0,0
869,4,0,0
869,5,0,0
869,6,0,0
869,7,0,0
869,8,0,0
869,9,0,0
869,10,0,0
869,11,0,0
869,12,0,0
869,13,0,0
869,14,0,0
869,15,0,0
869,16,0,0
869,17,0,0
869,18,0,0
869,19,0,0
869,20,0,0
870,1,75,2067
870,2,0,0
870,3,0,0
870,4,0,0
870,5,0,0
870,6,0,0
870,7,0,0
870,8,0,0
870,9,0,0
870,10,0,0
870,11,0,0
870,12,0,0
870,13,0,0
870,14,0,0
870,15,0,0
870,16,0,0
870,17,0,0
870,18,0,0
870,19,0,0
870,20,0,0
870,21,0,0
871,1,94,2154
871,2,0,0
871,3,0,0
871,4,0,0
871,5,0,0
871,6,0,0
871,7,0,0
872,1,0,0
872,2,0,0
872,3,0,0
872,4,0,0
872,5,0,0
872,6,0,0
872,7,0,0
872,8,0,0
873,1,0,0
873,2,0,0
873,3,0,0
873,4,0,0
873,5,0,0
873,6,0,0
873,7,0,0
873,8,0,0
873,9,0,0
873,10,0,0
873,11,0,0
873,12,0,0
873,13,0,0
874,1,0,0
874,2,0,0
874,3,0,0
874,4,0,0
874,5,0,0
874,6,0,0
874,7,0,0
874,8,0,0
874,9,0,0
874,10,0,0
875,1,0,0
875,2,0,0
875,3,0,0
875,4,0,0
875,5,0,0
875,6,0,0
875,7,0,0
875,8,0,0
875,9,0,0
875,10,0,0
875,11,0,0
876,1,0,0
876,2,0,0
876,3,0,0
876,4,0,0
876,5,0,0
876,6,0,0
876,7,0,0
876,8,0,0
876,9,0,0
877,1,0,0
877,2,0,0
877,3,0,0
877,4,0,0
877,5,0,0
877,6,0,0
878,1,0,0
878,2,0,0
878,3,0,0
878,4,0,0
878,5,0,0
878,6,0,0
878,7,0,0
879,1,0,0
879,2,0,0
879,3,0,0
879,4,0,0
879,5,0,0
879,6,0,0
879,7,0,0
879,8,0,0
879,9,0,0
879,10,0,0
879,11,0,0
880,1,0,0
880,2,0,0
880,3,0,0
880,4,0,0
881,1,0,0
881,2,0,0
881,3,0,0
881,4,0,0
881,5,0,0
882,1,75,639
882,2,0,0
882,3,0,0
882,4,0,0
882,5,0,0
882,6,0,0
882,7,0,0
882,8,0,0
883,1,33,0
883,2,55,674
883,3,0,0
883,4,0,0
883,5,0,0
883,6,0,0
883,7,0,0
883,8,0,0
883,9,0,0
883,10,0,0
883,11,0,0
883,12,0,0
883,13,0,0
883,14,0,0
883,15,0,0
884,1,28,0
884,2,64,663
884,3,0,0
884,4,0,0
884,5,0,0
884,6,0,0
884,7,0,0
884,8,0,0
885,1,34,0
885,2,59,623
885,3,0,0
885,4,0,0
885,5,0,0
885,6,0,0
886,1,33,0
886,2,57,631
886,3,14,0
886,4,0,0
886,5,0,0
886,6,0,0
886,7,0,0
886,8,0,0
887,1,29,0
887,2,61,664
887,3,17,0
887,4,0,0
887,5,0,0
887,6,0,0
887,7,0,0
887,8,0,0
888,1,30,0
888,2,56,626
888,3,22,0
888,4,0,0
888,5,0,0
889,1,33,0
889,2,45,669
889,3,13,0
889,4,0,0
889,5,0,0
889,6,0,0
889,7,0,0
889,8,0,0
889,9,0,0
890,1,39,0
890,2,62,663
890,3,18,0
890,4,0,0
890,5,0,0
890,6,0,0
890,7,0,0
890,8,0,0
890,9,0,0
891,1,41,32
891,2,58,286
891,3,0,0
891,4,0,0
891,5,0,0
891,6,0,0
891,7,0,0
891,8,0,0
891,9,0,0
891,10,0,0
891,11,0,0
891,12,0,0
891,13,0,0
892,1,54,34
892,2,66,276
892,3,0,0
892,4,0,0
892,5,0,0
892,6,0,0
892,7,0,0
892,8,0,0
892,9,0,0
892,10,0,0
892,11,0,0
893,1,40,34
893,2,33,295
893,3,0,0
893,4,0,0
893,5,0,0
893,6,0,0
893,7,0,0
894,1,43,26
894,2,56,335
894,3,0,0
894,4,0,0
894,5,0,0
895,1,48,29
895,2,67,336
895,3,0,0
895,4,0,0
895,5,0,0
895,6,0,0
896,1,44,33
896,2,49,301
896,3,0,0
896,4,0,0
896,5,0,0
896,6,0,0
896,7,0,0
897,1,0,0
897,2,0,0
897,3,0,0
897,4,0,0
897,5,0,0
897,6,0,0
897,7,0,0
897,8,0,0
897,9,0,0
897,10,0,0
897,11,0,0
897,12,0,0
897,13,0,0
897,14,0,0
897,15,0,0
897,16,0,0
897,17,0,0
897,18,0,0
897,19,0,0
897,20,0,0
897,21,0,0
897,22,0,0
897,23,0,0
897,24,0,0
897,25,0,0
897,26,0,0
897,27,0,0
897,28,0,0
897,29,0,0
897,30,0,0
897,31,0,0
897,32,0,0
897,33,0,0
897,34,0,0
897,35,0,0
897,36,0,0
897,37,0,0
897,38,0,0
897,39,0,0
897,40,0,0
897,41,0,0
897,42,0,0
897,43,0,0
897,44,0,0
897,45,0,0
897,46,0,0
897,47,0,0
897,48,0,0
897,49,0,0
897,50,0,0
897,51,0,0
897,52,0,0
897,53,0,0
897,54,0,0
897,55,0,0
897,56,0,0
897,57,0,0
897,58,0,0
897,59,0,0
897,60,0,0
897,61,0,0
897,62,0,0
898,1,58,11
898,2,69,304
898,3,0,0
898,4,0,0
898,5,0,0
898,6,0,0
898,7,0,0
898,8,0,0
898,9,0,0
898,10,0,0
898,11,0,0
898,12,0,0
898,13,0,0
898,14,0,0
898,15,0,0
898,16,0,0
898,17,0,0
898,18,0,0
898,19,0,0
898,20,0,0
898,21,0,0
898,22,0,0
898,23,0,0
898,24,0,0
898,25,0,0
898,26,0,0
898,27,0,0
898,28,0,0
898,29,0,0
898,30,0,0
898,31,0,0
898,32,0,0
898,33,0,0
898,34,0,0
898,35,0,0
898,36,0,0
898,37,0,0
898,38,0,0
898,39,0,0
898,40,0,0
898,41,0,0
898,42,0,0
898,43,0,0
898,44,0,0
898,45,0,0
898,46,0,0
898,47,0,0
898,48,0,0
898,49,0,0
898,50,0,0
898,51,0,0
898,52,0,0
898,53,0,0
898,54,0,0
898,55,0,0
898,56,0,0
898,57,0,0
898,58,0,0
898,59,0,0
898,60,0,0
898,61,0,0
898,62,0,0
898,63,0,0
898,64,0,0
898,65,0,0
898,66,0,0
898,67,0,0
898,68,0,0
898,69,0,0
898,70,0,0
898,71,0,0
898,72,0,0
898,73,0,0
898,74,0,0
898,75,0,0
898,76,0,0
898,77,0,0
898,78,0,0
898,79,0,0
898,80,0,0
899,1,30,530
899,2,45,737
899,3,2,9
899,4,6,278
899,5,0,56
899,6,0,1
899,7,0,2
899,8,9,373
899,9,9,379
899,10,0,0
899,11,0,0
899,12,0,0
899,13,0,0
899,14,0,0
899,15,0,0
899,16,0,0
899,17,0,0
899,18,0,0
899,19,0,0
899,20,0,0
899,21,0,0
899,22,0,0
899,23,0,0
899,24,0,0
899,25,0,0
899,26,0,0
899,27,0,0
899,28,0,0
899,29,0,0
899,30,0,0
899,31,0,0
899,32,0,0
899,33,0,0
899,34,0,0
899,35,0,0
899,36,0,0
899,37,0,0
899,38,0,0
899,39,0,0
899,40,0,0
899,41,0,0
899,42,0,0
899,43,0,0
899,44,0,0
899,45,0,0
899,46,0,0
899,47,0,0
899,48,0,0
899,49,0,0
899,50,0,0
899,51,0,0
899,52,0,0
899,53,0,0
899,54,0,0
899,55,0,0
899,56,0,0
899,57,0,0
899,58,0,0
899,59,0,0
899,60,0,0
899,61,0,0
899,62,0,0
899,63,0,0
899,64,0,0
899,65,0,0
899,66,0,0
899,67,0,0
899,68,0,0
899,69,0,0
899,70,0,0
899,71,0,0
899,72,0,0
899,73,0,0
899,74,0,0
899,75,0,0
899,76,0,0
899,77,0,0
899,78,0,0
899,79,0,0
899,80,0,0
899,81,0,0
899,82,0,0
899,83,0,0
899,84,0,0
899,85,0,0
899,86,0,0
899,87,0,0
899,88,0,0
899,89,0,0
899,90,0,0
899,91,0,0
899,92,0,0
899,93,0,0
899,94,0,0
899,95,0,0
899,96,0,0
899,97,0,0
899,98,0,0
899,99,0,0
899,100,0,0
899,101,0,0
899,102,0,0
899,103,0,0
899,104,0,0
899,105,0,0
899,106,0,0
899,107,0,0
899,108,0,0
899,109,0,0
899,110,0,0
899,111,0,0
899,112,0,0
899,113,0,0
899,114,0,0
899,115,0,0
899,116,0,0
899,117,0,0
899,118,0,0
899,119,0,0
899,120,0,0
899,121,0,0
899,122,0,0
899,123,0,0
899,124,0,0
899,125,0,0
899,126,0,0
899,127,0,0
899,128,0,0
899,129,0,0
899,130,0,0
899,131,0,0
899,132,0,0
899,133,0,0
899,134,0,0
899,135,0,0
899,136,0,0
899,137,0,0
899,138,0,0
899,139,0,0
899,140,0,0
899,141,0,0
899,142,0,0
899,143,0,0
899,144,0,0
899,145,0,0
899,146,0,0
899,147,0,0
899,148,0,0
899,149,0,0
899,150,0,0
899,151,0,0
899,152,0,0
899,153,0,0
899,154,0,0
899,155,0,0
899,156,0,0
899,157,0,0
899,158,0,0
899,159,0,0
899,160,0,0
899,161,0,0
899,162,0,0
899,163,0,0
899,164,0,0
899,165,0,0
899,166,0,0
899,167,0,0
899,168,0,0
899,169,0,0
899,170,0,0
899,171,0,0
899,172,0,0
899,173,0,0
899,174,0,0
899,175,0,0
899,176,0,0
899,177,0,0
899,178,0,0
899,179,0,0
899,180,0,0
899,181,0,0
899,182,0,0
899,183,0,0
899,184,0,0
899,185,0,0
899,186,0,0
899,187,0,0
899,188,0,0
899,189,0,0
899,190,0,0
900,1,20,0
900,2,3,0
900,3,1,0
900,4,0,0
900,5,0,0
900,6,2,0
900,7,17,0
900,8,1,0
900,9,0,0
900,10,0,0
900,11,0,0
900,12,0,0
900,13,0,0
900,14,0,0
900,15,0,0
900,16,0,0
900,17,0,0
900,18,0,0
900,19,9,0
900,20,0,0
900,21,0,0
900,22,0,0
900,23,2,0
900,24,0,0
900,25,0,0
900,26,2,0
900,27,20,0
900,28,0,0
900,29,0,0
900,30,0,0
900,31,0,0
900,32,0,0
900,33,0,0
900,34,0,0
900,35,0,0
900,36,0,0
900,37,0,0
900,38,0,0
900,39,0,0
900,40,0,0
900,41,0,0
900,42,0,0
900,43,0,0
900,44,0,0
900,45,0,0
900,46,0,0
900,47,0,0
900,48,0,0
900,49,0,0
900,50,0,0
900,51,0,0
900,52,0,0
900,53,0,0
900,54,0,0
900,55,0,0
900,56,0,0
900,57,0,0
900,58,0,0
900,59,0,0
900,60,0,0
900,61,0,0
900,62,0,0
900,63,0,0
900,64,0,0
900,65,0,0
900,66,0,0
900,67,0,0
900,68,0,0
900,69,0,0
900,70,0,0
900,71,0,0
900,72,0,0
900,73,0,0
900,74,0,0
900,75,0,0
900,76,0,0
900,77,0,0
900,78,0,0
900,79,0,0
900,80,0,0
900,81,0,0
900,82,0,0
900,83,0,0
900,84,0,0
900,85,0,0
900,86,0,0
900,87,0,0
900,88,0,0
900,89,0,0
900,90,0,0
900,91,0,0
900,92,0,0
900,93,0,0
900,94,0,0
900,95,0,0
900,96,0,0
900,97,0,0
900,98,0,0
900,99,0,0
900,100,0,0
900,101,0,0
900,102,0,0
900,103,0,0
900,104,0,0
900,105,0,0
900,106,0,0
900,107,0,0
900,108,0,0
900,109,0,0
900,110,0,0
900,111,0,0
900,112,0,0
900,113,0,0
900,114,0,0
900,115,0,0
900,116,0,0
900,117,0,0
900,118,0,0
900,119,0,0
900,120,0,0
900,121,0,0
900,122,0,0
900,123,0,0
900,124,0,0
900,125,0,0
900,126,0,0
900,127,0,0
900,128,0,0
900,129,0,0
900,130,0,0
900,131,0,0
900,132,0,0
900,133,0,0
900,134,0,0
900,135,0,0
900,136,0,0
900,137,0,0
900,138,0,0
900,139,0,0
900,140,0,0
900,141,0,0
900,142,0,0
900,143,0,0
900,144,0,0
900,145,0,0
900,146,0,0
900,147,0,0
900,148,0,0
900,149,0,0
900,150,0,0
900,151,0,0
900,152,0,0
900,153,0,0
900,154,0,0
900,155,0,0
900,156,0,0
900,157,0,0
900,158,0,0
900,159,0,0
900,160,0,0
900,161,0,0
900,162,0,0
900,163,0,0
900,164,0,0
900,165,0,0
900,166,0,0
900,167,0,0
900,168,0,0
900,169,0,0
900,170,0,0
900,171,0,0
900,172,0,0
900,173,0,0
900,174,0,0
900,175,0,0
900,176,0,0
900,177,0,0
900,178,0,0
900,179,0,0
900,180,0,0
900,181,0,0
900,182,0,0
900,183,0,0
900,184,0,0
900,185,0,0
900,186,0,0
900,187,0,0
900,188,0,0
900,189,0,0
900,190,0,0
900,191,0,0
900,192,0,0
900,193,0,0
900,194,0,0
900,195,0,0
900,196,0,0
900,197,0,0
900,198,0,0
900,199,0,0
900,200,0,0
900,201,0,0
900,202,0,0
900,203,0,0
900,204,0,0
900,205,0,0
900,206,0,0
900,207,0,0
900,208,0,0
900,209,0,0
900,210,0,0
900,211,0,0
900,212,0,0
900,213,0,0
900,214,0,0
900,215,0,0
900,216,0,0
900,217,0,0
900,218,0,0
900,219,0,0
900,220,0,0
900,221,0,0
900,222,0,0
900,223,0,0
900,224,0,0
900,225,0,0
900,226,0,0
900,227,0,0
901,1,0,0
901,2,0,0
901,3,0,0
901,4,0,0
902,1,0,0
902,2,0,0
902,3,0,0
902,4,0,0
902,5,0,0
902,6,0,0
902,7,0,0
902,8,0,0
902,9,0,0
902,10,0,0
902,11,0,0
902,12,0,0
902,13,0,0
902,14,0,0
902,15,0,0
902,16,0,0
902,17,0,0
902,18,0,0
902,19,0,0
902,20,0,0
902,21,0,0
902,22,0,0
902,23,0,0
902,24,0,0
902,25,0,0
902,26,0,0
902,27,0,0
902,28,0,0
902,29,0,0
902,30,0,0
902,31,0,0
902,32,0,0
902,33,0,0
902,34,0,0
902,35,0,0
902,36,0,0
902,37,0,0
902,38,0,0
902,39,0,0
902,40,0,0
902,41,0,0
902,42,0,0
902,43,0,0
902,44,0,0
902,45,0,0
902,46,0,0
902,47,0,0
902,48,0,0
902,49,0,0
902,50,0,0
902,51,0,0
902,52,0,0
902,53,0,0
902,54,0,0
902,55,0,0
902,56,0,0
902,57,0,0
902,58,0,0
902,59,0,0
902,60,0,0
902,61,0,0
902,62,0,0
902,63,0,0
902,64,0,0
902,65,0,0
902,66,0,0
902,67,0,0
902,68,0,0
902,69,0,0
902,70,0,0
902,71,0,0
902,72,0,0
902,73,0,0
902,74,0,0
902,75,0,0
902,76,0,0
902,77,0,0
902,78,0,0
902,79,0,0
902,80,0,0
902,81,0,0
902,82,0,0
902,83,0,0
902,84,0,0
902,85,0,0
902,86,0,0
902,87,0,0
902,88,0,0
902,89,0,0
902,90,0,0
902,91,0,0
902,92,0,0
902,93,0,0
902,94,0,0
902,95,0,0
902,96,0,0
902,97,0,0
902,98,0,0
902,99,0,0
902,100,0,0
902,101,0,0
902,102,0,0
902,103,0,0
902,104,0,0
902,105,0,0
902,106,0,0
902,107,0,0
902,108,0,0
902,109,0,0
902,110,0,0
902,111,0,0
902,112,0,0
902,113,0,0
902,114,0,0
902,115,0,0
902,116,0,0
902,117,0,0
902,118,0,0
902,119,0,0
902,120,0,0
902,121,0,0
902,122,0,0
902,123,0,0
902,124,0,0
902,125,0,0
902,126,0,0
902,127,0,0
902,128,0,0
902,129,0,0
902,130,0,0
902,131,0,0
902,132,0,0
902,133,0,0
902,134,0,0
902,135,0,0
902,136,0,0
902,137,0,0
902,138,0,0
902,139,0,0
902,140,0,0
902,141,0,0
902,142,0,0
902,143,0,0
902,144,0,0
902,145,0,0
904,1,57,0
904,2,0,0
904,3,0,0
904,4,0,0
905,1,0,0
905,2,0,0
907,1,81,0
907,2,20,648
907,3,1,32
907,4,21,554
907,5,0,11
907,6,0,20
907,7,2,80
907,8,2,5
907,9,0,3
907,10,0,2
907,11,0,21
907,12,4,34
907,13,0,1
907,14,0,0
907,15,0,9
907,16,0,1
907,17,0,1
907,18,28,536
907,19,1,8
907,20,3,89
907,21,7,328
907,22,3,85
907,23,0,0
907,24,0,0
907,25,0,0
907,26,0,0
907,27,0,0
907,28,0,0
907,29,0,0
907,30,0,0
907,31,0,0
907,32,0,0
907,33,0,0
907,34,0,0
907,35,0,0
907,36,0,0
907,37,0,0
907,38,0,0
907,39,0,0
907,40,0,0
907,41,0,0
907,42,0,0
907,43,0,0
907,44,0,0
907,45,0,0
907,46,0,0
907,47,0,0
907,48,0,0
907,49,0,0
907,50,0,0
907,51,0,0
907,52,0,0
907,53,0,0
907,54,0,0
907,55,0,0
907,56,0,0
907,57,0,0
907,58,0,0
907,59,0,0
907,60,0,0
907,61,0,0
907,62,0,0
907,63,0,0
907,64,0,0
907,65,0,0
907,66,0,0
907,67,0,0
907,68,0,0
907,69,0,0
907,70,0,0
907,71,0,0
907,72,0,0
907,73,0,0
907,74,0,0
907,75,0,0
907,76,0,0
907,77,0,0
907,78,0,0
907,79,0,0
907,80,0,0
907,81,0,0
907,82,0,0
907,83,0,0
907,84,0,0
907,85,0,0
907,86,0,0
907,87,0,0
907,88,0,0
907,89,0,0
907,90,0,0
907,91,0,0
907,92,0,0
907,93,0,0
907,94,0,0
907,95,0,0
907,96,0,0
907,97,0,0
907,98,0,0
907,99,0,0
907,100,0,0
907,101,0,0
907,102,0,0
907,103,0,0
907,104,0,0
907,105,0,0
907,106,0,0
907,107,0,0
907,108,0,0
907,109,0,0
907,110,0,0
907,111,0,0
907,112,0,0
907,113,0,0
907,114,0,0
907,115,0,0
907,116,0,0
907,117,0,0
907,118,0,0
907,119,0,0
907,120,0,0
907,121,0,0
907,122,0,0
907,123,0,0
907,124,0,0
907,125,0,0
907,126,0,0
907,127,0,0
907,128,0,0
907,129,0,0
907,130,0,0
907,131,0,0
907,132,0,0
907,133,0,0
907,134,0,0
907,135,0,0
907,136,0,0
907,137,0,0
907,138,0,0
907,139,0,0
907,140,0,0
907,141,0,0
908,1,0,0
908,2,0,0
908,3,0,0
908,4,0,0
908,5,0,0
908,6,0,0
908,7,0,0
908,8,0,0
908,9,0,0
908,10,0,0
908,11,0,0
908,12,0,0
908,13,0,0
908,14,0,0
908,15,0,0
908,16,0,0
908,17,0,0
908,18,0,0
908,19,0,0
908,20,0,0
908,21,0,0
908,22,0,0
908,23,0,0
908,24,0,0
908,25,0,0
908,26,0,0
908,27,0,0
908,28,0,0
908,29,0,0
908,30,0,0
908,31,0,0
908,32,0,0
908,33,0,0
908,34,0,0
908,35,0,0
908,36,0,0
908,37,0,0
908,38,0,0
908,39,0,0
908,40,0,0
908,41,0,0
908,42,0,0
908,43,0,0
908,44,0,0
908,45,0,0
908,46,0,0
908,47,0,0
908,48,0,0
908,49,0,0
908,50,0,0
908,51,0,0
908,52,0,0
908,53,0,0
908,54,0,0
908,55,0,0
908,56,0,0
908,57,0,0
908,58,0,0
908,59,0,0
908,60,0,0
908,61,0,0
908,62,0,0
908,63,0,0
908,64,0,0
908,65,0,0
908,66,0,0
908,67,0,0
908,68,0,0
908,69,0,0
908,70,0,0
908,71,0,0
908,72,0,0
908,73,0,0
908,74,0,0
908,75,0,0
908,76,0,0
908,77,0,0
908,78,0,0
908,79,0,0
908,80,0,0
908,81,0,0
908,82,0,0
908,83,0,0
908,84,0,0
908,85,0,0
908,86,0,0
908,87,0,0
908,88,0,0
908,89,0,0
908,90,0,0
908,91,0,0
908,92,0,0
908,93,0,0
908,94,0,0
908,95,0,0
908,96,0,0
908,97,0,0
908,98,0,0
908,99,0,0
908,100,0,0
908,101,0,0
908,102,0,0
908,103,0,0
908,104,0,0
908,105,0,0
908,106,0,0
908,107,0,0
908,108,0,0
908,109,0,0
908,110,0,0
908,111,0,0
908,112,0,0
908,113,0,0
908,114,0,0
908,115,0,0
908,116,0,0
908,117,0,0
908,118,0,0
908,119,0,0
908,120,0,0
908,121,0,0
908,122,0,0
908,123,0,0
908,124,0,0
908,125,0,0
908,126,0,0
908,127,0,0
908,128,0,0
908,129,0,0
908,130,0,0
908,131,0,0
908,132,0,0
908,133,0,0
908,134,0,0
908,135,0,0
908,136,0,0
908,137,0,0
908,138,0,0
908,139,0,0
908,140,0,0
908,141,0,0
908,142,0,0
908,143,0,0
908,144,0,0
908,145,0,0
908,146,0,0
908,147,0,0
908,148,0,0
908,149,0,0
908,150,0,0
908,151,0,0
908,152,0,0
908,153,0,0
908,154,0,0
908,155,0,0
908,156,0,0
908,157,0,0
908,158,0,0
908,159,0,0
908,160,0,0
908,161,0,0
908,162,0,0
908,163,0,0
908,164,0,0
908,165,0,0
908,166,0,0
908,167,0,0
908,168,0,0
908,169,0,0
908,170,0,0
908,171,0,0
908,172,0,0
908,173,0,0
908,174,0,0
908,175,0,0
908,176,0,0
908,177,0,0
908,178,0,0
908,179,0,0
908,180,0,0
908,181,0,0
908,182,0,0
908,183,0,0
908,184,0,0
908,185,0,0
908,186,0,0
908,187,0,0
908,188,0,0
908,189,0,0
908,190,0,0
908,191,0,0
908,192,0,0
908,193,0,0
909,1,20,0
909,2,36,0
909,3,23,0
909,4,0,0
911,1,0,0
911,2,0,0
911,3,0,0
911,4,0,0
911,5,0,0
911,6,0,0
911,7,0,0
911,8,0,0
911,9,0,0
911,10,0,0
911,11,0,0
911,12,0,0
911,13,0,0
911,14,0,0
911,15,0,0
911,16,0,0
911,17,0,0
911,18,0,0
911,19,0,0
911,20,0,0
911,21,0,0
911,22,0,0
911,23,0,0
911,24,0,0
911,25,0,0
911,26,0,0
911,27,0,0
911,28,0,0
911,29,0,0
911,30,0,0
911,31,0,0
911,32,0,0
911,33,0,0
911,34,0,0
911,35,0,0
911,36,0,0
911,37,0,0
911,38,0,0
911,39,0,0
911,40,0,0
911,41,0,0
911,42,0,0
911,43,0,0
911,44,0,0
911,45,0,0
911,46,0,0
911,47,0,0
911,48,0,0
911,49,0,0
911,50,0,0
911,51,0,0
911,52,0,0
911,53,0,0
911,54,0,0
911,55,0,0
911,56,0,0
911,57,0,0
911,58,0,0
911,59,0,0
911,60,0,0
912,1,0,0
912,2,0,0
912,3,0,0
912,4,0,0
912,5,0,0
912,6,0,0
912,7,0,0
912,8,0,0
912,9,0,0
912,10,0,0
912,11,0,0
912,12,0,0
912,13,0,0
912,14,0,0
912,15,0,0
912,16,0,0
912,17,0,0
912,18,0,0
912,19,0,0
912,20,0,0
912,21,0,0
912,22,0,0
912,23,1,0
912,24,0,0
912,25,22,0
913,1,0,0
913,2,0,0
914,1,56,860
914,2,14,151
914,3,1,16
914,4,0,19
914,5,17,804
914,6,0,3
914,7,0,5
914,8,0,3
914,9,1,4
914,10,0,3
914,11,8,87
914,12,3,12
914,13,0,2
914,14,0,3
914,15,0,20
914,16,0,3
914,17,1,11
914,18,3,58
914,19,1,2
914,20,1,12
914,21,1,20
914,22,2,13
914,23,21,540
914,24,0,7
914,25,0,5
914,26,3,79
914,27,1,1
914,28,2,88
914,29,1,25
914,30,22,813
916,1,0,0
916,2,0,0
916,3,0,0
916,4,0,0
916,5,0,0
916,6,0,0
916,7,0,0
916,8,0,0
916,9,0,0
916,10,0,0
916,11,0,0
916,12,0,0
916,13,0,0
916,14,0,0
916,15,0,0
916,16,0,0
916,17,0,0
916,18,0,0
916,19,0,0
916,20,0,0
916,21,0,0
916,22,0,0
916,23,0,0
918,1,0,0
918,2,0,0
918,3,0,0
918,4,0,0
918,5,0,0
918,6,0,0
918,7,0,0
918,8,0,0
918,9,0,0
918,10,0,0
918,11,0,0
918,12,0,0
918,13,0,0
918,14,0,0
918,15,0,0
918,16,0,0
918,17,0,0
918,18,0,0
918,19,0,0
918,20,0,0
918,21,0,0
918,22,0,0
918,23,0,0
918,24,0,0
918,25,0,0
918,26,0,0
918,27,0,0
918,28,0,0
918,29,0,0
918,30,0,0
918,31,0,0
918,32,0,0
918,33,0,0
918,34,0,0
918,35,0,0
918,36,0,0
918,37,0,0
918,38,0,0
918,39,0,0
918,40,0,0
918,41,0,0
918,42,0,0
918,43,0,0
918,44,0,0
918,45,0,0
918,46,0,0
918,47,0,0
918,48,0,0
918,49,0,0
918,50,0,0
918,51,0,0
918,52,0,0
918,53,0,0
918,54,0,0
918,55,0,0
918,56,7,115
918,57,0,0
918,58,0,0
918,59,13,297
918,60,1,44
918,61,21,361
918,62,0,0
918,63,0,0
918,64,0,0
918,65,0,0
918,66,0,0
918,67,0,0
918,68,0,0
918,69,0,0
918,70,0,0
918,71,0,0
918,72,0,0
918,73,0,0
918,74,0,0
918,75,0,0
918,76,0,0
918,77,0,0
918,78,0,0
918,79,0,0
918,80,0,0
918,81,0,0
919,1,0,0
919,2,0,0
919,3,0,0
919,4,0,0
919,5,0,0
919,6,0,0
919,7,0,0
919,8,0,0
919,9,0,0
919,10,0,0
919,11,0,0
919,12,0,0
919,13,0,0
919,14,0,0
919,15,0,0
919,16,0,0
919,17,0,0
919,18,0,0
919,19,0,0
919,20,0,0
919,21,0,0
919,22,0,0
919,23,0,0
919,24,0,0
919,25,0,0
919,26,0,0
919,27,0,0
919,28,0,0
919,29,0,0
919,30,0,0
919,31,0,0
919,32,0,0
919,33,0,0
919,34,0,0
919,35,0,0
919,36,0,0
919,37,0,0
919,38,0,0
919,39,0,0
919,40,0,0
919,41,0,0
919,42,0,0
919,43,0,0
919,44,0,0
919,45,0,0
919,46,0,0
919,47,0,0
919,48,0,0
919,49,0,0
919,50,0,0
919,51,0,0
919,52,0,0
919,53,0,0
919,54,0,0
919,55,0,0
919,56,0,0
919,57,0,0
919,58,0,0
919,59,0,0
919,60,0,0
919,61,0,0
919,62,0,0
919,63,0,0
919,64,0,0
919,65,0,0
919,66,0,0
919,67,0,0
919,68,0,0
919,69,0,0
919,70,0,0
919,71,0,0
919,72,0,0
919,73,0,0
919,74,0,0
919,75,0,0
919,76,0,0
919,77,0,0
919,78,0,0
919,79,0,0
919,80,0,0
919,81,0,0
919,82,0,0
919,83,0,0
919,84,0,0
920,1,0,0
920,2,0,0
920,3,0,0
920,4,0,0
920,5,0,0
920,6,0,0
920,7,0,0
920,8,0,0
920,9,0,0
920,10,0,0
920,11,0,0
920,12,0,0
920,13,0,0
920,14,0,0
920,15,0,0
920,16,0,0
920,17,0,0
920,18,0,0
920,19,0,0
920,20,0,0
920,21,0,0
920,22,0,0
920,23,0,0
920,24,0,0
920,25,0,0
920,26,0,0
920,27,0,0
920,28,0,0
920,29,0,0
920,30,0,0
920,31,0,0
920,32,0,0
920,33,0,0
920,34,0,0
920,35,0,0
920,36,0,0
920,37,0,0
920,38,0,0
920,39,0,0
920,40,0,0
920,41,0,0
920,42,0,0
920,43,0,0
920,44,0,0
920,45,0,0
920,46,0,0
920,47,0,0
920,48,0,0
920,49,0,0
920,50,0,0
920,51,0,0
920,52,0,0
920,53,0,0
920,54,0,0
920,55,0,0
920,56,0,0
920,57,0,0
920,58,0,0
920,59,0,0
920,60,0,0
920,61,0,0
920,62,0,0
920,63,0,0
920,64,0,0
920,65,0,0
921,1,3,0
921,2,20,0
921,3,5,0
921,4,21,0
921,5,0,0
921,6,0,0
921,7,0,0
921,8,0,0
921,9,0,0
921,10,19,0
921,11,0,0
921,12,0,0
921,13,0,0
921,14,0,0
921,15,0,0
921,16,0,0
921,17,0,0
921,18,0,0
921,19,0,0
921,20,4,0
921,21,6,0
921,22,0,0
921,23,0,0
921,24,1,0
921,25,1,0
921,26,0,0
921,27,2,0
921,28,1,0
921,29,1,0
921,30,1,0
921,31,0,0
921,32,0,0
921,33,0,0
921,34,0,0
921,35,1,0
921,36,0,0
921,37,0,0
921,38,0,0
921,39,0,0
921,40,1,0
921,41,2,0
921,42,0,0
921,43,2,0
921,44,0,0
921,45,0,0
921,46,0,0
921,47,0,0
921,48,0,0
921,49,7,0
921,50,14,0
921,51,0,0
921,52,1,0
921,53,0,0
921,54,0,0
921,55,9,0
921,56,0,0
921,57,7,0
921,58,7,0
